# Blender 4.3.1
# www.blender.org
o Icosphere
v -0.008191 -0.980470 0.000387
v 0.733597 -0.454777 0.531767
v -0.343773 -0.500926 0.926578
v -1.030051 -0.511235 0.007360
v -0.275835 -0.451564 -0.866214
v 0.739790 -0.458009 -0.537378
v 0.276564 0.448160 0.850896
v -0.769422 0.501369 0.553432
v -0.775478 0.525130 -0.565686
v 0.275003 0.449691 -0.852820
v 1.001627 0.506906 0.004880
v 0.008555 1.141012 0.004288
v -0.334647 -0.547678 0.903269
v -0.320503 -0.599428 0.868237
v -0.301898 -0.651028 0.825056
v -0.280826 -0.702278 0.773788
v -0.258224 -0.749196 0.711608
v -0.233473 -0.787633 0.640340
v -0.206700 -0.817031 0.565863
v -0.179136 -0.840772 0.492148
v -0.153400 -0.863276 0.422907
v -0.129984 -0.887721 0.357425
v -0.107453 -0.918655 0.294738
v -0.084765 -0.942813 0.231757
v -0.062525 -0.961520 0.169818
v -0.041796 -0.975848 0.110354
v -0.023639 -0.981785 0.053568
v 0.034982 -0.969873 0.033139
v 0.079200 -0.952890 0.066260
v 0.118698 -0.918178 0.096853
v 0.156816 -0.870349 0.127633
v 0.199679 -0.820684 0.154587
v 0.251833 -0.775131 0.179762
v 0.313767 -0.735025 0.207950
v 0.381130 -0.702841 0.247777
v 0.443665 -0.699195 0.299391
v 0.505787 -0.693530 0.350932
v 0.565160 -0.684165 0.400700
v 0.618499 -0.660966 0.444929
v 0.660283 -0.615941 0.477146
v 0.691441 -0.563261 0.500151
v 0.715158 -0.508683 0.517829
v 0.689666 -0.466945 0.568329
v 0.641138 -0.478951 0.605691
v 0.588273 -0.490598 0.643433
v 0.530853 -0.500743 0.679833
v 0.458457 -0.487257 0.686600
v 0.377394 -0.463657 0.682557
v 0.295871 -0.442183 0.680962
v 0.212589 -0.418168 0.653500
v 0.124040 -0.410171 0.644385
v 0.038364 -0.433983 0.696859
v -0.045230 -0.448211 0.727673
v -0.121761 -0.467048 0.761295
v -0.191217 -0.486159 0.798567
v -0.249438 -0.498755 0.841225
v -0.299582 -0.503041 0.890051
v 0.781101 -0.484400 -0.498511
v 0.824181 -0.512208 -0.454023
v 0.866300 -0.540633 -0.400636
v 0.907520 -0.570089 -0.338940
v 0.947442 -0.599824 -0.269969
v 0.986556 -0.630928 -0.192948
v 1.009116 -0.653637 -0.100997
v 1.004050 -0.655539 0.002453
v 0.988091 -0.644216 0.099746
v 0.961109 -0.622718 0.188034
v 0.925166 -0.594677 0.265699
v 0.882603 -0.561398 0.330008
v 0.839100 -0.528149 0.385027
v 0.799993 -0.499718 0.436584
v 0.765792 -0.476142 0.486051
v 0.032340 -0.967094 -0.031652
v 0.071321 -0.941842 -0.062695
v 0.105414 -0.893428 -0.087434
v 0.141881 -0.834752 -0.112011
v 0.185757 -0.778189 -0.141313
v 0.239207 -0.728783 -0.178507
v 0.304975 -0.697353 -0.228558
v 0.378924 -0.719900 -0.275653
v 0.447579 -0.720549 -0.317836
v 0.509704 -0.712810 -0.362052
v 0.562243 -0.692033 -0.403203
v 0.607504 -0.651679 -0.438008
v 0.653366 -0.609382 -0.473008
v 0.692783 -0.562350 -0.502937
v 0.721818 -0.511840 -0.524728
v -0.962599 -0.548788 0.005660
v -0.861671 -0.571624 -0.000025
v -0.799039 -0.614648 -0.004562
v -0.755701 -0.671642 -0.005942
v -0.705747 -0.723155 -0.005396
v -0.650037 -0.768353 -0.003025
v -0.589946 -0.810309 -0.000119
v -0.526190 -0.853038 0.000966
v -0.459296 -0.891987 0.001363
v -0.390412 -0.924782 0.001550
v -0.320805 -0.951020 0.001475
v -0.251780 -0.970578 0.001154
v -0.184724 -0.983285 0.000700
v -0.121025 -0.989008 0.000296
v -0.061904 -0.987880 0.000141
v -0.382594 -0.523544 0.938555
v -0.430462 -0.547576 0.938615
v -0.482347 -0.572765 0.926187
v -0.536988 -0.600571 0.902940
v -0.594139 -0.631275 0.869267
v -0.654300 -0.663369 0.823822
v -0.719917 -0.694418 0.764078
v -0.804317 -0.722851 0.688041
v -0.915039 -0.718671 0.583848
v -1.042495 -0.703631 0.486659
v -1.124563 -0.707891 0.404432
v -1.178308 -0.702454 0.319544
v -1.201042 -0.679918 0.231463
v -1.194733 -0.644485 0.147533
v -1.155010 -0.595852 0.071452
v -0.267690 -0.503281 -0.837458
v -0.258193 -0.554992 -0.801439
v -0.247045 -0.606202 -0.760245
v -0.233995 -0.657062 -0.715856
v -0.219196 -0.707231 -0.666970
v -0.202580 -0.756594 -0.614516
v -0.184504 -0.802679 -0.557524
v -0.165245 -0.844379 -0.496769
v -0.145224 -0.880235 -0.432932
v -0.124970 -0.909162 -0.366950
v -0.104798 -0.931755 -0.300287
v -0.084634 -0.949963 -0.234627
v -0.064505 -0.964527 -0.171146
v -0.044816 -0.974804 -0.110467
v -0.025972 -0.980168 -0.053106
v -0.884942 -0.462445 -0.054976
v -0.961696 -0.521217 -0.129622
v -1.066731 -0.595812 -0.216142
v -1.090051 -0.638067 -0.302514
v -1.085347 -0.670620 -0.391528
v -1.055814 -0.693799 -0.481520
v -0.998008 -0.701469 -0.569081
v -0.904072 -0.684643 -0.638686
v -0.777228 -0.663466 -0.696616
v -0.664590 -0.641706 -0.750719
v -0.568537 -0.606843 -0.789180
v -0.494695 -0.569153 -0.819238
v -0.434902 -0.536559 -0.845025
v -0.377688 -0.505699 -0.857876
v -0.324525 -0.477374 -0.863242
v -0.223271 -0.459996 -0.855984
v -0.169430 -0.468253 -0.848269
v -0.122793 -0.467527 -0.821465
v -0.076601 -0.459982 -0.779297
v -0.025269 -0.447857 -0.732645
v 0.037014 -0.432355 -0.691373
v 0.113017 -0.414105 -0.664141
v 0.206203 -0.446417 -0.687749
v 0.287032 -0.459185 -0.686445
v 0.367418 -0.472524 -0.683693
v 0.451944 -0.492394 -0.687699
v 0.531460 -0.502936 -0.681836
v 0.587897 -0.490421 -0.643319
v 0.639424 -0.477629 -0.604726
v 0.690320 -0.466920 -0.569621
v 1.022574 0.468928 0.037738
v 1.031018 0.412088 0.078600
v 1.019662 0.343220 0.119958
v 1.008264 0.276532 0.158703
v 1.007268 0.214137 0.197568
v 0.948320 0.147021 0.221959
v 0.855918 0.062833 0.242916
v 0.965175 0.007874 0.311898
v 0.943931 -0.061485 0.348370
v 0.917499 -0.128690 0.382239
v 0.886604 -0.191440 0.411995
v 0.844803 -0.248919 0.433481
v 0.825766 -0.308055 0.466824
v 0.800870 -0.362725 0.494483
v 0.768422 -0.411544 0.515181
v 0.774994 -0.414921 -0.519695
v 0.805700 -0.364814 -0.495998
v 0.835569 -0.310849 -0.470905
v 0.864280 -0.253360 -0.444192
v 0.890396 -0.192414 -0.414149
v 0.915098 -0.129893 -0.381737
v 0.935719 -0.065522 -0.346607
v 0.949546 -0.000566 -0.308804
v 0.882846 0.037739 -0.254447
v 0.903517 0.121225 -0.206473
v 0.970645 0.198586 -0.183209
v 0.979720 0.262559 -0.142598
v 0.986826 0.326892 -0.103418
v 1.009273 0.400452 -0.067317
v 1.013102 0.463812 -0.028052
v 0.250091 0.404729 0.879640
v 0.221089 0.357741 0.907271
v 0.189428 0.306520 0.932814
v 0.155221 0.251484 0.956595
v 0.118783 0.194530 0.983795
v 0.080268 0.134078 0.998190
v 0.039829 0.070449 0.988291
v -0.003756 0.005505 0.968690
v -0.050945 -0.061239 0.947550
v -0.105030 -0.131377 0.934177
v -0.161023 -0.200892 0.920801
v -0.218159 -0.266101 0.893085
v -0.268626 -0.329375 0.875487
v -0.300620 -0.393515 0.898251
v -0.324742 -0.453282 0.919374
v 0.723926 -0.408021 0.567449
v 0.713473 -0.358712 0.604856
v 0.701558 -0.306515 0.643323
v 0.687159 -0.251152 0.681715
v 0.668639 -0.192062 0.718356
v 0.645839 -0.129893 0.752342
v 0.618798 -0.065517 0.782799
v 0.587778 0.000018 0.808974
v 0.553265 0.065554 0.830342
v 0.515933 0.129925 0.846644
v 0.476570 0.192079 0.857857
v 0.436005 0.251157 0.864177
v 0.395043 0.306516 0.866018
v 0.354409 0.357742 0.863953
v 0.314736 0.404816 0.858663
v -0.800059 0.451459 0.534181
v -0.829440 0.396185 0.511463
v -0.856964 0.336099 0.485115
v -0.883484 0.273299 0.456186
v -0.912834 0.214297 0.426140
v -0.958090 0.174953 0.398190
v -1.019337 0.152482 0.370222
v -1.089412 0.134237 0.331485
v -1.194216 0.081790 0.294380
v -1.252945 -0.100177 0.263915
v -1.298863 -0.253191 0.230479
v -1.315161 -0.344203 0.183598
v -1.297367 -0.421555 0.134925
v -1.251039 -0.480855 0.088217
v -1.176938 -0.518445 0.044860
v -0.374921 -0.466624 0.952092
v -0.411456 -0.421132 0.973153
v -0.449270 -0.366996 0.984835
v -0.486608 -0.304523 0.985966
v -0.522430 -0.234030 0.977082
v -0.556617 -0.156773 0.958261
v -0.589365 -0.076159 0.928281
v -0.620184 0.003079 0.887206
v -0.647768 0.077201 0.838513
v -0.671225 0.144873 0.788307
v -0.691794 0.208195 0.743052
v -0.711546 0.271239 0.703567
v -0.730706 0.333913 0.666702
v -0.746571 0.393703 0.629046
v -0.759098 0.449449 0.591046
v -0.761368 0.468728 -0.599825
v -0.744356 0.407742 -0.633571
v -0.725094 0.343684 -0.667180
v -0.707943 0.282733 -0.705881
v -0.691418 0.223348 -0.748864
v -0.676080 0.165213 -0.799380
v -0.657577 0.104188 -0.852293
v -0.628917 0.035881 -0.895835
v -0.589680 -0.037979 -0.924577
v -0.543772 -0.113481 -0.938948
v -0.494704 -0.186317 -0.939640
v -0.446646 -0.252348 -0.933696
v -0.398928 -0.312755 -0.922217
v -0.354089 -0.366115 -0.905409
v -0.313474 -0.412135 -0.887610
v -0.978526 -0.432612 -0.030987
v -0.931188 -0.357738 -0.070089
v -0.945709 -0.306512 -0.108095
v -0.957935 -0.250891 -0.146993
v -0.984159 -0.188086 -0.180973
v -1.048096 -0.109756 -0.210968
v -1.103581 -0.022625 -0.252631
v -1.099782 0.057429 -0.309252
v -1.050989 0.120371 -0.360495
v -0.983846 0.170650 -0.399431
v -0.926197 0.221476 -0.428185
v -0.881694 0.277101 -0.455419
v -0.851850 0.341189 -0.485772
v -0.827561 0.407166 -0.515625
v -0.802035 0.468751 -0.542323
v 0.314167 0.405601 -0.859460
v 0.354351 0.357845 -0.864044
v 0.395044 0.306515 -0.866019
v 0.436007 0.251152 -0.864188
v 0.476577 0.192062 -0.857897
v 0.515946 0.129894 -0.846716
v 0.553278 0.065522 -0.830416
v 0.587786 -0.000000 -0.809017
v 0.618801 -0.065522 -0.782811
v 0.645687 -0.129859 -0.752200
v 0.667224 -0.191734 -0.717047
v 0.685637 -0.250791 -0.680332
v 0.701081 -0.306400 -0.642903
v 0.712612 -0.358063 -0.604205
v 0.724856 -0.408259 -0.568348
v -0.250628 -0.404347 -0.884400
v -0.222952 -0.355109 -0.904029
v -0.192199 -0.302491 -0.925570
v -0.158325 -0.246772 -0.947127
v -0.121362 -0.188120 -0.966929
v -0.081922 -0.127127 -0.983771
v -0.041275 -0.064153 -0.994874
v -0.000235 0.000509 -0.999511
v 0.042540 0.068145 -1.015104
v 0.088933 0.138670 -1.044163
v 0.137448 0.210577 -1.065827
v 0.174370 0.276961 -1.048120
v 0.197552 0.320378 -0.973519
v 0.220369 0.360787 -0.911974
v 0.248787 0.406943 -0.881637
v 0.994371 0.520409 0.057456
v 0.978805 0.532855 0.121590
v 0.955736 0.543356 0.189383
v 0.925154 0.552047 0.258482
v 0.886767 0.557940 0.327324
v 0.840186 0.559388 0.394058
v 0.784148 0.554728 0.455251
v 0.720662 0.545997 0.510086
v 0.659551 0.537976 0.565846
v 0.600235 0.529122 0.620844
v 0.541378 0.518299 0.671554
v 0.484820 0.506415 0.717647
v 0.430781 0.493714 0.758782
v 0.377641 0.479437 0.794503
v 0.326049 0.464087 0.825070
v 0.221205 0.463844 0.859100
v 0.160766 0.479506 0.865213
v 0.095408 0.494741 0.868627
v 0.025581 0.509050 0.868691
v -0.048177 0.522577 0.865732
v -0.125089 0.534684 0.858495
v -0.203415 0.543268 0.844106
v -0.282587 0.551132 0.827397
v -0.360632 0.556444 0.806190
v -0.436093 0.558620 0.779945
v -0.507316 0.557169 0.749018
v -0.572893 0.551900 0.713993
v -0.631864 0.542983 0.675749
v -0.684041 0.531118 0.635456
v -0.729771 0.517064 0.594387
v -0.797461 0.521968 0.502473
v -0.824595 0.541988 0.446128
v -0.850422 0.561195 0.384153
v -0.874071 0.578939 0.316502
v -0.893994 0.594113 0.243422
v -0.909337 0.606344 0.165352
v -0.919251 0.614944 0.083505
v -0.923148 0.619424 -0.000606
v -0.921066 0.620008 -0.085577
v -0.913036 0.616471 -0.169215
v -0.899512 0.608940 -0.249454
v -0.881266 0.597848 -0.324668
v -0.858726 0.583167 -0.394302
v -0.832838 0.565534 -0.457811
v -0.804739 0.545884 -0.514913
v -0.737741 0.544601 -0.608836
v -0.693936 0.562114 -0.651967
v -0.643508 0.576702 -0.694116
v -0.586237 0.587529 -0.734133
v -0.522276 0.593917 -0.770797
v -0.452270 0.595517 -0.802970
v -0.377269 0.592279 -0.829774
v -0.298434 0.584171 -0.850714
v -0.217656 0.572089 -0.865773
v -0.137006 0.557267 -0.875341
v -0.057954 0.540338 -0.879903
v 0.018331 0.522946 -0.882297
v 0.090386 0.505701 -0.882026
v 0.156973 0.486182 -0.873268
v 0.218506 0.467178 -0.862717
v 0.324891 0.463970 -0.825977
v 0.376789 0.477691 -0.794479
v 0.430089 0.490594 -0.758052
v 0.484017 0.502559 -0.716592
v 0.537508 0.512753 -0.670011
v 0.593068 0.522586 -0.621107
v 0.650201 0.532280 -0.568852
v 0.704782 0.539553 -0.511015
v 0.755067 0.542760 -0.448033
v 0.801330 0.542975 -0.381472
v 0.843989 0.540965 -0.312930
v 0.883298 0.536689 -0.244026
v 0.919173 0.530318 -0.176139
v 0.951678 0.522554 -0.110130
v 0.980804 0.514544 -0.047199
v 0.031726 1.138266 0.063350
v 0.054561 1.130890 0.124976
v 0.076705 1.117672 0.188780
v 0.098027 1.097180 0.254289
v 0.118371 1.068346 0.320669
v 0.137778 1.030474 0.386939
v 0.156283 0.983836 0.451954
v 0.173921 0.929579 0.514511
v 0.190675 0.869555 0.573536
v 0.206407 0.806186 0.628192
v 0.221203 0.741756 0.677845
v 0.235042 0.678272 0.722216
v 0.247575 0.616330 0.761441
v 0.258724 0.557107 0.795750
v 0.268418 0.501134 0.825452
v 0.963534 0.544996 0.005627
v 0.906440 0.585935 0.006723
v 0.845507 0.632848 0.007924
v 0.791726 0.694082 0.008004
v 0.737128 0.758530 0.007068
v 0.677543 0.823656 0.006335
v 0.614168 0.887686 0.005972
v 0.548562 0.948052 0.006107
v 0.482461 1.002388 0.006838
v 0.416271 1.048520 0.007938
v 0.348637 1.084395 0.008784
v 0.280605 1.109470 0.009289
v 0.213097 1.124335 0.009351
v 0.145244 1.132744 0.008435
v 0.076772 1.137831 0.006640
v -0.047666 1.141281 0.039036
v -0.109442 1.137718 0.076812
v -0.176004 1.129284 0.117537
v -0.245969 1.114835 0.160862
v -0.317344 1.093271 0.206112
v -0.387671 1.063740 0.252327
v -0.454476 1.026160 0.298157
v -0.515628 0.981377 0.342108
v -0.569664 0.931115 0.382825
v -0.616170 0.876194 0.419611
v -0.655283 0.817137 0.452163
v -0.687660 0.754930 0.480245
v -0.714242 0.690648 0.503791
v -0.736330 0.626197 0.523514
v -0.754470 0.562720 0.539891
v -0.051070 1.142415 -0.034997
v -0.117170 1.141929 -0.078223
v -0.188754 1.138521 -0.124915
v -0.264004 1.130758 -0.174198
v -0.340337 1.117010 -0.224833
v -0.414715 1.095826 -0.275319
v -0.484140 1.066413 -0.324054
v -0.546214 1.029011 -0.369501
v -0.599814 0.983963 -0.410749
v -0.644861 0.931487 -0.447377
v -0.681822 0.871660 -0.479140
v -0.711440 0.805576 -0.505707
v -0.734531 0.735621 -0.527148
v -0.752150 0.664185 -0.543855
v -0.765438 0.593432 -0.556456
v 0.027123 1.138059 -0.053846
v 0.045706 1.129434 -0.115663
v 0.064289 1.113813 -0.180862
v 0.082641 1.090407 -0.248572
v 0.100924 1.058465 -0.317706
v 0.119252 1.018016 -0.386837
v 0.137637 0.969973 -0.454333
v 0.156314 0.915627 -0.518625
v 0.175070 0.857266 -0.578448
v 0.193391 0.796788 -0.633135
v 0.210894 0.734956 -0.682500
v 0.227167 0.673963 -0.726469
v 0.241736 0.614550 -0.765238
v 0.254608 0.556944 -0.798958
v 0.265747 0.502066 -0.828026
v 0.097582 1.132885 -0.052510
v 0.168140 1.125136 -0.051968
v 0.118274 1.121289 -0.115620
v 0.237955 1.113180 -0.052582
v 0.190776 1.109789 -0.116316
v 0.138546 1.101935 -0.182083
v 0.307359 1.093649 -0.054163
v 0.262496 1.093030 -0.118255
v 0.212785 1.085611 -0.184007
v 0.158388 1.073755 -0.251042
v 0.376871 1.063294 -0.055872
v 0.333446 1.068100 -0.121115
v 0.286172 1.063068 -0.186906
v 0.233956 1.051913 -0.253966
v 0.177655 1.036594 -0.321200
v 0.445471 1.021908 -0.057517
v 0.403961 1.032201 -0.123745
v 0.358299 1.032275 -0.190582
v 0.308527 1.023310 -0.257480
v 0.254141 1.008940 -0.324785
v 0.196487 0.990836 -0.390983
v 0.512214 0.970534 -0.058932
v 0.473024 0.985486 -0.125819
v 0.429304 0.991047 -0.193734
v 0.381434 0.986648 -0.261324
v 0.329333 0.974572 -0.328477
v 0.273254 0.957833 -0.394815
v 0.214954 0.937782 -0.458711
v 0.578560 0.911760 -0.059443
v 0.539739 0.929496 -0.127119
v 0.498313 0.939693 -0.195765
v 0.452411 0.940774 -0.264479
v 0.402439 0.932799 -0.331973
v 0.348480 0.918513 -0.398214
v 0.291382 0.900339 -0.462331
v 0.232940 0.879609 -0.522849
v 0.643521 0.848026 -0.058956
v 0.605420 0.867250 -0.127005
v 0.564351 0.880168 -0.196467
v 0.520860 0.885938 -0.265925
v 0.472941 0.883286 -0.334450
v 0.421161 0.872905 -0.400885
v 0.365918 0.857496 -0.465035
v 0.308491 0.838923 -0.525828
v 0.250453 0.818638 -0.582129
v 0.705356 0.781936 -0.057625
v 0.668854 0.801416 -0.125483
v 0.628506 0.815786 -0.195293
v 0.585680 0.824356 -0.265508
v 0.540364 0.826469 -0.334757
v 0.490722 0.821176 -0.402088
v 0.437582 0.809637 -0.466465
v 0.381698 0.794167 -0.527479
v 0.324369 0.776234 -0.584267
v 0.266994 0.756212 -0.636111
v 0.762562 0.716041 -0.055645
v 0.728367 0.734644 -0.122777
v 0.689654 0.749345 -0.192320
v 0.647577 0.759387 -0.262850
v 0.603697 0.764581 -0.332690
v 0.556708 0.764026 -0.400752
v 0.505735 0.757323 -0.465958
v 0.451759 0.745734 -0.527381
v 0.395663 0.730535 -0.584687
v 0.338604 0.712978 -0.637336
v 0.282035 0.693883 -0.684697
v 0.813755 0.653897 -0.054423
v 0.781936 0.669910 -0.119638
v 0.745890 0.683443 -0.187907
v 0.705794 0.693872 -0.258020
v 0.662818 0.700594 -0.328168
v 0.618297 0.703512 -0.396614
v 0.569934 0.701367 -0.462592
v 0.517982 0.693919 -0.525010
v 0.463481 0.682073 -0.583077
v 0.407446 0.667324 -0.636485
v 0.351101 0.650769 -0.684765
v 0.295539 0.633169 -0.727710
v 0.870847 0.603144 -0.054911
v 0.837303 0.616089 -0.118744
v 0.801309 0.626166 -0.184952
v 0.761487 0.633766 -0.252905
v 0.718901 0.639236 -0.321585
v 0.674789 0.642606 -0.389645
v 0.628854 0.642977 -0.455785
v 0.579563 0.639214 -0.519242
v 0.527220 0.631298 -0.578763
v 0.472727 0.619851 -0.633224
v 0.417134 0.606208 -0.682577
v 0.361652 0.590718 -0.726614
v 0.307199 0.574117 -0.765362
v 0.930654 0.559250 -0.053617
v 0.897157 0.570114 -0.117114
v 0.862164 0.578736 -0.182935
v 0.823644 0.585026 -0.250378
v 0.781571 0.588792 -0.318347
v 0.736617 0.590400 -0.385516
v 0.689188 0.589735 -0.450554
v 0.639100 0.585962 -0.512520
v 0.586885 0.579444 -0.571285
v 0.533755 0.571004 -0.626867
v 0.479570 0.560074 -0.677658
v 0.424645 0.547108 -0.723005
v 0.370119 0.532812 -0.763115
v 0.316946 0.517641 -0.798022
v -0.033990 1.137613 -0.097472
v -0.016751 1.126621 -0.163478
v -0.101742 1.134922 -0.145107
v 0.000856 1.107962 -0.232590
v -0.085793 1.121109 -0.215213
v -0.174891 1.128857 -0.196026
v 0.018749 1.080890 -0.303652
v -0.068886 1.098945 -0.287885
v -0.159890 1.111706 -0.269831
v -0.251286 1.117893 -0.249024
v 0.037023 1.045054 -0.375174
v -0.050902 1.067742 -0.361649
v -0.143083 1.085533 -0.345374
v -0.236566 1.096868 -0.325756
v -0.328014 1.100378 -0.302487
v 0.056117 1.000438 -0.445537
v -0.031781 1.027547 -0.434632
v -0.124185 1.049795 -0.420842
v -0.218969 1.066237 -0.403130
v -0.312646 1.075034 -0.381016
v -0.401828 1.075012 -0.354564
v 0.075946 0.948414 -0.512949
v -0.011013 0.978616 -0.505026
v -0.103206 1.004992 -0.494053
v -0.198181 1.025784 -0.479011
v -0.293249 1.039750 -0.458899
v -0.384795 1.045172 -0.433521
v -0.469752 1.041363 -0.403411
v 0.096511 0.890830 -0.575863
v 0.011250 0.922697 -0.571044
v -0.079801 0.951898 -0.563112
v -0.174408 0.976573 -0.551039
v -0.269687 0.994849 -0.533745
v -0.362733 1.005511 -0.510454
v -0.450215 1.007180 -0.481420
v -0.529688 0.999671 -0.447687
v 0.117481 0.829650 -0.633338
v 0.034456 0.862049 -0.631438
v -0.054382 0.892380 -0.626529
v -0.147686 0.919622 -0.617546
v -0.242629 0.941578 -0.603380
v -0.336066 0.956315 -0.583123
v -0.425288 0.962935 -0.556380
v -0.507473 0.960675 -0.523841
v -0.580867 0.949874 -0.486923
v 0.137847 0.766356 -0.685232
v 0.058004 0.797603 -0.685858
v -0.028195 0.828123 -0.683707
v -0.118958 0.856113 -0.677689
v -0.212534 0.880451 -0.666678
v -0.305822 0.898917 -0.649642
v -0.395624 0.909689 -0.625996
v -0.479722 0.912246 -0.595804
v -0.556038 0.906246 -0.560166
v -0.623439 0.892434 -0.520717
v 0.157381 0.702917 -0.731294
v 0.080941 0.732261 -0.734148
v -0.001675 0.761303 -0.734293
v -0.089516 0.789217 -0.730894
v -0.180424 0.814091 -0.722805
v -0.272417 0.834739 -0.708984
v -0.362453 0.849082 -0.688628
v -0.447554 0.855471 -0.661559
v -0.525936 0.853924 -0.628311
v -0.596345 0.844584 -0.590162
v -0.658173 0.828018 -0.548754
v 0.175500 0.640569 -0.771721
v 0.102700 0.667438 -0.776404
v 0.023924 0.694290 -0.778513
v -0.060110 0.720477 -0.777248
v -0.148053 0.744992 -0.771706
v -0.237518 0.765934 -0.760809
v -0.326429 0.782221 -0.743712
v -0.412052 0.792254 -0.719932
v -0.491910 0.794634 -0.689665
v -0.564524 0.789151 -0.653838
v -0.629309 0.776793 -0.613765
v -0.685913 0.758531 -0.571039
v 0.191661 0.580164 -0.806927
v 0.122776 0.603923 -0.812994
v 0.047899 0.628241 -0.816731
v -0.032065 0.652136 -0.817264
v -0.116126 0.674934 -0.813770
v -0.202717 0.695640 -0.805393
v -0.289401 0.712433 -0.791222
v -0.374152 0.724113 -0.770666
v -0.454785 0.729579 -0.743602
v -0.529291 0.728052 -0.710571
v -0.596417 0.719658 -0.672721
v -0.655845 0.705437 -0.631394
v -0.707658 0.686582 -0.587993
v 0.206049 0.522413 -0.837130
v 0.140771 0.543341 -0.844450
v 0.070047 0.564568 -0.849401
v -0.005894 0.585976 -0.851428
v -0.085909 0.606547 -0.849675
v -0.168765 0.625474 -0.843324
v -0.252887 0.641850 -0.831666
v -0.335964 0.654081 -0.814026
v -0.415953 0.661109 -0.790130
v -0.491291 0.662586 -0.760217
v -0.560426 0.658149 -0.725047
v -0.622449 0.648089 -0.685796
v -0.677052 0.633168 -0.643806
v -0.724557 0.614595 -0.600315
v -0.112876 1.143108 -0.000236
v -0.184354 1.142512 -0.043449
v -0.179984 1.139331 0.037959
v -0.260601 1.138111 -0.090021
v -0.256168 1.137720 -0.004770
v -0.251158 1.129749 0.079500
v -0.339236 1.128184 -0.138993
v -0.335929 1.131193 -0.050727
v -0.330851 1.125966 0.037669
v -0.324507 1.113013 0.123936
v -0.417198 1.111004 -0.189090
v -0.416366 1.117889 -0.098940
v -0.412481 1.116070 -0.007315
v -0.406037 1.105831 0.083237
v -0.397635 1.088068 0.170336
v -0.491188 1.085325 -0.238838
v -0.494088 1.096225 -0.148180
v -0.492769 1.098295 -0.054539
v -0.487549 1.091485 0.039340
v -0.479026 1.076475 0.130746
v -0.467921 1.054475 0.217350
v -0.558268 1.050856 -0.286689
v -0.565779 1.065423 -0.197039
v -0.568233 1.071480 -0.102853
v -0.565613 1.068574 -0.006931
v -0.558347 1.057058 0.087782
v -0.547193 1.038002 0.178554
v -0.532786 1.012443 0.263610
v -0.616471 1.008341 -0.331238
v -0.628827 1.025890 -0.244019
v -0.635815 1.035525 -0.150898
v -0.636937 1.036580 -0.054470
v -0.632288 1.029009 0.042227
v -0.622459 1.013563 0.136205
v -0.608314 0.991471 0.225005
v -0.590347 0.963395 0.307586
v -0.665418 0.957946 -0.371870
v -0.682045 0.978421 -0.287996
v -0.693540 0.991462 -0.197238
v -0.698992 0.996188 -0.101896
v -0.698025 0.992576 -0.004775
v -0.690827 0.981116 0.091084
v -0.678234 0.962924 0.182827
v -0.660893 0.938523 0.268877
v -0.639769 0.909025 0.348080
v -0.705687 0.899663 -0.407955
v -0.725872 0.922421 -0.328380
v -0.741356 0.938806 -0.241103
v -0.750962 0.947598 -0.148062
v -0.754009 0.948265 -0.051872
v -0.750359 0.940951 0.044481
v -0.740494 0.926511 0.138064
v -0.725145 0.905974 0.226702
v -0.704955 0.879885 0.309248
v -0.681341 0.849933 0.384461
v -0.738012 0.834160 -0.438920
v -0.761084 0.858087 -0.364175
v -0.779985 0.876718 -0.281398
v -0.793478 0.888821 -0.191958
v -0.800576 0.893536 -0.098100
v -0.800824 0.890670 -0.002596
v -0.794353 0.880691 0.091613
v -0.781810 0.864548 0.181910
v -0.763692 0.842596 0.266971
v -0.741198 0.816207 0.345391
v -0.715546 0.786699 0.416468
v -0.762945 0.763571 -0.464787
v -0.788412 0.787815 -0.394748
v -0.809946 0.807406 -0.317099
v -0.826748 0.821697 -0.232262
v -0.837640 0.829646 -0.142027
v -0.841869 0.830750 -0.048822
v -0.839240 0.825134 0.044577
v -0.830135 0.813509 0.135408
v -0.814978 0.796232 0.221944
v -0.794636 0.774130 0.302813
v -0.770409 0.748607 0.376836
v -0.743179 0.720345 0.443860
v -0.781549 0.690444 -0.485725
v -0.808680 0.714028 -0.420248
v -0.832256 0.733673 -0.347650
v -0.851576 0.748913 -0.268019
v -0.865687 0.759028 -0.182370
v -0.873630 0.763308 -0.092705
v -0.874912 0.761576 -0.001498
v -0.869593 0.754210 0.088600
v -0.858032 0.741667 0.175442
v -0.840697 0.724192 0.257754
v -0.818797 0.703065 0.334050
v -0.793228 0.678942 0.403824
v -0.765192 0.652857 0.466870
v -0.795067 0.617193 -0.502208
v -0.823034 0.639159 -0.441089
v -0.848146 0.658213 -0.373146
v -0.869252 0.673381 -0.298782
v -0.885815 0.684499 -0.218285
v -0.896912 0.690944 -0.133070
v -0.901835 0.692323 -0.045224
v -0.900352 0.688724 0.042851
v -0.892650 0.680536 0.128866
v -0.878901 0.667678 0.211502
v -0.860039 0.651067 0.289192
v -0.836990 0.631425 0.361024
v -0.810802 0.609428 0.426718
v -0.782999 0.586325 0.486209
v -0.025249 1.135471 0.101638
v -0.088008 1.128317 0.142856
v -0.002982 1.124312 0.166759
v -0.155655 1.115775 0.186774
v -0.066424 1.112801 0.211283
v 0.018749 1.106694 0.233788
v -0.226593 1.096723 0.232877
v -0.134728 1.095419 0.258113
v -0.045086 1.090238 0.281206
v 0.039854 1.081254 0.302080
v -0.298590 1.070182 0.280275
v -0.206107 1.071213 0.306483
v -0.113587 1.067518 0.330376
v -0.024001 1.059409 0.351806
v 0.060147 1.047259 0.370583
v -0.369058 1.035662 0.327692
v -0.278153 1.039483 0.355232
v -0.184758 1.037802 0.380292
v -0.092136 1.031082 0.402571
v -0.003357 1.019987 0.421806
v 0.079722 1.004353 0.438195
v -0.435459 0.993498 0.373587
v -0.348113 1.000047 0.402919
v -0.256011 1.000687 0.429602
v -0.162402 0.995878 0.453125
v -0.070572 0.986260 0.473205
v 0.017008 0.971971 0.489990
v 0.098733 0.953065 0.503672
v -0.495689 0.944924 0.416469
v -0.413357 0.953526 0.448033
v -0.324575 0.956458 0.476730
v -0.232172 0.953865 0.501936
v -0.139260 0.946089 0.523347
v -0.048711 0.933460 0.540999
v 0.037182 0.916382 0.555031
v 0.117105 0.895036 0.565788
v -0.548399 0.891347 0.455352
v -0.471938 0.901567 0.489182
v -0.388023 0.906338 0.520128
v -0.298784 0.905854 0.547396
v -0.206832 0.900017 0.570644
v -0.115234 0.889335 0.589692
v -0.026634 0.874279 0.604622
v 0.057117 0.855137 0.615785
v 0.134976 0.832232 0.623500
v -0.593498 0.833418 0.489705
v -0.523167 0.845042 0.525561
v -0.444845 0.851788 0.558646
v -0.360007 0.853253 0.588172
v -0.270828 0.849319 0.613607
v -0.180164 0.840653 0.634543
v -0.090608 0.827697 0.650952
v -0.004405 0.810833 0.663108
v 0.076770 0.790601 0.671343
v 0.152161 0.767294 0.676108
v -0.631399 0.771928 0.519132
v -0.566990 0.785043 0.556715
v -0.494516 0.793378 0.591826
v -0.414825 0.796448 0.623572
v -0.329681 0.794663 0.651270
v -0.241532 0.788393 0.674369
v -0.152697 0.777740 0.692724
v -0.065646 0.763310 0.706440
v 0.017599 0.745750 0.715791
v 0.095986 0.725234 0.721212
v 0.168433 0.702707 0.723249
v -0.663002 0.708463 0.543836
v -0.604094 0.722465 0.582871
v -0.537249 0.732111 0.619842
v -0.462953 0.737075 0.653654
v -0.382591 0.737214 0.683405
v -0.298127 0.732873 0.708589
v -0.211507 0.724474 0.729154
v -0.125164 0.712589 0.744872
v -0.041219 0.697736 0.755873
v 0.039002 0.680039 0.762533
v 0.114059 0.660417 0.765404
v 0.183639 0.639026 0.764864
v -0.689477 0.643918 0.564314
v -0.635323 0.658542 0.604474
v -0.573670 0.669271 0.642873
v -0.504835 0.675646 0.678443
v -0.429615 0.677848 0.710195
v -0.349318 0.675638 0.737409
v -0.265875 0.669358 0.759891
v -0.181567 0.659901 0.777750
v -0.098275 0.647592 0.790820
v -0.017472 0.632594 0.799226
v 0.059193 0.615764 0.803461
v 0.130970 0.597369 0.803949
v 0.197612 0.577574 0.801152
v -0.711502 0.579670 0.581043
v -0.661758 0.594272 0.621886
v -0.604968 0.605865 0.661426
v -0.541205 0.613837 0.698481
v -0.470990 0.617662 0.732000
v -0.395259 0.617186 0.761190
v -0.315612 0.612939 0.785486
v -0.234145 0.605678 0.804978
v -0.152537 0.595890 0.820127
v -0.072287 0.583659 0.830672
v 0.004911 0.569597 0.836741
v 0.078021 0.554057 0.838744
v 0.146646 0.537058 0.837085
v 0.210203 0.519232 0.832436
v 0.101327 1.135099 0.066570
v 0.125169 1.127006 0.129203
v 0.170669 1.129656 0.069295
v 0.148080 1.111930 0.194188
v 0.195211 1.119992 0.133007
v 0.239246 1.119704 0.071167
v 0.169930 1.088358 0.260886
v 0.218883 1.101696 0.199182
v 0.265003 1.106294 0.136144
v 0.308480 1.100402 0.072257
v 0.190737 1.055000 0.328349
v 0.241678 1.073169 0.266986
v 0.290006 1.082663 0.203478
v 0.335696 1.081573 0.138255
v 0.377971 1.069890 0.072626
v 0.210413 1.011719 0.395360
v 0.263192 1.033948 0.335172
v 0.313710 1.048147 0.272028
v 0.361641 1.052064 0.206300
v 0.406153 1.045236 0.139233
v 0.446533 1.028221 0.072282
v 0.228839 0.959528 0.460666
v 0.283115 0.984736 0.402461
v 0.335625 1.002909 0.340515
v 0.385721 1.011637 0.275184
v 0.432533 1.009878 0.207547
v 0.475775 0.997966 0.139217
v 0.514677 0.976838 0.071654
v 0.245879 0.900254 0.523061
v 0.301252 0.927099 0.467565
v 0.355392 0.948149 0.407634
v 0.407435 0.960971 0.343587
v 0.457278 0.964299 0.276476
v 0.504110 0.957859 0.207790
v 0.546420 0.942023 0.138929
v 0.583234 0.918036 0.071259
v 0.261576 0.836112 0.581450
v 0.317517 0.863253 0.529280
v 0.372795 0.885904 0.472114
v 0.426727 0.901810 0.410227
v 0.479807 0.909664 0.344645
v 0.530279 0.908476 0.276571
v 0.576298 0.898152 0.207353
v 0.616535 0.879533 0.138399
v 0.650302 0.854103 0.071023
v 0.275951 0.769677 0.635031
v 0.331914 0.795858 0.586612
v 0.387776 0.818791 0.532809
v 0.443375 0.836550 0.473827
v 0.499201 0.847862 0.410585
v 0.553089 0.851298 0.344055
v 0.602901 0.846302 0.275459
v 0.646933 0.833257 0.206172
v 0.684113 0.813259 0.137560
v 0.714082 0.787806 0.070854
v 0.289019 0.703517 0.683331
v 0.344509 0.727693 0.638871
v 0.400423 0.749675 0.588808
v 0.457039 0.767917 0.533230
v 0.514856 0.781401 0.472974
v 0.571618 0.788491 0.408797
v 0.624993 0.788254 0.341753
v 0.672946 0.780608 0.273111
v 0.713991 0.766200 0.204214
v 0.747358 0.746154 0.136350
v 0.773033 0.721819 0.070650
v 0.300676 0.639307 0.726254
v 0.355394 0.661281 0.685709
v 0.410931 0.681292 0.639497
v 0.467724 0.698725 0.587590
v 0.526585 0.713033 0.530759
v 0.585379 0.722589 0.469563
v 0.641727 0.726214 0.404862
v 0.693368 0.723422 0.337772
v 0.738447 0.714404 0.269551
v 0.775742 0.699850 0.201469
v 0.804310 0.680720 0.134746
v 0.825239 0.658487 0.070470
v 0.310683 0.577514 0.764022
v 0.364461 0.597393 0.727152
v 0.419485 0.615609 0.684613
v 0.475728 0.631521 0.636422
v 0.534611 0.645403 0.583238
v 0.594402 0.656154 0.525434
v 0.652808 0.662513 0.463673
v 0.707495 0.663708 0.398892
v 0.756263 0.659520 0.332195
v 0.797127 0.650380 0.264852
v 0.830206 0.637603 0.198269
v 0.857716 0.622730 0.133100
v 0.882281 0.606080 0.069277
v 0.319116 0.519248 0.796904
v 0.371829 0.536612 0.763328
v 0.426022 0.552785 0.724298
v 0.481302 0.567245 0.679695
v 0.539411 0.580428 0.630119
v 0.599177 0.591471 0.575877
v 0.658530 0.599371 0.517417
v 0.715289 0.603642 0.455592
v 0.768336 0.604693 0.392237
v 0.816499 0.602725 0.327990
v 0.857894 0.597051 0.262360
v 0.892127 0.588121 0.195967
v 0.920368 0.577027 0.130025
v 0.943797 0.563388 0.065766
v 0.991351 0.466764 -0.094137
v 0.987591 0.404696 -0.135712
v 0.963524 0.473497 -0.160910
v 0.966477 0.333120 -0.170080
v 0.960829 0.411709 -0.204219
v 0.931472 0.480296 -0.229351
v 0.957781 0.266838 -0.210429
v 0.941363 0.339145 -0.240130
v 0.929985 0.418107 -0.275097
v 0.895914 0.485752 -0.299463
v 0.952570 0.201686 -0.254089
v 0.930339 0.270404 -0.281007
v 0.913136 0.345313 -0.313283
v 0.895770 0.423557 -0.347455
v 0.857068 0.489443 -0.370067
v 0.893167 0.127568 -0.284582
v 0.924622 0.204114 -0.325892
v 0.898077 0.273504 -0.353136
v 0.880506 0.350883 -0.387249
v 0.857824 0.427787 -0.419658
v 0.814404 0.491233 -0.439506
v 0.921825 0.063490 -0.336905
v 0.907528 0.135355 -0.366899
v 0.893572 0.206738 -0.398815
v 0.861987 0.276487 -0.425288
v 0.843298 0.355526 -0.460135
v 0.815271 0.430386 -0.489966
v 0.767034 0.490586 -0.505983
v 0.925152 -0.000009 -0.379521
v 0.908445 0.068389 -0.411589
v 0.886018 0.138649 -0.442275
v 0.857134 0.209380 -0.470618
v 0.822382 0.279266 -0.496072
v 0.800472 0.358041 -0.530374
v 0.766716 0.429458 -0.556370
v 0.713894 0.485615 -0.567382
v 0.906730 -0.066720 -0.416400
v 0.892805 -0.000000 -0.450443
v 0.872846 0.069328 -0.483046
v 0.846660 0.140059 -0.513372
v 0.814409 0.210804 -0.540647
v 0.777085 0.280403 -0.564586
v 0.750155 0.356450 -0.595873
v 0.710081 0.422656 -0.615788
v 0.654300 0.475646 -0.621524
v 0.883188 -0.131828 -0.450112
v 0.871417 -0.067557 -0.485869
v 0.853952 0.000000 -0.520351
v 0.830476 0.069794 -0.552664
v 0.800990 0.140536 -0.581949
v 0.765856 0.210804 -0.607475
v 0.726313 0.279506 -0.629163
v 0.690978 0.349933 -0.653017
v 0.645676 0.411554 -0.666345
v 0.590920 0.463725 -0.669022
v 0.855341 -0.194342 -0.480215
v 0.845220 -0.133015 -0.517421
v 0.829988 -0.067987 -0.553621
v 0.809019 0.000000 -0.587782
v 0.782251 0.069794 -0.619042
v 0.749882 0.140059 -0.646575
v 0.712457 0.209381 -0.669749
v 0.670840 0.276410 -0.688203
v 0.627665 0.340929 -0.703197
v 0.580433 0.399761 -0.711740
v 0.531553 0.453258 -0.715469
v 0.823180 -0.253542 -0.505378
v 0.811596 -0.194523 -0.541838
v 0.800322 -0.133087 -0.581230
v 0.782868 -0.067953 -0.618150
v 0.758774 0.000000 -0.651354
v 0.729133 0.069329 -0.680851
v 0.694469 0.138657 -0.706036
v 0.655465 0.206618 -0.726412
v 0.613044 0.271948 -0.741769
v 0.568263 0.333602 -0.752188
v 0.522207 0.390821 -0.757997
v 0.475885 0.443151 -0.759704
v 0.790524 -0.309225 -0.528344
v 0.769289 -0.250869 -0.557199
v 0.756783 -0.192138 -0.595009
v 0.748240 -0.131817 -0.639333
v 0.730956 -0.067460 -0.678229
v 0.704293 0.000000 -0.709909
v 0.672356 0.068426 -0.737059
v 0.636088 0.136411 -0.759463
v 0.596263 0.202671 -0.776785
v 0.553820 0.266065 -0.788982
v 0.509767 0.325685 -0.796283
v 0.465085 0.380900 -0.799131
v 0.420633 0.431395 -0.798134
v 0.759317 -0.361389 -0.550793
v 0.745532 -0.307754 -0.585945
v 0.729533 -0.251530 -0.620919
v 0.709809 -0.191605 -0.654774
v 0.697982 -0.131130 -0.698061
v 0.676142 -0.066703 -0.733600
v 0.646851 0.000000 -0.762616
v 0.613284 0.067135 -0.787004
v 0.576139 0.133441 -0.806385
v 0.536221 0.197744 -0.820588
v 0.494436 0.259034 -0.829719
v 0.451705 0.316537 -0.834127
v 0.408880 0.369743 -0.834330
v 0.366494 0.418757 -0.831270
v 0.189928 0.424847 -0.896938
v 0.163752 0.397602 -0.973873
v 0.127165 0.451274 -0.926358
v 0.138769 0.378346 -1.086344
v 0.097248 0.442761 -1.040813
v 0.057119 0.470335 -0.935673
v 0.106471 0.314507 -1.118690
v 0.064485 0.404593 -1.114122
v 0.020969 0.442331 -1.010666
v -0.019236 0.475287 -0.914592
v 0.061648 0.219278 -1.067364
v 0.023713 0.317952 -1.093333
v -0.019182 0.378782 -1.027438
v -0.059307 0.419761 -0.938493
v -0.098538 0.487348 -0.903753
v 0.010281 0.138865 -1.019402
v -0.024660 0.211313 -1.007935
v -0.062691 0.282585 -0.978853
v -0.101714 0.353835 -0.947770
v -0.140371 0.427989 -0.923368
v -0.179322 0.501419 -0.896197
v -0.033477 0.067890 -1.000080
v -0.068901 0.138799 -0.993370
v -0.105974 0.211571 -0.977788
v -0.144190 0.286854 -0.959802
v -0.182953 0.362910 -0.937940
v -0.222140 0.438908 -0.912234
v -0.260744 0.512963 -0.882973
v -0.075250 0.000351 -0.996642
v -0.111158 0.069222 -0.992083
v -0.148474 0.141575 -0.981955
v -0.186804 0.216561 -0.966719
v -0.225761 0.293279 -0.946847
v -0.264891 0.370597 -0.922737
v -0.303608 0.447166 -0.894905
v -0.341266 0.521502 -0.863754
v -0.116312 -0.065871 -0.989689
v -0.152663 0.000279 -0.988157
v -0.190488 0.070762 -0.980627
v -0.229014 0.144313 -0.967560
v -0.268096 0.220517 -0.949718
v -0.307023 0.297935 -0.927316
v -0.345624 0.375795 -0.901053
v -0.383004 0.452196 -0.871237
v -0.418919 0.526127 -0.838439
v -0.156014 -0.130403 -0.976728
v -0.193000 -0.067221 -0.978381
v -0.231242 0.000431 -0.973260
v -0.270209 0.071974 -0.962655
v -0.309221 0.146291 -0.946526
v -0.348040 0.222845 -0.925974
v -0.386215 0.300488 -0.901270
v -0.423210 0.377840 -0.872953
v -0.458688 0.453652 -0.841509
v -0.491903 0.526163 -0.807341
v -0.193560 -0.192520 -0.958912
v -0.231364 -0.132414 -0.964084
v -0.270936 -0.066907 -0.965595
v -0.311022 0.002773 -0.960259
v -0.350284 0.074891 -0.945676
v -0.388213 0.148501 -0.922812
v -0.425017 0.223463 -0.896019
v -0.461501 0.300459 -0.869064
v -0.496245 0.376723 -0.839045
v -0.529051 0.451112 -0.806335
v -0.559036 0.521615 -0.771230
v -0.228364 -0.251568 -0.937437
v -0.267451 -0.194465 -0.947583
v -0.308989 -0.131267 -0.956526
v -0.351090 -0.063447 -0.958707
v -0.391903 0.007306 -0.949560
v -0.430423 0.079780 -0.929053
v -0.466185 0.152709 -0.899281
v -0.499271 0.224893 -0.864595
v -0.531773 0.298245 -0.832172
v -0.563486 0.372404 -0.800249
v -0.593008 0.444604 -0.766710
v -0.619747 0.513037 -0.731200
v -0.259679 -0.307507 -0.918394
v -0.299862 -0.253736 -0.932502
v -0.343376 -0.193478 -0.945541
v -0.388261 -0.127724 -0.952395
v -0.432154 -0.057995 -0.950693
v -0.474182 0.015652 -0.939666
v -0.511481 0.089242 -0.913658
v -0.543135 0.160028 -0.875371
v -0.570670 0.227907 -0.832381
v -0.597584 0.296026 -0.793834
v -0.624190 0.365180 -0.757882
v -0.650183 0.434743 -0.723869
v -0.673629 0.500892 -0.688488
v -0.287831 -0.360350 -0.901772
v -0.328497 -0.310320 -0.918407
v -0.373155 -0.253731 -0.934923
v -0.420185 -0.190841 -0.945443
v -0.467734 -0.122187 -0.947304
v -0.514340 -0.048206 -0.942114
v -0.555644 0.026808 -0.924743
v -0.589079 0.098818 -0.890105
v -0.614487 0.165315 -0.843030
v -0.635507 0.228017 -0.793982
v -0.656846 0.291290 -0.751901
v -0.678195 0.355657 -0.713391
v -0.700569 0.422249 -0.679092
v -0.720716 0.485864 -0.644327
v -0.831438 0.486647 -0.488344
v -0.856670 0.421786 -0.458353
v -0.859330 0.503375 -0.427884
v -0.880260 0.352357 -0.425236
v -0.883877 0.435256 -0.394563
v -0.884587 0.518077 -0.360997
v -0.906816 0.283333 -0.390771
v -0.906314 0.362460 -0.358310
v -0.908009 0.446819 -0.324483
v -0.906020 0.529900 -0.288147
v -0.942985 0.219636 -0.356583
v -0.927523 0.287575 -0.320075
v -0.928875 0.370958 -0.285419
v -0.927871 0.455769 -0.248793
v -0.922660 0.538311 -0.210119
v -0.994000 0.160236 -0.317643
v -0.956818 0.216262 -0.280217
v -0.947918 0.292863 -0.244627
v -0.946788 0.377337 -0.207485
v -0.942490 0.461690 -0.168571
v -0.934147 0.543523 -0.127730
v -1.046594 0.100153 -0.270654
v -0.995813 0.148813 -0.236410
v -0.972026 0.216168 -0.201495
v -0.964078 0.297354 -0.165126
v -0.959121 0.381319 -0.125885
v -0.951622 0.465007 -0.084894
v -0.939835 0.545302 -0.042837
v -1.069503 0.028786 -0.220949
v -1.029027 0.081356 -0.189761
v -0.998523 0.143428 -0.157587
v -0.984820 0.219206 -0.121454
v -0.973297 0.300148 -0.083208
v -0.965727 0.383453 -0.041929
v -0.954817 0.465717 0.000230
v -0.939432 0.543685 0.042336
v -1.048110 -0.051443 -0.178959
v -1.037745 0.009752 -0.147521
v -1.022644 0.074749 -0.115562
v -1.007111 0.145327 -0.079370
v -0.988591 0.220862 -0.040486
v -0.976609 0.301177 0.000604
v -0.966036 0.383290 0.042966
v -0.951593 0.463316 0.085095
v -0.932708 0.538337 0.126153
v -1.007258 -0.127436 -0.145968
v -1.024387 -0.062025 -0.111745
v -1.033122 0.006873 -0.077905
v -1.027450 0.076346 -0.041524
v -1.009091 0.147407 -0.001985
v -0.988121 0.221678 0.040813
v -0.973895 0.300654 0.084634
v -0.959933 0.380714 0.126841
v -0.942049 0.457792 0.167889
v -0.920009 0.529465 0.206960
v -0.980556 -0.193368 -0.112145
v -1.004347 -0.130059 -0.076368
v -1.028713 -0.059671 -0.042222
v -1.045410 0.016434 -0.007719
v -1.038722 0.089199 0.031382
v -1.014406 0.157752 0.076508
v -0.987564 0.226090 0.123217
v -0.964928 0.298371 0.167101
v -0.947567 0.375545 0.208019
v -0.926691 0.449389 0.246972
v -0.902078 0.517603 0.283287
v -0.964567 -0.253223 -0.074413
v -0.984168 -0.194318 -0.038616
v -1.019377 -0.121667 -0.006056
v -1.059131 -0.037147 0.024627
v -1.076110 0.046226 0.061516
v -1.062069 0.119337 0.108800
v -1.024426 0.178480 0.159692
v -0.982306 0.233267 0.205763
v -0.951062 0.295102 0.246490
v -0.930066 0.368057 0.285185
v -0.906620 0.438370 0.321409
v -0.879885 0.503066 0.354476
v -0.960657 -0.311680 -0.035605
v -1.030327 -0.272508 0.004142
v -1.066389 -0.197598 0.037545
v -1.060770 -0.095249 0.060792
v -1.102360 0.003413 0.094168
v -1.111622 0.091479 0.142506
v -1.076829 0.152512 0.196263
v -1.017975 0.192280 0.245100
v -0.967039 0.233790 0.284998
v -0.931703 0.289041 0.321457
v -0.908820 0.358816 0.357441
v -0.883459 0.425645 0.390528
v -0.855134 0.486924 0.420115
v -1.087235 -0.418530 0.007362
v -1.191807 -0.390169 0.046752
v -1.226401 -0.327898 0.090742
v -1.222544 -0.236836 0.131567
v -1.206320 -0.090942 0.155327
v -1.160270 0.055356 0.182932
v -1.120854 0.128137 0.235531
v -1.059941 0.164914 0.286581
v -0.992281 0.188894 0.325259
v -0.941000 0.224606 0.358047
v -0.908125 0.280651 0.391185
v -0.884267 0.347954 0.424255
v -0.857487 0.411411 0.453941
v -0.828289 0.469586 0.479959
v -0.716974 0.463634 0.633956
v -0.701589 0.405939 0.673740
v -0.668364 0.476152 0.676659
v -0.682594 0.343895 0.712677
v -0.649551 0.416402 0.717691
v -0.612786 0.486279 0.718104
v -0.661133 0.279073 0.751072
v -0.627266 0.352392 0.757475
v -0.590290 0.424570 0.759642
v -0.550104 0.493349 0.756778
v -0.638120 0.212198 0.791298
v -0.602417 0.285568 0.796304
v -0.564556 0.358800 0.799361
v -0.523982 0.429902 0.797935
v -0.480911 0.496913 0.791266
v -0.612936 0.143452 0.835073
v -0.575092 0.216489 0.835185
v -0.535679 0.289756 0.836968
v -0.494693 0.362372 0.836379
v -0.451568 0.432065 0.831151
v -0.406646 0.497084 0.820978
v -0.584298 0.070138 0.880151
v -0.545933 0.144019 0.876301
v -0.503746 0.218424 0.872045
v -0.462109 0.291361 0.871243
v -0.419098 0.362909 0.867522
v -0.374547 0.430988 0.859072
v -0.328837 0.494051 0.845565
v -0.552471 -0.007764 0.918545
v -0.513252 0.065043 0.914166
v -0.470491 0.142542 0.907325
v -0.426939 0.218302 0.901466
v -0.384015 0.290737 0.899311
v -0.339962 0.360854 0.893037
v -0.294960 0.427256 0.881740
v -0.249228 0.488745 0.865833
v -0.519619 -0.087241 0.946198
v -0.478961 -0.016577 0.938461
v -0.435605 0.060135 0.934773
v -0.391072 0.140411 0.929036
v -0.347138 0.216830 0.925208
v -0.303773 0.288422 0.922057
v -0.260469 0.359806 0.918463
v -0.217310 0.432143 0.916098
v -0.171122 0.487665 0.891183
v -0.487039 -0.164443 0.963962
v -0.446535 -0.095769 0.950599
v -0.401607 -0.023045 0.941267
v -0.355375 0.058426 0.945108
v -0.309717 0.139108 0.945081
v -0.265927 0.214438 0.944272
v -0.224272 0.290135 0.952724
v -0.190392 0.389786 1.001560
v -0.145052 0.450965 0.975876
v -0.093537 0.482228 0.908707
v -0.454555 -0.236284 0.973933
v -0.416175 -0.169538 0.957769
v -0.371398 -0.100407 0.941495
v -0.321692 -0.021921 0.944288
v -0.273133 0.059640 0.952403
v -0.227892 0.138287 0.958428
v -0.185063 0.214541 0.970371
v -0.155409 0.328844 1.084895
v -0.118962 0.414040 1.098298
v -0.065821 0.441190 0.989669
v -0.014769 0.462669 0.901417
v -0.421472 -0.301125 0.975341
v -0.386547 -0.236462 0.959708
v -0.343775 -0.169796 0.944995
v -0.291690 -0.095847 0.941006
v -0.238580 -0.017061 0.944610
v -0.190713 0.061945 0.958088
v -0.146733 0.138275 0.973231
v -0.106744 0.228983 1.055610
v -0.072850 0.326537 1.134999
v -0.031160 0.382556 1.073071
v 0.019533 0.399794 0.935851
v 0.059314 0.446159 0.896555
v -0.387904 -0.358355 0.965971
v -0.356943 -0.295999 0.950018
v -0.317293 -0.231616 0.937224
v -0.265309 -0.160845 0.937078
v -0.208672 -0.086487 0.943739
v -0.156331 -0.010322 0.948283
v -0.111044 0.065172 0.970117
v -0.067572 0.141910 1.007195
v -0.026318 0.223613 1.070894
v 0.013463 0.290726 1.061963
v 0.054603 0.332409 0.966128
v 0.092672 0.381895 0.920639
v 0.127928 0.432667 0.893850
v -0.355071 -0.408181 0.946169
v -0.327953 -0.347630 0.927638
v -0.292525 -0.284891 0.909654
v -0.241147 -0.217493 0.922019
v -0.182663 -0.147191 0.942821
v -0.127583 -0.074526 0.946660
v -0.078632 -0.002102 0.961159
v -0.033940 0.068982 0.984941
v 0.008408 0.140115 1.015857
v 0.049057 0.207072 1.022866
v 0.087855 0.263191 0.981640
v 0.124793 0.316644 0.940558
v 0.159497 0.369887 0.915432
v 0.191614 0.418730 0.887985
v 0.366789 0.418878 0.831078
v 0.408880 0.369744 0.834331
v 0.420817 0.432266 0.798344
v 0.451705 0.316537 0.834127
v 0.465096 0.380963 0.799148
v 0.476137 0.444498 0.760057
v 0.494436 0.259033 0.829719
v 0.509767 0.325684 0.796284
v 0.522250 0.391003 0.758046
v 0.532781 0.455492 0.716179
v 0.536221 0.197744 0.820586
v 0.553820 0.266064 0.788983
v 0.568592 0.333763 0.752259
v 0.581635 0.400531 0.711367
v 0.592424 0.466028 0.667298
v 0.576138 0.133443 0.806381
v 0.596263 0.202670 0.776785
v 0.613889 0.272363 0.741951
v 0.630008 0.341890 0.702663
v 0.643522 0.409811 0.659560
v 0.653579 0.475465 0.613652
v 0.613283 0.067136 0.787002
v 0.636088 0.136410 0.759463
v 0.656711 0.207229 0.726680
v 0.676137 0.279010 0.689331
v 0.692962 0.349862 0.647851
v 0.707481 0.418984 0.604335
v 0.719640 0.486012 0.560572
v 0.646851 -0.000000 0.762616
v 0.672355 0.068425 0.737059
v 0.695779 0.139300 0.706318
v 0.718415 0.212308 0.671029
v 0.738735 0.285538 0.631507
v 0.758286 0.358714 0.591064
v 0.783518 0.434406 0.557706
v 0.794017 0.501089 0.514291
v 0.676220 -0.066721 0.733672
v 0.704293 -0.000001 0.709909
v 0.730129 0.069817 0.681066
v 0.755568 0.142853 0.647797
v 0.779179 0.217352 0.610337
v 0.799627 0.291465 0.569477
v 0.828392 0.370685 0.537473
v 0.853826 0.448212 0.505891
v 0.856435 0.510746 0.456414
v 0.701007 -0.131830 0.700864
v 0.731376 -0.067558 0.678619
v 0.759237 0.000226 0.651454
v 0.786809 0.072033 0.620021
v 0.813167 0.146520 0.584564
v 0.836516 0.221669 0.545394
v 0.856544 0.296243 0.504488
v 0.887393 0.377585 0.475127
v 0.907821 0.452890 0.439488
v 0.906537 0.512419 0.388697
v 0.721090 -0.194276 0.665046
v 0.753367 -0.133033 0.644002
v 0.783053 -0.067967 0.618290
v 0.811927 0.001428 0.588407
v 0.840233 0.074587 0.554760
v 0.866206 0.149666 0.517569
v 0.888034 0.224567 0.477252
v 0.905068 0.297898 0.435526
v 0.934127 0.378418 0.404824
v 0.951934 0.451598 0.367394
v 0.948131 0.508824 0.317440
v 0.736587 -0.253230 0.627147
v 0.770183 -0.195384 0.606905
v 0.801168 -0.133313 0.582150
v 0.831084 -0.067338 0.553795
v 0.860581 0.003256 0.521775
v 0.887812 0.076936 0.486157
v 0.910915 0.151740 0.447287
v 0.931764 0.225469 0.407141
v 0.944959 0.296689 0.365025
v 0.972563 0.375419 0.332622
v 0.988545 0.446597 0.294433
v 0.981554 0.501667 0.245560
v 0.748518 -0.308639 0.588520
v 0.782033 -0.253887 0.568236
v 0.810150 -0.194350 0.541908
v 0.840846 -0.131989 0.514713
v 0.874739 -0.065787 0.486505
v 0.903383 0.005237 0.452699
v 0.916196 0.078914 0.410908
v 0.939563 0.152948 0.374192
v 0.966305 0.224037 0.336335
v 0.975391 0.292576 0.294592
v 1.001108 0.368564 0.260328
v 1.014784 0.437754 0.221534
v 1.005347 0.491827 0.174201
v 0.758866 -0.361315 0.550944
v 0.791823 -0.309574 0.530380
v 0.816078 -0.252056 0.501981
v 0.838765 -0.190969 0.470341
v 0.882450 -0.130889 0.449226
v 0.912777 -0.063748 0.417698
v 0.938796 0.006948 0.382376
v 0.908118 0.078528 0.332038
v 0.940607 0.152310 0.298279
v 0.991025 0.220160 0.265995
v 0.996169 0.285698 0.225493
v 1.016738 0.357314 0.189001
v 1.028243 0.425083 0.149558
v 1.018921 0.480196 0.104585
v 0.288016 0.359414 -0.888490
v 0.328193 0.308158 -0.892971
v 0.259026 0.308694 -0.915872
v 0.368835 0.253230 -0.894335
v 0.298885 0.253934 -0.919884
v 0.230880 0.255389 -0.951074
v 0.409668 0.194275 -0.891308
v 0.339255 0.195420 -0.920260
v 0.268087 0.196193 -0.950723
v 0.203815 0.201336 -1.007124
v 0.449939 0.131829 -0.883276
v 0.379681 0.133033 -0.915502
v 0.307105 0.133924 -0.946968
v 0.235825 0.135903 -0.988623
v 0.165563 0.139252 -1.033965
v 0.488802 0.066721 -0.869840
v 0.419400 0.067557 -0.905285
v 0.346181 0.068053 -0.936350
v 0.271928 0.069107 -0.970585
v 0.197367 0.070772 -1.006469
v 0.120565 0.070970 -1.024131
v 0.525405 -0.000000 -0.850853
v 0.457527 -0.000000 -0.889196
v 0.385003 0.000000 -0.922915
v 0.309152 0.000094 -0.951746
v 0.232130 0.000788 -0.979181
v 0.154118 0.001442 -0.998525
v 0.075596 0.001087 -1.002064
v 0.558972 -0.067135 -0.826464
v 0.493218 -0.068426 -0.867210
v 0.422216 -0.069328 -0.903839
v 0.347005 -0.069769 -0.935219
v 0.268686 -0.069356 -0.959552
v 0.189147 -0.068453 -0.977799
v 0.110005 -0.067180 -0.989543
v 0.032664 -0.065551 -0.994689
v 0.588883 -0.133441 -0.797126
v 0.525730 -0.136410 -0.839637
v 0.456382 -0.138402 -0.877624
v 0.381852 -0.139018 -0.910632
v 0.304791 -0.138840 -0.937878
v 0.217293 -0.127251 -0.931766
v 0.142874 -0.133189 -0.968784
v 0.065739 -0.132344 -0.981643
v -0.010238 -0.129426 -0.984413
v 0.614708 -0.197740 -0.763534
v 0.554513 -0.202671 -0.807118
v 0.485975 -0.205463 -0.843019
v 0.403186 -0.201354 -0.859583
v 0.328842 -0.198696 -0.893806
v 0.251780 -0.186890 -0.902495
v 0.154877 -0.170966 -0.888175
v 0.088808 -0.188263 -0.937419
v 0.017168 -0.189555 -0.952521
v -0.052991 -0.189644 -0.963751
v 0.636277 -0.259023 -0.726592
v 0.579229 -0.266065 -0.770521
v 0.515155 -0.271489 -0.810485
v 0.429446 -0.266251 -0.817007
v 0.349876 -0.252724 -0.835286
v 0.269770 -0.231192 -0.836317
v 0.184844 -0.213640 -0.826847
v 0.107309 -0.221676 -0.855228
v 0.038557 -0.239725 -0.896454
v -0.028065 -0.245899 -0.922214
v -0.093601 -0.248217 -0.941084
v 0.653715 -0.316536 -0.687351
v 0.599786 -0.325684 -0.730881
v 0.539660 -0.333535 -0.772659
v 0.461735 -0.332377 -0.788615
v 0.377120 -0.314276 -0.792392
v 0.296923 -0.295668 -0.794049
v 0.215690 -0.268881 -0.776904
v 0.132529 -0.266291 -0.792751
v 0.058021 -0.276801 -0.824888
v -0.006625 -0.296421 -0.868464
v -0.069228 -0.303178 -0.898238
v -0.131020 -0.306152 -0.920759
v 0.667145 -0.369743 -0.646689
v 0.616302 -0.380900 -0.689265
v 0.559530 -0.390821 -0.730879
v 0.492725 -0.396006 -0.762676
v 0.403997 -0.375726 -0.757225
v 0.322334 -0.358746 -0.758019
v 0.243039 -0.343682 -0.757495
v 0.157472 -0.322843 -0.747355
v 0.077561 -0.323696 -0.765803
v 0.006053 -0.337359 -0.799294
v -0.054042 -0.350644 -0.838932
v -0.108396 -0.358994 -0.876099
v -0.165004 -0.361543 -0.900089
v 0.678259 -0.419241 -0.606404
v 0.629060 -0.431366 -0.646689
v 0.575467 -0.443151 -0.687353
v 0.515040 -0.452167 -0.724433
v 0.428479 -0.434863 -0.723239
v 0.345265 -0.417242 -0.721788
v 0.266690 -0.405065 -0.724943
v 0.182213 -0.386211 -0.715437
v 0.096362 -0.372230 -0.714123
v 0.019862 -0.383371 -0.739484
v -0.040044 -0.397860 -0.782139
v -0.092095 -0.408600 -0.824837
v -0.141111 -0.415028 -0.861520
v -0.195541 -0.413088 -0.878489
v -0.788236 0.408997 -0.576364
v -0.771531 0.345047 -0.610129
v -0.814181 0.344421 -0.549482
v -0.755322 0.281742 -0.646927
v -0.798486 0.278681 -0.583697
v -0.842331 0.278576 -0.520714
v -0.742042 0.222282 -0.690319
v -0.788558 0.218747 -0.625585
v -0.839613 0.220415 -0.561766
v -0.889620 0.224335 -0.497801
v -0.729553 0.164155 -0.738967
v -0.782206 0.162812 -0.675791
v -0.842257 0.166901 -0.612202
v -0.902457 0.173734 -0.547380
v -0.953699 0.177818 -0.478086
v -0.717097 0.106609 -0.798779
v -0.774652 0.107934 -0.737651
v -0.841631 0.113701 -0.674450
v -0.911695 0.121334 -0.604964
v -0.980088 0.131789 -0.534292
v -1.029327 0.133643 -0.453072
v -0.693652 0.041577 -0.855725
v -0.757893 0.045842 -0.804813
v -0.830312 0.051510 -0.744699
v -0.910427 0.060318 -0.675642
v -0.988369 0.073559 -0.596456
v -1.061500 0.086343 -0.512329
v -1.099235 0.080107 -0.412436
v -0.656693 -0.032330 -0.897670
v -0.726341 -0.029260 -0.861538
v -0.809729 -0.027930 -0.815035
v -0.906588 -0.023509 -0.756665
v -1.003994 -0.010149 -0.682119
v -1.077132 0.011748 -0.582487
v -1.123279 0.025471 -0.466773
v -1.136977 0.007010 -0.349569
v -0.610522 -0.110461 -0.922936
v -0.681099 -0.110678 -0.900605
v -0.772562 -0.116785 -0.869020
v -0.886186 -0.124258 -0.822394
v -1.009985 -0.124688 -0.758379
v -1.128084 -0.113403 -0.675658
v -1.224230 -0.098375 -0.573929
v -1.237609 -0.107603 -0.429621
v -1.131034 -0.087249 -0.286414
v -0.559541 -0.188495 -0.931170
v -0.625711 -0.192103 -0.919760
v -0.714941 -0.203655 -0.904682
v -0.838629 -0.223112 -0.874430
v -0.983723 -0.240460 -0.821833
v -1.125858 -0.246298 -0.742600
v -1.234435 -0.240652 -0.636598
v -1.285922 -0.237961 -0.505105
v -1.252165 -0.236467 -0.373695
v -1.170117 -0.217813 -0.263238
v -0.508564 -0.262340 -0.927783
v -0.569310 -0.271514 -0.919944
v -0.643806 -0.284622 -0.915671
v -0.762674 -0.312389 -0.909229
v -0.921621 -0.348121 -0.877250
v -1.092180 -0.376684 -0.810253
v -1.220752 -0.382310 -0.703072
v -1.294716 -0.371054 -0.573483
v -1.297634 -0.354179 -0.441168
v -1.244337 -0.334513 -0.330873
v -1.161377 -0.305149 -0.235175
v -0.459930 -0.329619 -0.919206
v -0.519571 -0.345820 -0.913743
v -0.580286 -0.360786 -0.902001
v -0.675526 -0.390039 -0.911702
v -0.821672 -0.435234 -0.907836
v -1.017662 -0.495279 -0.874395
v -1.192311 -0.528271 -0.777934
v -1.276036 -0.513880 -0.636601
v -1.296550 -0.484698 -0.497663
v -1.261916 -0.450663 -0.384751
v -1.207716 -0.414899 -0.287304
v -1.127948 -0.374056 -0.197975
v -0.411353 -0.388057 -0.905060
v -0.471791 -0.410703 -0.898432
v -0.531040 -0.430843 -0.885264
v -0.612207 -0.461867 -0.883165
v -0.725227 -0.499169 -0.878778
v -0.891276 -0.557617 -0.846154
v -1.073639 -0.624402 -0.786155
v -1.189094 -0.634967 -0.675188
v -1.235120 -0.603669 -0.542961
v -1.229472 -0.558416 -0.428551
v -1.200173 -0.517015 -0.331266
v -1.154865 -0.475981 -0.240208
v -1.057136 -0.419677 -0.150691
v -0.366308 -0.436948 -0.886925
v -0.423838 -0.463649 -0.881906
v -0.484444 -0.490573 -0.866566
v -0.553187 -0.522703 -0.849371
v -0.645902 -0.560665 -0.831746
v -0.766068 -0.595180 -0.790649
v -0.920862 -0.636956 -0.738285
v -1.046494 -0.673905 -0.668984
v -1.122546 -0.671837 -0.568662
v -1.154396 -0.640650 -0.462912
v -1.156773 -0.603315 -0.366127
v -1.137649 -0.564142 -0.274412
v -1.090486 -0.517603 -0.186725
v -0.906115 -0.419527 -0.092474
v -0.790128 0.396069 0.571757
v -0.819773 0.337832 0.548679
v -0.777425 0.336999 0.609496
v -0.849805 0.277587 0.523545
v -0.808879 0.278401 0.587797
v -0.761628 0.275461 0.647514
v -0.881697 0.218029 0.497475
v -0.844950 0.222770 0.566948
v -0.797585 0.220803 0.630124
v -0.744836 0.214076 0.688267
v -0.921632 0.168171 0.472394
v -0.887515 0.171797 0.548321
v -0.842507 0.171702 0.618451
v -0.787266 0.164039 0.680799
v -0.728697 0.153260 0.736955
v -0.975926 0.135986 0.449483
v -0.936873 0.128253 0.529912
v -0.892589 0.124813 0.609545
v -0.836922 0.116441 0.680171
v -0.774089 0.103524 0.740276
v -0.709917 0.089052 0.792139
v -1.035802 0.112292 0.422057
v -0.993938 0.092140 0.511192
v -0.950093 0.078486 0.603497
v -0.892531 0.066994 0.684702
v -0.825840 0.053155 0.751415
v -0.755353 0.035895 0.805015
v -0.686269 0.017981 0.849232
v -1.158408 0.079077 0.404844
v -1.083350 0.044448 0.503233
v -1.027880 0.017664 0.604456
v -0.960879 0.007538 0.696736
v -0.885074 -0.002509 0.771461
v -0.806424 -0.019730 0.827667
v -0.729496 -0.041015 0.869536
v -0.657683 -0.060873 0.902154
v -1.264798 -0.101429 0.381642
v -1.207269 -0.080406 0.492585
v -1.127134 -0.080771 0.601118
v -1.047544 -0.077471 0.710769
v -0.957229 -0.073224 0.801999
v -0.863115 -0.084954 0.861233
v -0.776130 -0.106787 0.899578
v -0.697199 -0.128452 0.925354
v -0.625432 -0.145378 0.944332
v -1.323730 -0.248173 0.334520
v -1.293221 -0.231313 0.452428
v -1.224507 -0.212887 0.575364
v -1.140491 -0.196301 0.703645
v -1.039708 -0.178338 0.819903
v -0.925142 -0.178650 0.886200
v -0.823936 -0.191866 0.926096
v -0.737329 -0.208555 0.949320
v -0.660701 -0.221634 0.962699
v -0.590466 -0.229779 0.971919
v -1.353900 -0.362558 0.280448
v -1.340574 -0.365788 0.393486
v -1.288730 -0.356255 0.517777
v -1.215768 -0.338155 0.655573
v -1.126065 -0.316900 0.802730
v -0.986677 -0.301302 0.874328
v -0.869888 -0.299184 0.924953
v -0.773759 -0.305156 0.956392
v -0.693250 -0.309762 0.972445
v -0.620614 -0.309892 0.980628
v -0.552625 -0.307626 0.986051
v -1.343858 -0.453183 0.224383
v -1.356065 -0.477387 0.327440
v -1.322241 -0.484315 0.442918
v -1.250882 -0.474591 0.567992
v -1.154697 -0.455487 0.702233
v -1.032134 -0.434939 0.818702
v -0.906706 -0.420174 0.887966
v -0.801929 -0.413921 0.933125
v -0.718458 -0.408295 0.960364
v -0.644642 -0.397664 0.974818
v -0.576489 -0.386457 0.984355
v -0.511875 -0.376154 0.989065
v -1.302268 -0.522145 0.169574
v -1.322539 -0.555945 0.263320
v -1.312462 -0.581886 0.366141
v -1.268005 -0.592353 0.475838
v -1.176903 -0.576692 0.592668
v -1.053004 -0.556796 0.709289
v -0.926883 -0.541738 0.806833
v -0.818618 -0.526324 0.873216
v -0.731796 -0.510082 0.917256
v -0.658812 -0.489635 0.945997
v -0.591913 -0.469164 0.965039
v -0.529172 -0.451072 0.977522
v -0.469288 -0.435215 0.981749
v -1.240542 -0.570350 0.118504
v -1.267055 -0.610492 0.202947
v -1.264323 -0.641253 0.296081
v -1.230925 -0.660495 0.392524
v -1.169489 -0.664904 0.486811
v -1.068869 -0.654299 0.593038
v -0.931301 -0.644838 0.699879
v -0.820177 -0.629242 0.784970
v -0.733402 -0.606258 0.847688
v -0.661930 -0.579662 0.893135
v -0.597695 -0.552200 0.925522
v -0.537531 -0.527012 0.948265
v -0.480416 -0.504742 0.962042
v -0.426120 -0.484706 0.964600
v 0.288458 0.358623 0.887796
v 0.259317 0.308123 0.915314
v 0.328214 0.308121 0.892934
v 0.227250 0.253305 0.940160
v 0.298866 0.253983 0.919771
v 0.368827 0.253250 0.894288
v 0.192311 0.194800 0.961049
v 0.266276 0.195791 0.942998
v 0.339156 0.195627 0.919695
v 0.409636 0.194356 0.891124
v 0.154685 0.134066 0.977267
v 0.230382 0.134679 0.960221
v 0.305843 0.134559 0.940097
v 0.379475 0.133572 0.914303
v 0.449871 0.132000 0.882888
v 0.114480 0.072053 0.980253
v 0.191167 0.072577 0.967795
v 0.268675 0.071882 0.952007
v 0.345248 0.070183 0.930948
v 0.419070 0.068418 0.903376
v 0.488714 0.066943 0.869339
v 0.071438 0.010472 0.967682
v 0.148729 0.011886 0.961350
v 0.227437 0.010350 0.950681
v 0.306637 0.006568 0.936890
v 0.383397 0.003145 0.915217
v 0.457017 0.000967 0.886787
v 0.525333 0.000178 0.850451
v 0.023923 -0.051823 0.946959
v 0.101965 -0.047104 0.941314
v 0.180711 -0.046126 0.928934
v 0.261968 -0.052798 0.923981
v 0.340656 -0.060448 0.910323
v 0.414350 -0.063020 0.879615
v 0.492923 -0.067821 0.865756
v 0.558938 -0.067051 0.826273
v -0.031081 -0.118770 0.921387
v 0.045201 -0.107882 0.906205
v 0.120884 -0.096324 0.880672
v 0.202654 -0.095898 0.870183
v 0.288376 -0.116382 0.889108
v 0.359770 -0.120053 0.846013
v 0.455478 -0.136781 0.873351
v 0.525649 -0.136195 0.839164
v 0.588874 -0.133421 0.797080
v -0.087145 -0.187565 0.901207
v -0.008321 -0.175345 0.883871
v 0.071767 -0.164578 0.865833
v 0.153061 -0.156942 0.851308
v 0.233325 -0.158501 0.853710
v 0.298224 -0.169016 0.824684
v 0.406169 -0.201153 0.854480
v 0.488169 -0.206266 0.847079
v 0.554496 -0.202628 0.807023
v 0.614725 -0.197742 0.763548
v -0.145373 -0.255940 0.882888
v -0.065271 -0.243045 0.863348
v 0.018004 -0.231526 0.845680
v 0.101580 -0.218057 0.820340
v 0.188412 -0.215889 0.812154
v 0.273053 -0.235608 0.836490
v 0.332957 -0.247487 0.800852
v 0.444399 -0.274306 0.843975
v 0.516007 -0.271897 0.812145
v 0.579228 -0.266062 0.770516
v 0.636322 -0.259033 0.726633
v -0.202978 -0.322232 0.859077
v -0.126181 -0.310755 0.842130
v -0.039877 -0.297938 0.825629
v 0.046625 -0.285136 0.803718
v 0.130351 -0.254372 0.737932
v 0.226553 -0.278977 0.771429
v 0.308102 -0.313020 0.807532
v 0.383084 -0.321899 0.798813
v 0.471553 -0.337485 0.807223
v 0.539773 -0.333601 0.772883
v 0.599786 -0.325684 0.730881
v 0.653718 -0.316537 0.687355
v -0.249209 -0.384718 0.849824
v -0.179245 -0.375708 0.826547
v -0.098885 -0.361801 0.805526
v -0.012196 -0.349602 0.787256
v 0.076192 -0.336630 0.758714
v 0.162171 -0.307938 0.682651
v 0.254459 -0.345410 0.740106
v 0.331613 -0.365778 0.762471
v 0.413073 -0.381822 0.768646
v 0.496225 -0.398167 0.769159
v 0.559530 -0.390821 0.730880
v 0.616302 -0.380900 0.689266
v 0.667371 -0.369908 0.646829
v -0.276709 -0.446976 0.870699
v -0.220721 -0.437792 0.824658
v -0.149612 -0.423577 0.794906
v -0.071200 -0.407037 0.768048
v 0.013927 -0.394576 0.744205
v 0.102971 -0.380427 0.705410
v 0.188650 -0.370562 0.672285
v 0.275322 -0.402577 0.720333
v 0.354932 -0.416575 0.726384
v 0.436920 -0.436679 0.731072
v 0.516041 -0.453007 0.726262
v 0.575463 -0.443140 0.687343
v 0.629574 -0.431743 0.647006
v 0.679300 -0.420107 0.606970
v 1.024856 0.404623 0.005625
v 1.017355 0.340043 0.045382
v 1.006095 0.334809 -0.029835
v 1.011999 0.276556 0.084608
v 1.007900 0.273927 0.008732
v 0.996773 0.269072 -0.067499
v 1.016715 0.215200 0.123294
v 1.017510 0.213860 0.046343
v 1.010455 0.210396 -0.031737
v 0.993135 0.205024 -0.108498
v 0.991021 0.149606 0.155803
v 1.019558 0.148839 0.084940
v 1.017800 0.146585 0.005741
v 1.006707 0.142783 -0.073482
v 0.950192 0.133033 -0.137335
v 0.946669 0.076577 0.180033
v 1.010766 0.079887 0.123067
v 1.018309 0.078436 0.044523
v 1.013178 0.075951 -0.036481
v 0.993928 0.070828 -0.113119
v 0.908398 0.040827 -0.159079
v 0.985204 0.007675 0.238949
v 1.003284 0.008152 0.163644
v 1.014399 0.007019 0.084259
v 1.030072 0.003730 0.002508
v 1.005690 0.003394 -0.079426
v 0.988226 0.000675 -0.158213
v 0.969394 -0.000882 -0.235641
v 0.968034 -0.062568 0.278209
v 0.986534 -0.063822 0.203089
v 0.998439 -0.065217 0.124042
v 1.043678 -0.071129 0.045249
v 1.026532 -0.071229 -0.040744
v 0.991597 -0.068580 -0.121920
v 0.977311 -0.068361 -0.201063
v 0.958748 -0.067134 -0.276217
v 0.943263 -0.131880 0.314411
v 0.964461 -0.134712 0.241274
v 0.979958 -0.137121 0.163667
v 0.991997 -0.139488 0.082798
v 1.033282 -0.146929 0.000286
v 0.992422 -0.140925 -0.082373
v 0.976835 -0.138656 -0.162996
v 0.961008 -0.136410 -0.240533
v 0.940089 -0.133440 -0.313729
v 0.916210 -0.197637 0.348654
v 0.939260 -0.202528 0.278016
v 0.957531 -0.206499 0.202463
v 0.970275 -0.209404 0.123104
v 0.997138 -0.214083 0.041554
v 0.997046 -0.214050 -0.041096
v 0.970255 -0.209501 -0.123120
v 0.958218 -0.207205 -0.202697
v 0.940503 -0.203606 -0.278481
v 0.917462 -0.198549 -0.349165
v 0.886081 -0.259462 0.379710
v 0.912994 -0.266954 0.313399
v 0.933792 -0.273149 0.240161
v 0.950869 -0.278728 0.162839
v 0.963720 -0.282968 0.082477
v 0.979480 -0.286169 0.000275
v 0.965917 -0.284506 -0.083082
v 0.957449 -0.282834 -0.164943
v 0.943283 -0.278960 -0.243164
v 0.921843 -0.272236 -0.316109
v 0.894657 -0.263291 -0.383107
v 0.856401 -0.319899 0.409809
v 0.887890 -0.331603 0.348505
v 0.913046 -0.341998 0.278929
v 0.934295 -0.351121 0.203532
v 0.950503 -0.358491 0.123688
v 0.960254 -0.364294 0.041186
v 0.963448 -0.367222 -0.042674
v 0.959298 -0.365869 -0.126328
v 0.948950 -0.360141 -0.207171
v 0.929313 -0.351028 -0.282589
v 0.901944 -0.338933 -0.351594
v 0.869627 -0.325068 -0.414192
v 0.831526 -0.378132 0.440809
v 0.862867 -0.394289 0.382272
v 0.893391 -0.410957 0.317657
v 0.920976 -0.427368 0.246439
v 0.886791 -0.444136 0.161938
v 0.883652 -0.459423 0.075979
v 0.899428 -0.467803 -0.002181
v 0.897223 -0.468069 -0.077692
v 0.865118 -0.458124 -0.152268
v 0.864152 -0.437200 -0.237113
v 0.907432 -0.418410 -0.318357
v 0.877590 -0.400580 -0.384505
v 0.842259 -0.382945 -0.443758
v 0.800648 -0.430522 0.465920
v 0.834023 -0.451042 0.412011
v 0.869076 -0.473717 0.353145
v 0.904335 -0.497541 0.287905
v 0.935703 -0.519979 0.214358
v 0.960537 -0.539087 0.133251
v 0.979851 -0.551567 0.046215
v 0.986404 -0.554633 -0.044100
v 0.980492 -0.547025 -0.134697
v 0.958659 -0.529811 -0.218649
v 0.923658 -0.508237 -0.292984
v 0.892612 -0.484011 -0.361534
v 0.855021 -0.461125 -0.422483
v 0.815162 -0.438053 -0.474748
v 0.665492 -0.519768 -0.553832
v 0.632995 -0.571676 -0.531911
v 0.610590 -0.531440 -0.588417
v 0.593611 -0.621315 -0.504484
v 0.575826 -0.586481 -0.568727
v 0.555271 -0.546452 -0.627668
v 0.544268 -0.660047 -0.466364
v 0.526041 -0.630715 -0.534315
v 0.504767 -0.597522 -0.598972
v 0.482955 -0.554307 -0.655085
v 0.492292 -0.686581 -0.424393
v 0.471528 -0.654345 -0.484292
v 0.446212 -0.617760 -0.541269
v 0.418206 -0.575279 -0.594090
v 0.391641 -0.526171 -0.641931
v 0.433112 -0.699468 -0.379972
v 0.414507 -0.673219 -0.438861
v 0.389703 -0.639830 -0.492770
v 0.359441 -0.599743 -0.542849
v 0.331159 -0.556274 -0.594128
v 0.308018 -0.509585 -0.643563
v 0.365446 -0.699315 -0.334896
v 0.349952 -0.678915 -0.393422
v 0.329932 -0.655799 -0.448881
v 0.299951 -0.621617 -0.498299
v 0.271820 -0.583711 -0.550480
v 0.249329 -0.544051 -0.603591
v 0.227430 -0.497236 -0.648285
v 0.286088 -0.679585 -0.283950
v 0.263134 -0.660469 -0.336807
v 0.239234 -0.640631 -0.387813
v 0.214881 -0.616549 -0.437822
v 0.192439 -0.588012 -0.489755
v 0.173239 -0.555213 -0.542869
v 0.153919 -0.514632 -0.590397
v 0.133132 -0.465673 -0.629182
v 0.220443 -0.712839 -0.235626
v 0.199954 -0.699272 -0.293066
v 0.179132 -0.683699 -0.349787
v 0.157667 -0.662346 -0.404779
v 0.136398 -0.635200 -0.458965
v 0.116622 -0.603554 -0.512911
v 0.097084 -0.566896 -0.563833
v 0.076551 -0.525010 -0.609137
v 0.055607 -0.479527 -0.649569
v 0.170435 -0.764760 -0.201260
v 0.153178 -0.752935 -0.262310
v 0.135231 -0.740640 -0.323871
v 0.115762 -0.722516 -0.383638
v 0.094595 -0.696505 -0.440724
v 0.073203 -0.664443 -0.496109
v 0.052279 -0.628203 -0.549613
v 0.030949 -0.588390 -0.599354
v 0.008424 -0.545501 -0.643753
v -0.011893 -0.498624 -0.685410
v 0.128693 -0.822255 -0.173342
v 0.113474 -0.809543 -0.236168
v 0.097807 -0.798189 -0.301117
v 0.080955 -0.784313 -0.366127
v 0.061258 -0.761876 -0.427969
v 0.039252 -0.730408 -0.486154
v 0.016963 -0.693325 -0.542166
v -0.004749 -0.653053 -0.596122
v -0.026189 -0.610339 -0.646873
v -0.047222 -0.564835 -0.693281
v -0.062395 -0.512952 -0.736433
v 0.092332 -0.881401 -0.148492
v 0.076875 -0.865839 -0.210778
v 0.060837 -0.849996 -0.275654
v 0.045307 -0.837208 -0.343706
v 0.028337 -0.820978 -0.411661
v 0.008119 -0.793528 -0.475351
v -0.013849 -0.757238 -0.535182
v -0.035538 -0.716205 -0.592761
v -0.055689 -0.672401 -0.648558
v -0.073817 -0.626115 -0.701857
v -0.089912 -0.576627 -0.750401
v -0.106408 -0.522299 -0.787387
v 0.056461 -0.933364 -0.121602
v 0.039237 -0.918417 -0.182351
v 0.021019 -0.897960 -0.245390
v 0.003345 -0.878627 -0.311670
v -0.013259 -0.865038 -0.381699
v -0.031453 -0.844013 -0.450483
v -0.051422 -0.811247 -0.515448
v -0.071577 -0.771676 -0.577371
v -0.090965 -0.727587 -0.636033
v -0.109133 -0.679734 -0.690437
v -0.125940 -0.628833 -0.739465
v -0.141557 -0.575681 -0.781876
v -0.155814 -0.521764 -0.817862
v 0.015409 -0.963637 -0.087623
v -0.002635 -0.954706 -0.147175
v -0.021608 -0.940131 -0.209695
v -0.040779 -0.921997 -0.274899
v -0.059414 -0.903594 -0.342684
v -0.078295 -0.881702 -0.411115
v -0.097996 -0.851347 -0.477579
v -0.117854 -0.813380 -0.541136
v -0.137053 -0.770093 -0.601385
v -0.155148 -0.722575 -0.657324
v -0.171905 -0.671767 -0.707936
v -0.187205 -0.618802 -0.752624
v -0.200944 -0.565082 -0.791534
v -0.212975 -0.511843 -0.825698
v -0.317312 -0.531888 -0.829555
v -0.308499 -0.584475 -0.785852
v -0.371295 -0.563256 -0.817510
v -0.297726 -0.635560 -0.735937
v -0.362629 -0.619352 -0.766357
v -0.428993 -0.599869 -0.797726
v -0.284719 -0.685469 -0.684079
v -0.351513 -0.671588 -0.708592
v -0.420016 -0.658246 -0.738462
v -0.489004 -0.635509 -0.763310
v -0.269818 -0.732580 -0.627711
v -0.337979 -0.719125 -0.648687
v -0.408048 -0.709547 -0.673817
v -0.479231 -0.693560 -0.697039
v -0.568574 -0.676975 -0.725798
v -0.252902 -0.780294 -0.570433
v -0.322460 -0.760617 -0.584018
v -0.393371 -0.751400 -0.605240
v -0.465994 -0.740802 -0.627047
v -0.551959 -0.729928 -0.652538
v -0.658079 -0.704481 -0.674482
v -0.234089 -0.826635 -0.510365
v -0.305141 -0.802536 -0.520557
v -0.376588 -0.785237 -0.532982
v -0.449414 -0.773363 -0.549939
v -0.530634 -0.763203 -0.570905
v -0.636513 -0.752037 -0.597324
v -0.756871 -0.712900 -0.610842
v -0.213752 -0.867849 -0.446636
v -0.285679 -0.845187 -0.456476
v -0.358269 -0.820547 -0.464628
v -0.430902 -0.799682 -0.473283
v -0.503552 -0.777419 -0.482561
v -0.598880 -0.767968 -0.504494
v -0.718366 -0.747920 -0.526137
v -0.857715 -0.718816 -0.546562
v -0.192274 -0.902532 -0.380178
v -0.264015 -0.884866 -0.390192
v -0.337671 -0.857796 -0.396983
v -0.410926 -0.829702 -0.402468
v -0.483380 -0.801490 -0.407234
v -0.553470 -0.765395 -0.409059
v -0.661123 -0.755371 -0.431355
v -0.798185 -0.742156 -0.456317
v -0.944893 -0.726367 -0.476118
v -0.170153 -0.930227 -0.312368
v -0.240738 -0.917457 -0.321821
v -0.314348 -0.894927 -0.328786
v -0.388448 -0.863748 -0.333098
v -0.461177 -0.828715 -0.335640
v -0.531726 -0.791416 -0.337020
v -0.605688 -0.753624 -0.339882
v -0.710285 -0.734634 -0.356329
v -0.860204 -0.732104 -0.381084
v -0.995240 -0.717374 -0.393979
v -0.147786 -0.951620 -0.244802
v -0.216525 -0.942885 -0.253030
v -0.289049 -0.924632 -0.259379
v -0.363123 -0.897670 -0.263818
v -0.436523 -0.862886 -0.266269
v -0.507589 -0.821476 -0.266804
v -0.575285 -0.776174 -0.265925
v -0.642439 -0.729524 -0.265215
v -0.742783 -0.708210 -0.278509
v -0.890831 -0.712000 -0.300008
v -1.015216 -0.690315 -0.307104
v -0.125447 -0.967776 -0.178902
v -0.191970 -0.961955 -0.185401
v -0.262726 -0.947282 -0.190588
v -0.335813 -0.924286 -0.194446
v -0.409167 -0.893596 -0.196965
v -0.480987 -0.855890 -0.198111
v -0.549874 -0.812168 -0.197911
v -0.614822 -0.763805 -0.196501
v -0.674898 -0.711960 -0.193973
v -0.752002 -0.675242 -0.198737
v -0.875526 -0.666355 -0.213581
v -0.998971 -0.646684 -0.219908
v -0.103445 -0.979383 -0.115698
v -0.167572 -0.975628 -0.120167
v -0.236126 -0.963782 -0.123824
v -0.307546 -0.944210 -0.126652
v -0.380013 -0.917381 -0.128667
v -0.451804 -0.883690 -0.129856
v -0.521450 -0.843727 -0.130198
v -0.587786 -0.798552 -0.129731
v -0.649752 -0.749207 -0.128497
v -0.706258 -0.696557 -0.126518
v -0.756749 -0.641857 -0.123894
v -0.811738 -0.593484 -0.123810
v -0.895558 -0.563169 -0.129816
v -0.082137 -0.986213 -0.055852
v -0.143758 -0.984509 -0.058188
v -0.209887 -0.975198 -0.060028
v -0.279212 -0.958789 -0.061427
v -0.350155 -0.935530 -0.062495
v -0.421140 -0.905597 -0.063282
v -0.490763 -0.869300 -0.063757
v -0.557816 -0.827521 -0.063842
v -0.621093 -0.781208 -0.063472
v -0.679677 -0.732856 -0.063533
v -0.732808 -0.681470 -0.063129
v -0.779724 -0.626470 -0.061462
v -0.820310 -0.569921 -0.058978
v -0.855244 -0.515099 -0.056844
v -1.069608 -0.634108 0.072771
v -0.926497 -0.650136 0.062591
v -1.111617 -0.689998 0.149498
v -0.796841 -0.663118 0.051151
v -0.963530 -0.718853 0.134593
v -1.109208 -0.725400 0.231797
v -0.737699 -0.713319 0.050063
v -0.806236 -0.736400 0.113883
v -0.956670 -0.768384 0.210361
v -1.072587 -0.743718 0.314077
v -0.682871 -0.761495 0.053761
v -0.715750 -0.762836 0.112174
v -0.787517 -0.793176 0.183689
v -0.903778 -0.798674 0.282540
v -0.996749 -0.751540 0.390443
v -0.622596 -0.799905 0.059821
v -0.655439 -0.802763 0.119958
v -0.687273 -0.806437 0.183604
v -0.740552 -0.817415 0.259167
v -0.814564 -0.811860 0.357631
v -0.879366 -0.769798 0.471818
v -0.558967 -0.836408 0.065295
v -0.590779 -0.831259 0.128777
v -0.622053 -0.834780 0.193997
v -0.651097 -0.830761 0.262882
v -0.681830 -0.817227 0.340443
v -0.731147 -0.810058 0.449354
v -0.774571 -0.778711 0.573547
v -0.492262 -0.877203 0.067169
v -0.523973 -0.860378 0.135259
v -0.554208 -0.854605 0.203043
v -0.582846 -0.850166 0.272744
v -0.608594 -0.833980 0.345147
v -0.633218 -0.813868 0.433285
v -0.658511 -0.789481 0.543098
v -0.690316 -0.761964 0.665468
v -0.422752 -0.914303 0.067271
v -0.454625 -0.899701 0.136550
v -0.485065 -0.880828 0.207856
v -0.513293 -0.867286 0.279109
v -0.538962 -0.849730 0.350547
v -0.563633 -0.827552 0.430807
v -0.588876 -0.806343 0.530592
v -0.612595 -0.780189 0.638854
v -0.635886 -0.734698 0.741442
v -0.351778 -0.944154 0.066531
v -0.382944 -0.933756 0.135608
v -0.413436 -0.918381 0.207393
v -0.442236 -0.896697 0.280130
v -0.468350 -0.872657 0.352179
v -0.492757 -0.844967 0.427129
v -0.518133 -0.820326 0.516819
v -0.542553 -0.793934 0.617481
v -0.563833 -0.756502 0.715468
v -0.581994 -0.701978 0.799841
v -0.280729 -0.966378 0.064919
v -0.310448 -0.959036 0.133012
v -0.340147 -0.947178 0.204243
v -0.368873 -0.929129 0.276977
v -0.395594 -0.903298 0.349246
v -0.420221 -0.870535 0.421733
v -0.445250 -0.836824 0.502796
v -0.470848 -0.805759 0.594678
v -0.494325 -0.772239 0.689781
v -0.513380 -0.727306 0.774457
v -0.528303 -0.668530 0.844791
v -0.211001 -0.980916 0.062522
v -0.238635 -0.975203 0.128802
v -0.266836 -0.965119 0.198448
v -0.294666 -0.949187 0.269978
v -0.321121 -0.925969 0.341618
v -0.345590 -0.894813 0.412364
v -0.369655 -0.858467 0.487351
v -0.395408 -0.821398 0.570745
v -0.421452 -0.786624 0.660060
v -0.444294 -0.744791 0.745257
v -0.462320 -0.694444 0.817704
v -0.475725 -0.636550 0.877476
v -0.144047 -0.987897 0.059579
v -0.168997 -0.982577 0.123244
v -0.195144 -0.972434 0.190298
v -0.221493 -0.956445 0.259380
v -0.247024 -0.933589 0.328962
v -0.270925 -0.903740 0.397609
v -0.294097 -0.868945 0.468303
v -0.318497 -0.833214 0.545133
v -0.346057 -0.799652 0.628807
v -0.371922 -0.758943 0.710383
v -0.394264 -0.713051 0.785137
v -0.412216 -0.662218 0.847320
v -0.425105 -0.607153 0.898430
v -0.081236 -0.987844 0.056451
v -0.102988 -0.982106 0.116835
v -0.126613 -0.970433 0.180428
v -0.151089 -0.953012 0.246124
v -0.175326 -0.928422 0.312337
v -0.198609 -0.898367 0.378315
v -0.221430 -0.866783 0.445135
v -0.246775 -0.841533 0.520171
v -0.274058 -0.816547 0.600659
v -0.300430 -0.779460 0.678778
v -0.324532 -0.730883 0.748324
v -0.346337 -0.681060 0.810228
v -0.364429 -0.631659 0.863882
v -0.377460 -0.579050 0.907118
v 0.764204 -0.541336 -0.484153
v 0.808482 -0.573192 -0.436908
v 0.731025 -0.591814 -0.456149
v 0.852577 -0.606758 -0.380156
v 0.771516 -0.624520 -0.402474
v 0.683727 -0.636149 -0.417577
v 0.897433 -0.642249 -0.315342
v 0.813799 -0.660709 -0.340737
v 0.717151 -0.667064 -0.356648
v 0.631222 -0.674894 -0.376656
v 0.946209 -0.682426 -0.243217
v 0.858297 -0.700378 -0.271493
v 0.753029 -0.702391 -0.289661
v 0.658375 -0.702933 -0.311943
v 0.582310 -0.717096 -0.340113
v 0.989478 -0.722209 -0.156499
v 0.908089 -0.746540 -0.194416
v 0.788851 -0.739513 -0.215284
v 0.687989 -0.738447 -0.244447
v 0.601404 -0.738429 -0.271504
v 0.524059 -0.731474 -0.295999
v 1.000103 -0.737904 -0.049470
v 0.940094 -0.779563 -0.099414
v 0.823015 -0.775057 -0.133506
v 0.713056 -0.768558 -0.168008
v 0.618858 -0.759683 -0.199025
v 0.537169 -0.747544 -0.226749
v 0.459120 -0.737217 -0.253380
v 0.987239 -0.730407 0.060308
v 0.940327 -0.782798 0.009379
v 0.840381 -0.792503 -0.040700
v 0.730288 -0.787778 -0.083477
v 0.632443 -0.775311 -0.120827
v 0.548966 -0.762614 -0.154180
v 0.469554 -0.751048 -0.186316
v 0.389989 -0.736300 -0.215921
v 0.965056 -0.711266 0.159462
v 0.926305 -0.769313 0.113216
v 0.838579 -0.788725 0.056421
v 0.737498 -0.794368 0.005004
v 0.640833 -0.784890 -0.039204
v 0.557850 -0.775264 -0.078772
v 0.478937 -0.765500 -0.115988
v 0.397639 -0.739034 -0.153111
v 0.320342 -0.716395 -0.171046
v 0.930473 -0.682430 0.247081
v 0.899716 -0.744689 0.208031
v 0.824340 -0.772619 0.150250
v 0.732089 -0.786583 0.093688
v 0.641583 -0.786962 0.044264
v 0.561488 -0.781842 -0.001724
v 0.485302 -0.778665 -0.043181
v 0.405918 -0.755426 -0.085112
v 0.330894 -0.734414 -0.108947
v 0.253311 -0.745511 -0.120135
v 0.885872 -0.645078 0.317974
v 0.862408 -0.711356 0.288566
v 0.800177 -0.748124 0.236453
v 0.717486 -0.769051 0.178635
v 0.635661 -0.782090 0.127452
v 0.558214 -0.777710 0.075459
v 0.487233 -0.786328 0.031070
v 0.407431 -0.760736 -0.013954
v 0.335288 -0.747880 -0.042860
v 0.261669 -0.759578 -0.059040
v 0.197081 -0.791110 -0.081177
v 0.834987 -0.602486 0.372748
v 0.815166 -0.669265 0.350407
v 0.766924 -0.715933 0.309101
v 0.697937 -0.747117 0.256912
v 0.625321 -0.766365 0.205047
v 0.551938 -0.768489 0.151323
v 0.484006 -0.783757 0.105375
v 0.407364 -0.763449 0.059602
v 0.334611 -0.756087 0.024478
v 0.265322 -0.771246 0.003593
v 0.204039 -0.802642 -0.020283
v 0.151586 -0.845824 -0.050955
v 0.787740 -0.564064 0.421503
v 0.766507 -0.626559 0.401063
v 0.728419 -0.679411 0.369267
v 0.673908 -0.720824 0.327105
v 0.608353 -0.742946 0.276386
v 0.540182 -0.748191 0.222174
v 0.473322 -0.756487 0.173170
v 0.404789 -0.752019 0.127458
v 0.331968 -0.759337 0.088637
v 0.265885 -0.781329 0.064606
v 0.207576 -0.813864 0.039986
v 0.157761 -0.856553 0.009959
v 0.114555 -0.903746 -0.026032
v 0.748746 -0.533755 0.470375
v 0.725477 -0.591536 0.450674
v 0.692257 -0.645575 0.424372
v 0.646891 -0.691421 0.389312
v 0.587391 -0.716632 0.341677
v 0.523859 -0.722065 0.288232
v 0.459710 -0.728755 0.237244
v 0.395991 -0.731397 0.189081
v 0.325359 -0.752466 0.149141
v 0.262077 -0.784629 0.122740
v 0.207223 -0.822544 0.097963
v 0.160451 -0.866776 0.069489
v 0.119548 -0.913340 0.035971
v 0.076938 -0.950482 0.001435
v -0.282846 -0.554432 0.864469
v -0.264793 -0.605366 0.832345
v -0.229327 -0.548564 0.815311
v -0.244629 -0.654238 0.788429
v -0.208946 -0.594312 0.777381
v -0.166470 -0.530497 0.765973
v -0.222721 -0.698873 0.731896
v -0.187282 -0.635819 0.728108
v -0.142537 -0.571979 0.724309
v -0.096363 -0.507983 0.722225
v -0.198405 -0.737523 0.665948
v -0.162852 -0.674072 0.671285
v -0.117705 -0.612267 0.675836
v -0.071345 -0.548346 0.677940
v -0.020069 -0.488119 0.684055
v -0.170707 -0.772242 0.597330
v -0.134361 -0.712130 0.611946
v -0.090798 -0.652985 0.623449
v -0.045656 -0.589335 0.629282
v 0.005046 -0.528381 0.636583
v 0.061866 -0.470819 0.646693
v -0.140380 -0.805140 0.529006
v -0.102214 -0.750961 0.551319
v -0.061115 -0.695530 0.569530
v -0.018882 -0.631365 0.577170
v 0.030143 -0.569750 0.584219
v 0.084119 -0.508436 0.591591
v 0.139989 -0.438274 0.589758
v -0.110590 -0.835528 0.462552
v -0.068253 -0.792909 0.492777
v -0.028685 -0.741004 0.516189
v 0.009171 -0.674391 0.523688
v 0.056272 -0.612674 0.529567
v 0.107638 -0.551199 0.533364
v 0.158097 -0.479972 0.530751
v 0.233461 -0.437083 0.601050
v -0.084033 -0.863610 0.398466
v -0.037372 -0.834271 0.436177
v 0.004119 -0.788093 0.463956
v 0.037458 -0.717119 0.470831
v 0.083876 -0.655972 0.477672
v 0.136433 -0.598873 0.483806
v 0.189119 -0.537995 0.486520
v 0.251388 -0.474544 0.530728
v 0.317552 -0.479991 0.624409
v -0.059964 -0.889967 0.333294
v -0.011273 -0.866530 0.373528
v 0.033415 -0.829585 0.407938
v 0.063415 -0.756342 0.417851
v 0.110263 -0.696348 0.428465
v 0.166017 -0.644996 0.442576
v 0.226184 -0.597594 0.460576
v 0.291507 -0.544398 0.491355
v 0.344498 -0.529760 0.568756
v 0.401859 -0.510499 0.631905
v -0.037496 -0.916947 0.269562
v 0.011734 -0.892112 0.308177
v 0.056965 -0.858928 0.344935
v 0.085166 -0.788890 0.362553
v 0.132672 -0.730870 0.378264
v 0.190467 -0.683186 0.399370
v 0.255639 -0.647095 0.431529
v 0.329033 -0.625818 0.493491
v 0.377845 -0.582435 0.528773
v 0.428852 -0.556530 0.580994
v 0.481248 -0.532286 0.634258
v -0.016163 -0.935178 0.205768
v 0.033021 -0.913844 0.244032
v 0.077586 -0.882115 0.280863
v 0.104500 -0.815821 0.304702
v 0.150943 -0.759142 0.324958
v 0.208834 -0.711574 0.349122
v 0.274537 -0.676674 0.384878
v 0.349151 -0.666021 0.446666
v 0.399861 -0.623680 0.483016
v 0.452718 -0.597516 0.528432
v 0.504628 -0.573115 0.577825
v 0.553747 -0.542203 0.623245
v 0.003910 -0.955722 0.145685
v 0.052004 -0.931790 0.181749
v 0.095730 -0.900566 0.218066
v 0.124762 -0.840407 0.245434
v 0.167463 -0.783439 0.268887
v 0.223594 -0.734381 0.293818
v 0.287304 -0.693197 0.326697
v 0.356631 -0.669220 0.378896
v 0.414803 -0.650084 0.424899
v 0.471651 -0.632742 0.471911
v 0.526036 -0.611682 0.519561
v 0.575665 -0.582150 0.563874
v 0.612791 -0.532829 0.589478
v 0.021146 -0.968428 0.088109
v 0.068186 -0.948769 0.123406
v 0.110049 -0.913482 0.157132
v 0.143932 -0.860525 0.186105
v 0.184707 -0.805478 0.211625
v 0.237725 -0.756066 0.236841
v 0.300085 -0.712217 0.266523
v 0.364571 -0.671496 0.308146
v 0.428385 -0.671962 0.361878
v 0.488331 -0.663682 0.411975
v 0.545505 -0.648954 0.460187
v 0.597782 -0.622298 0.504678
v 0.636900 -0.574667 0.533770
v 0.666319 -0.520966 0.553418
vn 0.2115 -0.9767 0.0373
vn 0.6563 -0.3913 0.6451
vn 0.1366 -0.9905 0.0152
vn 0.1367 -0.9893 -0.0510
vn 0.2487 -0.9646 -0.0881
vn 0.6991 -0.3174 0.6407
vn 0.6275 -0.1347 0.7669
vn -0.2126 -0.3708 -0.9040
vn 0.1384 -0.3670 -0.9199
vn 0.5576 -0.3116 -0.7694
vn 0.7076 -0.3303 0.6246
vn 0.5620 -0.1004 0.8210
vn -0.2213 -0.3065 -0.9258
vn 0.0963 -0.4021 -0.9105
vn 0.6581 -0.2455 -0.7118
vn 0.2950 0.4502 0.8428
vn -0.7396 0.3119 0.5965
vn -0.8137 0.1937 -0.5481
vn 0.2876 0.4508 -0.8450
vn 0.6944 0.6979 -0.1753
vn 0.0478 0.9982 -0.0354
vn 0.0754 0.9955 -0.0567
vn 0.1237 0.9893 -0.0777
vn 0.2141 0.9727 -0.0893
vn 0.3439 0.9349 -0.0881
vn 0.4661 0.8807 -0.0839
vn 0.5691 0.8185 -0.0789
vn 0.6320 0.7700 -0.0870
vn 0.6738 0.7325 -0.0972
vn 0.7069 0.6991 -0.1074
vn 0.7333 0.6696 -0.1179
vn 0.7578 0.6401 -0.1264
vn 0.7418 0.6517 -0.1578
vn 0.6034 0.7870 -0.1287
vn 0.5765 0.8074 -0.1257
vn 0.0742 0.9956 -0.0571
vn 0.0749 0.9905 -0.1157
vn 0.1094 0.9905 -0.0833
vn 0.1091 0.9834 -0.1449
vn 0.1104 0.9833 -0.1445
vn 0.1094 0.9733 -0.2020
vn 0.1669 0.9799 -0.1095
vn 0.1648 0.9709 -0.1736
vn 0.1525 0.9721 -0.1782
vn 0.1501 0.9606 -0.2339
vn 0.1498 0.9606 -0.2340
vn 0.1467 0.9465 -0.2874
vn 0.2661 0.9557 -0.1261
vn 0.2618 0.9458 -0.1924
vn 0.2170 0.9530 -0.2113
vn 0.2125 0.9401 -0.2667
vn 0.2000 0.9415 -0.2713
vn 0.1953 0.9263 -0.3223
vn 0.1931 0.9265 -0.3230
vn 0.1879 0.9096 -0.3706
vn 0.3945 0.9104 -0.1248
vn 0.3887 0.9010 -0.1924
vn 0.3145 0.9212 -0.2290
vn 0.3069 0.9066 -0.2898
vn 0.2685 0.9134 -0.3060
vn 0.2619 0.8981 -0.3533
vn 0.2463 0.9002 -0.3591
vn 0.2398 0.8836 -0.4022
vn 0.2336 0.8843 -0.4042
vn 0.2264 0.8657 -0.4465
vn 0.5109 0.8515 -0.1183
vn 0.5044 0.8434 -0.1851
vn 0.4353 0.8716 -0.2255
vn 0.4256 0.8572 -0.2898
vn 0.3575 0.8760 -0.3239
vn 0.3480 0.8597 -0.3741
vn 0.3140 0.8663 -0.3886
vn 0.3059 0.8501 -0.4287
vn 0.2880 0.8529 -0.4355
vn 0.2800 0.8357 -0.4724
vn 0.2690 0.8371 -0.4763
vn 0.2606 0.8187 -0.5117
vn 0.6049 0.7889 -0.1084
vn 0.5981 0.7819 -0.1757
vn 0.5429 0.8121 -0.2140
vn 0.5326 0.7997 -0.2774
vn 0.4656 0.8262 -0.3172
vn 0.4533 0.8092 -0.3737
vn 0.3939 0.8257 -0.4037
vn 0.3839 0.8099 -0.4435
vn 0.3509 0.8168 -0.4579
vn 0.3420 0.8011 -0.4913
vn 0.3210 0.8046 -0.4996
vn 0.3120 0.7874 -0.5317
vn 0.2982 0.7892 -0.5369
vn 0.2888 0.7709 -0.5677
vn 0.6585 0.7444 -0.1107
vn 0.6514 0.7369 -0.1806
vn 0.6276 0.7525 -0.1995
vn 0.6173 0.7417 -0.2624
vn 0.5638 0.7695 -0.2999
vn 0.5511 0.7546 -0.3562
vn 0.4862 0.7794 -0.3951
vn 0.4734 0.7627 -0.4406
vn 0.4218 0.7772 -0.4670
vn 0.4116 0.7622 -0.4997
vn 0.3789 0.7693 -0.5144
vn 0.3696 0.7541 -0.5429
vn 0.3453 0.7583 -0.5530
vn 0.3364 0.7426 -0.5792
vn 0.3178 0.7449 -0.5865
vn 0.3082 0.7275 -0.6131
vn 0.6959 0.7084 -0.1181
vn 0.6886 0.7004 -0.1877
vn 0.6741 0.7109 -0.2004
vn 0.6640 0.7002 -0.2624
vn 0.6410 0.7144 -0.2807
vn 0.6288 0.7015 -0.3354
vn 0.5753 0.7280 -0.3729
vn 0.5618 0.7124 -0.4205
vn 0.5003 0.7353 -0.4573
vn 0.4883 0.7200 -0.4931
vn 0.4411 0.7333 -0.5175
vn 0.4314 0.7194 -0.5443
vn 0.3975 0.7269 -0.5600
vn 0.3883 0.7125 -0.5845
vn 0.3625 0.7168 -0.5956
vn 0.3538 0.7023 -0.6178
vn 0.3306 0.7050 -0.6274
vn 0.3201 0.6869 -0.6524
vn 0.7257 0.6764 -0.1257
vn 0.7182 0.6681 -0.1946
vn 0.7072 0.6767 -0.2048
vn 0.6972 0.6657 -0.2660
vn 0.6829 0.6754 -0.2782
vn 0.6720 0.6636 -0.3288
vn 0.6467 0.6784 -0.3486
vn 0.6342 0.6648 -0.3947
vn 0.5799 0.6905 -0.4323
vn 0.5671 0.6755 -0.4712
vn 0.5092 0.6964 -0.5057
vn 0.4986 0.6829 -0.5340
vn 0.4533 0.6955 -0.5575
vn 0.4443 0.6827 -0.5801
vn 0.4086 0.6904 -0.5969
vn 0.4000 0.6771 -0.6177
vn 0.3727 0.6815 -0.6298
vn 0.3613 0.6629 -0.6558
vn 0.3398 0.6651 -0.6650
vn 0.3273 0.6444 -0.6911
vn 0.7503 0.6473 -0.1343
vn 0.7427 0.6387 -0.2013
vn 0.7341 0.6459 -0.2095
vn 0.7244 0.6347 -0.2691
vn 0.7127 0.6434 -0.2795
vn 0.7021 0.6315 -0.3290
vn 0.6875 0.6411 -0.3411
vn 0.6777 0.6302 -0.3789
vn 0.6463 0.6479 -0.4031
vn 0.6340 0.6340 -0.4429
vn 0.5801 0.6585 -0.4794
vn 0.5687 0.6447 -0.5108
vn 0.5138 0.6641 -0.5431
vn 0.5045 0.6518 -0.5663
vn 0.4599 0.6640 -0.5896
vn 0.4500 0.6497 -0.6128
vn 0.4171 0.6565 -0.6284
vn 0.4059 0.6393 -0.6531
vn 0.3772 0.6436 -0.6660
vn 0.3658 0.6255 -0.6891
vn 0.3408 0.6278 -0.6998
vn 0.3290 0.6084 -0.7222
vn 0.7661 0.6285 -0.1342
vn 0.7556 0.6181 -0.2168
vn 0.7575 0.6164 -0.2150
vn 0.7473 0.6051 -0.2746
vn 0.7390 0.6118 -0.2821
vn 0.7294 0.6005 -0.3278
vn 0.7153 0.6106 -0.3398
vn 0.7064 0.6001 -0.3753
vn 0.6904 0.6104 -0.3883
vn 0.6818 0.6004 -0.4179
vn 0.6417 0.6224 -0.4481
vn 0.6304 0.6086 -0.4819
vn 0.5778 0.6318 -0.5166
vn 0.5668 0.6175 -0.5454
vn 0.5172 0.6347 -0.5742
vn 0.5058 0.6189 -0.6010
vn 0.4649 0.6299 -0.6222
vn 0.4540 0.6138 -0.6458
vn 0.4199 0.6208 -0.6621
vn 0.4089 0.6038 -0.6842
vn 0.3789 0.6080 -0.6977
vn 0.3680 0.5906 -0.7182
vn 0.3404 0.5928 -0.7299
vn 0.3272 0.5714 -0.7526
vn 0.6616 0.7450 -0.0854
vn 0.6510 0.7341 -0.1932
vn 0.6891 0.7062 -0.1628
vn 0.6749 0.6899 -0.2619
vn 0.7040 0.6688 -0.2391
vn 0.6869 0.6475 -0.3301
vn 0.7100 0.6313 -0.3121
vn 0.6940 0.6105 -0.3817
vn 0.7043 0.6036 -0.3736
vn 0.6920 0.5875 -0.4194
vn 0.6881 0.5899 -0.4225
vn 0.6748 0.5727 -0.4655
vn 0.6417 0.5904 -0.4896
vn 0.6296 0.5744 -0.5231
vn 0.5810 0.5956 -0.5547
vn 0.5709 0.5816 -0.5794
vn 0.5189 0.5996 -0.6093
vn 0.5086 0.5848 -0.6319
vn 0.4662 0.5961 -0.6537
vn 0.4561 0.5808 -0.6743
vn 0.4197 0.5880 -0.6914
vn 0.4078 0.5692 -0.7140
vn 0.3799 0.5729 -0.7263
vn 0.3660 0.5506 -0.7502
vn 0.3398 0.5524 -0.7612
vn 0.3263 0.5308 -0.7822
vn 0.5893 0.7994 -0.1171
vn 0.5852 0.7922 -0.1732
vn 0.6041 0.7808 -0.1591
vn 0.5983 0.7713 -0.2171
vn 0.6051 0.7674 -0.2122
vn 0.5973 0.7549 -0.2708
vn 0.6012 0.7528 -0.2681
vn 0.5916 0.7376 -0.3254
vn 0.6046 0.7308 -0.3167
vn 0.5920 0.7112 -0.3792
vn 0.6150 0.6995 -0.3640
vn 0.5959 0.6708 -0.4414
vn 0.6190 0.6596 -0.4262
vn 0.5915 0.6196 -0.5159
vn 0.6058 0.6133 -0.5069
vn 0.5792 0.5745 -0.5783
vn 0.5740 0.5766 -0.5814
vn 0.5585 0.5535 -0.6179
vn 0.5200 0.5664 -0.6393
vn 0.5093 0.5502 -0.6617
vn 0.4683 0.5610 -0.6826
vn 0.4557 0.5413 -0.7067
vn 0.4208 0.5480 -0.7229
vn 0.4087 0.5287 -0.7440
vn 0.3768 0.5328 -0.7578
vn 0.3642 0.5125 -0.7776
vn 0.3361 0.5143 -0.7890
vn 0.3232 0.4933 -0.8076
vn 0.6663 0.7192 -0.1968
vn 0.6649 0.7148 -0.2168
vn 0.6569 0.7202 -0.2233
vn 0.6556 0.7165 -0.2385
vn 0.6442 0.7237 -0.2477
vn 0.6416 0.7173 -0.2717
vn 0.6214 0.7291 -0.2869
vn 0.6185 0.7229 -0.3080
vn 0.5926 0.7365 -0.3260
vn 0.5895 0.7302 -0.3455
vn 0.5658 0.7413 -0.3609
vn 0.5597 0.7304 -0.3914
vn 0.5416 0.7380 -0.4025
vn 0.5277 0.7155 -0.4578
vn 0.5186 0.7189 -0.4629
vn 0.4909 0.6770 -0.5484
vn 0.5180 0.6679 -0.5344
vn 0.4772 0.6079 -0.6346
vn 0.5384 0.5877 -0.6039
vn 0.5028 0.5352 -0.6788
vn 0.5208 0.5295 -0.6696
vn 0.5078 0.5095 -0.6946
vn 0.4674 0.5201 -0.7149
vn 0.4551 0.5005 -0.7364
vn 0.4205 0.5071 -0.7524
vn 0.4088 0.4882 -0.7711
vn 0.3752 0.4923 -0.7854
vn 0.3628 0.4722 -0.8034
vn 0.3335 0.4739 -0.8150
vn 0.3194 0.4510 -0.8334
vn 0.0470 0.9983 -0.0357
vn 0.0753 0.9904 -0.1156
vn 0.1106 0.9732 -0.2017
vn 0.1470 0.9465 -0.2873
vn 0.1848 0.9099 -0.3715
vn 0.2212 0.8662 -0.4481
vn 0.2507 0.8196 -0.5151
vn 0.2746 0.7722 -0.5730
vn 0.2910 0.7288 -0.6198
vn 0.2997 0.6882 -0.6607
vn 0.3037 0.6455 -0.7008
vn 0.3034 0.6092 -0.7327
vn 0.2994 0.5718 -0.7638
vn 0.2964 0.5309 -0.7939
vn 0.2930 0.4933 -0.8190
vn 0.0397 0.9970 -0.0658
vn 0.0363 0.9971 -0.0667
vn 0.0678 0.9869 -0.1466
vn 0.0645 0.9870 -0.1475
vn 0.0290 0.9948 -0.0975
vn 0.0179 0.9948 -0.1001
vn 0.1024 0.9666 -0.2349
vn 0.0994 0.9667 -0.2357
vn 0.0569 0.9819 -0.1805
vn 0.0460 0.9820 -0.1830
vn 0.0102 0.9911 -0.1327
vn -0.0124 0.9905 -0.1370
vn 0.1381 0.9366 -0.3220
vn 0.1349 0.9368 -0.3229
vn 0.0910 0.9582 -0.2711
vn 0.0801 0.9585 -0.2737
vn 0.0376 0.9750 -0.2189
vn 0.0151 0.9746 -0.2234
vn -0.0213 0.9847 -0.1729
vn -0.0583 0.9822 -0.1788
vn 0.1757 0.8974 -0.4048
vn 0.1691 0.8978 -0.4066
vn 0.1256 0.9243 -0.3604
vn 0.1143 0.9246 -0.3633
vn 0.0708 0.9473 -0.3124
vn 0.0482 0.9471 -0.3174
vn 0.0054 0.9647 -0.2633
vn -0.0317 0.9624 -0.2698
vn -0.0693 0.9732 -0.2194
vn -0.1217 0.9664 -0.2263
vn 0.2113 0.8504 -0.4819
vn 0.2023 0.8510 -0.4847
vn 0.1592 0.8818 -0.4439
vn 0.1456 0.8822 -0.4477
vn 0.1040 0.9087 -0.4043
vn 0.0810 0.9085 -0.4099
vn 0.0374 0.9320 -0.3605
vn 0.0004 0.9298 -0.3680
vn -0.0436 0.9482 -0.3146
vn -0.0959 0.9416 -0.3227
vn -0.1353 0.9527 -0.2722
vn -0.2016 0.9388 -0.2794
vn 0.2404 0.8014 -0.5477
vn 0.2283 0.8021 -0.5518
vn 0.1918 0.8315 -0.5214
vn 0.1753 0.8319 -0.5265
vn 0.1346 0.8619 -0.4889
vn 0.1101 0.8615 -0.4957
vn 0.0691 0.8881 -0.4545
vn 0.0321 0.8856 -0.4633
vn -0.0126 0.9096 -0.4152
vn -0.0644 0.9029 -0.4251
vn -0.1106 0.9216 -0.3721
vn -0.1757 0.9077 -0.3810
vn -0.2181 0.9186 -0.3295
vn -0.2935 0.8951 -0.3358
vn 0.2646 0.7529 -0.6026
vn 0.2473 0.7537 -0.6090
vn 0.2173 0.7797 -0.5872
vn 0.1984 0.7799 -0.5937
vn 0.1639 0.8081 -0.5658
vn 0.1373 0.8072 -0.5741
vn 0.0977 0.8365 -0.5392
vn 0.0601 0.8333 -0.5495
vn 0.0184 0.8599 -0.5101
vn -0.0329 0.8525 -0.5218
vn -0.0797 0.8765 -0.4747
vn -0.1448 0.8619 -0.4859
vn -0.1933 0.8799 -0.4340
vn -0.2686 0.8557 -0.4422
vn -0.3132 0.8655 -0.3910
vn -0.3939 0.8301 -0.3947
vn 0.2805 0.7065 -0.6497
vn 0.2608 0.7070 -0.6574
vn 0.2364 0.7295 -0.6418
vn 0.2130 0.7291 -0.6504
vn 0.1863 0.7526 -0.6316
vn 0.1574 0.7508 -0.6415
vn 0.1242 0.7778 -0.6161
vn 0.0851 0.7735 -0.6281
vn 0.0457 0.8019 -0.5957
vn -0.0070 0.7929 -0.6093
vn -0.0495 0.8186 -0.5723
vn -0.1160 0.8022 -0.5857
vn -0.1639 0.8247 -0.5413
vn -0.2403 0.7989 -0.5514
vn -0.2900 0.8149 -0.5019
vn -0.3695 0.7790 -0.5067
vn -0.4163 0.7868 -0.4557
vn -0.4939 0.7412 -0.4546
vn 0.2879 0.6609 -0.6931
vn 0.2642 0.6609 -0.7024
vn 0.2480 0.6763 -0.6936
vn 0.2215 0.6751 -0.7037
vn 0.1993 0.6955 -0.6903
vn 0.1670 0.6925 -0.7018
vn 0.1424 0.7138 -0.6857
vn 0.1019 0.7079 -0.6989
vn 0.0688 0.7338 -0.6759
vn 0.0171 0.7233 -0.6903
vn -0.0245 0.7513 -0.6595
vn -0.0894 0.7336 -0.6737
vn -0.1348 0.7585 -0.6376
vn -0.2107 0.7311 -0.6490
vn -0.2607 0.7514 -0.6062
vn -0.3418 0.7133 -0.6118
vn -0.3912 0.7263 -0.5652
vn -0.4693 0.6796 -0.5639
vn -0.5152 0.6849 -0.5152
vn -0.5861 0.6316 -0.5075
vn 0.2934 0.6192 -0.7284
vn 0.2651 0.6186 -0.7396
vn 0.2526 0.6309 -0.7336
vn 0.2223 0.6287 -0.7452
vn 0.2087 0.6416 -0.7381
vn 0.1735 0.6373 -0.7509
vn 0.1531 0.6555 -0.7395
vn 0.1102 0.6479 -0.7537
vn 0.0866 0.6674 -0.7396
vn 0.0335 0.6548 -0.7550
vn 0.0003 0.6790 -0.7341
vn -0.0644 0.6592 -0.7492
vn -0.1074 0.6854 -0.7202
vn -0.1836 0.6560 -0.7321
vn -0.2300 0.6781 -0.6980
vn -0.3111 0.6387 -0.7037
vn -0.3612 0.6557 -0.6630
vn -0.4389 0.6085 -0.6611
vn -0.4875 0.6185 -0.6163
vn -0.5582 0.5653 -0.6073
vn -0.6018 0.5686 -0.5609
vn -0.6594 0.5155 -0.5472
vn 0.2927 0.5787 -0.7612
vn 0.2629 0.5775 -0.7729
vn 0.2539 0.5866 -0.7691
vn 0.2198 0.5834 -0.7818
vn 0.2099 0.5931 -0.7773
vn 0.1711 0.5873 -0.7910
vn 0.1596 0.5980 -0.7855
vn 0.1136 0.5884 -0.8005
vn 0.0950 0.6043 -0.7911
vn 0.0397 0.5896 -0.8068
vn 0.0169 0.6070 -0.7945
vn -0.0485 0.5851 -0.8095
vn -0.0820 0.6070 -0.7904
vn -0.1551 0.5771 -0.8018
vn -0.2008 0.6013 -0.7734
vn -0.2783 0.5626 -0.7785
vn -0.3272 0.5824 -0.7442
vn -0.4062 0.5342 -0.7414
vn -0.4536 0.5474 -0.7032
vn -0.5233 0.4958 -0.6931
vn -0.5699 0.5033 -0.6496
vn -0.6255 0.4534 -0.6350
vn -0.6677 0.4554 -0.5888
vn -0.7100 0.4099 -0.5726
vn 0.2890 0.5386 -0.7914
vn 0.2560 0.5370 -0.8038
vn 0.2515 0.5416 -0.8021
vn 0.2153 0.5377 -0.8152
vn 0.2076 0.5453 -0.8121
vn 0.1664 0.5384 -0.8261
vn 0.1579 0.5464 -0.8225
vn 0.1104 0.5356 -0.8372
vn 0.0995 0.5451 -0.8324
vn 0.0445 0.5291 -0.8474
vn 0.0253 0.5443 -0.8385
vn -0.0383 0.5216 -0.8523
vn -0.0629 0.5386 -0.8402
vn -0.1366 0.5069 -0.8511
vn -0.1698 0.5260 -0.8334
vn -0.2484 0.4858 -0.8380
vn -0.2925 0.5059 -0.8115
vn -0.3677 0.4602 -0.8081
vn -0.4176 0.4772 -0.7732
vn -0.4838 0.4293 -0.7627
vn -0.5315 0.4405 -0.7235
vn -0.5865 0.3931 -0.7082
vn -0.6310 0.3990 -0.6653
vn -0.6728 0.3561 -0.6485
vn -0.7130 0.3576 -0.6031
vn -0.7435 0.3206 -0.5868
vn 0.2876 0.4991 -0.8174
vn 0.2525 0.4971 -0.8302
vn 0.2465 0.5033 -0.8282
vn 0.2086 0.4988 -0.8413
vn 0.2051 0.5023 -0.8400
vn 0.1622 0.4945 -0.8539
vn 0.1554 0.5011 -0.8513
vn 0.1068 0.4892 -0.8656
vn 0.0988 0.4964 -0.8624
vn 0.0422 0.4790 -0.8768
vn 0.0321 0.4873 -0.8727
vn -0.0326 0.4630 -0.8857
vn -0.0512 0.4764 -0.8777
vn -0.1229 0.4448 -0.8872
vn -0.1488 0.4607 -0.8750
vn -0.2255 0.4210 -0.8786
vn -0.2592 0.4379 -0.8608
vn -0.3326 0.3937 -0.8570
vn -0.3765 0.4111 -0.8302
vn -0.4405 0.3660 -0.8198
vn -0.4899 0.3806 -0.7843
vn -0.5418 0.3377 -0.7697
vn -0.5900 0.3477 -0.7287
vn -0.6314 0.3075 -0.7118
vn -0.6742 0.3127 -0.6690
vn -0.7055 0.2773 -0.6522
vn -0.7434 0.2786 -0.6080
vn -0.7655 0.2494 -0.5932
vn 0.2838 0.4550 -0.8441
vn 0.2852 0.4551 -0.8435
vn 0.2511 0.4916 -0.8338
vn 0.2537 0.4918 -0.8329
vn 0.2163 0.5294 -0.8203
vn 0.1262 0.5139 -0.8485
vn 0.1591 0.4829 -0.8611
vn 0.0777 0.4624 -0.8832
vn 0.0953 0.4464 -0.8897
vn 0.0397 0.4288 -0.9025
vn 0.0308 0.4364 -0.8992
vn -0.0322 0.4124 -0.9104
vn -0.0436 0.4210 -0.9060
vn -0.1120 0.3902 -0.9139
vn -0.1328 0.4038 -0.9052
vn -0.2033 0.3672 -0.9077
vn -0.2332 0.3836 -0.8936
vn -0.3031 0.3419 -0.8895
vn -0.3385 0.3578 -0.8703
vn -0.4024 0.3141 -0.8599
vn -0.4449 0.3291 -0.8330
vn -0.4978 0.2872 -0.8184
vn -0.5444 0.2998 -0.7834
vn -0.5855 0.2621 -0.7671
vn -0.6322 0.2711 -0.7258
vn -0.6625 0.2390 -0.7099
vn -0.7050 0.2440 -0.6659
vn -0.7275 0.2163 -0.6511
vn -0.7641 0.2179 -0.6071
vn -0.7802 0.1950 -0.5943
vn 0.0139 0.9998 0.0147
vn 0.0026 0.9999 -0.0153
vn -0.0162 0.9987 -0.0481
vn -0.0470 0.9953 -0.0850
vn -0.0934 0.9875 -0.1273
vn -0.1576 0.9718 -0.1756
vn -0.2389 0.9436 -0.2292
vn -0.3326 0.8988 -0.2855
vn -0.4333 0.8322 -0.3459
vn -0.5344 0.7417 -0.4054
vn -0.6267 0.6304 -0.4581
vn -0.6990 0.5134 -0.4978
vn -0.7483 0.4074 -0.5236
vn -0.7802 0.3184 -0.5384
vn -0.8006 0.2475 -0.5457
vn 0.0193 0.9997 0.0144
vn -0.0145 0.9974 0.0704
vn 0.0008 0.9999 -0.0152
vn -0.0330 0.9986 0.0408
vn -0.0160 0.9974 0.0705
vn -0.0475 0.9907 0.1275
vn -0.0287 0.9985 -0.0474
vn -0.0624 0.9980 0.0078
vn -0.0443 0.9982 0.0414
vn -0.0762 0.9922 0.0984
vn -0.0586 0.9901 0.1279
vn -0.0876 0.9788 0.1850
vn -0.0732 0.9938 -0.0838
vn -0.1069 0.9938 -0.0299
vn -0.0867 0.9962 0.0091
vn -0.1188 0.9908 0.0654
vn -0.0993 0.9901 0.0995
vn -0.1286 0.9793 0.1565
vn -0.1101 0.9764 0.1860
vn -0.1364 0.9605 0.2426
vn -0.1355 0.9827 -0.1262
vn -0.1693 0.9828 -0.0735
vn -0.1466 0.9888 -0.0282
vn -0.1789 0.9835 0.0271
vn -0.1565 0.9854 0.0673
vn -0.1862 0.9747 0.1235
vn -0.1648 0.9735 0.1583
vn -0.1911 0.9580 0.2138
vn -0.1707 0.9546 0.2442
vn -0.1945 0.9337 0.3007
vn -0.2155 0.9606 -0.1753
vn -0.2503 0.9603 -0.1235
vn -0.2251 0.9717 -0.0721
vn -0.2580 0.9660 -0.0177
vn -0.2324 0.9722 0.0292
vn -0.2624 0.9613 0.0843
vn -0.2373 0.9633 0.1258
vn -0.2638 0.9476 0.1802
vn -0.2399 0.9464 0.2162
vn -0.2628 0.9266 0.2691
vn -0.2385 0.9227 0.3028
vn -0.2594 0.8972 0.3575
vn -0.3097 0.9225 -0.2303
vn -0.3459 0.9211 -0.1787
vn -0.3197 0.9395 -0.1232
vn -0.3536 0.9328 -0.0692
vn -0.3255 0.9454 -0.0163
vn -0.3561 0.9337 0.0380
vn -0.3274 0.9409 0.0865
vn -0.3541 0.9247 0.1396
vn -0.3260 0.9275 0.1827
vn -0.3486 0.9077 0.2334
vn -0.3215 0.9071 0.2717
vn -0.3415 0.8826 0.3231
vn -0.3128 0.8789 0.3600
vn -0.3294 0.8511 0.4088
vn -0.4113 0.8648 -0.2880
vn -0.4483 0.8619 -0.2369
vn -0.4230 0.8881 -0.1798
vn -0.4583 0.8799 -0.1254
vn -0.4298 0.9003 -0.0691
vn -0.4613 0.8871 -0.0151
vn -0.4305 0.9017 0.0391
vn -0.4576 0.8845 0.0913
vn -0.4260 0.8936 0.1413
vn -0.4486 0.8732 0.1904
vn -0.4175 0.8776 0.2355
vn -0.4362 0.8545 0.2821
vn -0.4037 0.8551 0.3253
vn -0.4202 0.8273 0.3727
vn -0.3884 0.8246 0.4113
vn -0.4006 0.7969 0.4521
vn -0.5165 0.7823 -0.3481
vn -0.5524 0.7779 -0.2994
vn -0.5290 0.8143 -0.2388
vn -0.5633 0.8048 -0.1870
vn -0.5357 0.8349 -0.1266
vn -0.5674 0.8202 -0.0731
vn -0.5371 0.8434 -0.0155
vn -0.5645 0.8246 0.0363
vn -0.5320 0.8418 0.0915
vn -0.5546 0.8203 0.1397
vn -0.5210 0.8319 0.1912
vn -0.5387 0.8092 0.2344
vn -0.5040 0.8159 0.2833
vn -0.5200 0.7885 0.3284
vn -0.4842 0.7909 0.3742
vn -0.4968 0.7616 0.4161
vn -0.4646 0.7604 0.4539
vn -0.4739 0.7306 0.4916
vn -0.6159 0.6760 -0.4046
vn -0.6506 0.6704 -0.3568
vn -0.6343 0.7126 -0.2997
vn -0.6667 0.7021 -0.2501
vn -0.6440 0.7415 -0.1881
vn -0.6732 0.7264 -0.1382
vn -0.6449 0.7606 -0.0746
vn -0.6701 0.7418 -0.0264
vn -0.6382 0.7691 0.0350
vn -0.6599 0.7469 0.0817
vn -0.6262 0.7672 0.1387
vn -0.6441 0.7429 0.1825
vn -0.6106 0.7566 0.2339
vn -0.6258 0.7291 0.2773
vn -0.5894 0.7382 0.3281
vn -0.6017 0.7074 0.3708
vn -0.5660 0.7117 0.4160
vn -0.5744 0.6824 0.4521
vn -0.5403 0.6829 0.4917
vn -0.5463 0.6518 0.5260
vn -0.6960 0.5574 -0.4526
vn -0.7313 0.5510 -0.4021
vn -0.7239 0.5927 -0.3531
vn -0.7547 0.5818 -0.3033
vn -0.7418 0.6228 -0.2485
vn -0.7693 0.6073 -0.1982
vn -0.7504 0.6463 -0.1385
vn -0.7738 0.6270 -0.0900
vn -0.7494 0.6615 -0.0283
vn -0.7686 0.6395 0.0172
vn -0.7395 0.6685 0.0788
vn -0.7547 0.6450 0.1202
vn -0.7226 0.6677 0.1792
vn -0.7343 0.6432 0.2170
vn -0.6993 0.6602 0.2741
vn -0.7094 0.6310 0.3139
vn -0.6724 0.6425 0.3675
vn -0.6791 0.6144 0.4016
vn -0.6428 0.6207 0.4490
vn -0.6470 0.5928 0.4796
vn -0.6103 0.5949 0.5231
vn -0.6126 0.5673 0.5504
vn -0.7507 0.4443 -0.4888
vn -0.7857 0.4377 -0.4372
vn -0.7850 0.4772 -0.3951
vn -0.8150 0.4665 -0.3437
vn -0.8104 0.5041 -0.2985
vn -0.8362 0.4892 -0.2480
vn -0.8266 0.5275 -0.1961
vn -0.8482 0.5088 -0.1472
vn -0.8332 0.5455 -0.0904
vn -0.8504 0.5242 -0.0448
vn -0.8301 0.5574 0.0146
vn -0.8433 0.5345 0.0559
vn -0.8183 0.5630 0.1158
vn -0.8278 0.5400 0.1521
vn -0.7987 0.5633 0.2116
vn -0.8062 0.5370 0.2484
vn -0.7725 0.5554 0.3079
vn -0.7772 0.5293 0.3402
vn -0.7417 0.5420 0.3951
vn -0.7441 0.5179 0.4221
vn -0.7069 0.5256 0.4733
vn -0.7077 0.5005 0.4986
vn -0.6707 0.5040 0.5443
vn -0.6702 0.4834 0.5631
vn -0.7852 0.3467 -0.5131
vn -0.8189 0.3406 -0.4620
vn -0.8225 0.3740 -0.4285
vn -0.8525 0.3639 -0.3753
vn -0.8533 0.3978 -0.3370
vn -0.8777 0.3843 -0.2865
vn -0.8750 0.4182 -0.2438
vn -0.8951 0.4010 -0.1948
vn -0.8881 0.4359 -0.1456
vn -0.9038 0.4161 -0.0999
vn -0.8919 0.4498 -0.0458
vn -0.9035 0.4285 -0.0046
vn -0.8866 0.4595 0.0526
vn -0.8947 0.4379 0.0886
vn -0.8731 0.4649 0.1470
vn -0.8786 0.4419 0.1808
vn -0.8513 0.4655 0.2420
vn -0.8547 0.4412 0.2737
vn -0.8236 0.4594 0.3327
vn -0.8248 0.4378 0.3580
vn -0.7906 0.4509 0.4142
vn -0.7904 0.4285 0.4378
vn -0.7539 0.4370 0.4906
vn -0.7527 0.4187 0.5080
vn -0.7161 0.4229 0.5553
vn -0.7155 0.4168 0.5607
vn -0.8057 0.2676 -0.5284
vn -0.8384 0.2622 -0.4779
vn -0.8436 0.2879 -0.4533
vn -0.8727 0.2789 -0.4008
vn -0.8768 0.3091 -0.3684
vn -0.9011 0.2966 -0.3163
vn -0.9026 0.3258 -0.2813
vn -0.9217 0.3104 -0.2325
vn -0.9203 0.3410 -0.1919
vn -0.9350 0.3230 -0.1462
vn -0.9298 0.3545 -0.0993
vn -0.9405 0.3349 -0.0580
vn -0.9307 0.3657 -0.0061
vn -0.9379 0.3457 0.0299
vn -0.9234 0.3743 0.0851
vn -0.9278 0.3542 0.1168
vn -0.9080 0.3803 0.1758
vn -0.9105 0.3578 0.2072
vn -0.8856 0.3800 0.2672
vn -0.8861 0.3599 0.2921
vn -0.8571 0.3774 0.3505
vn -0.8563 0.3577 0.3726
vn -0.8232 0.3709 0.4299
vn -0.8216 0.3547 0.4463
vn -0.7861 0.3634 0.4999
vn -0.7853 0.3572 0.5057
vn -0.7508 0.3616 0.5528
vn -0.7502 0.3578 0.5560
vn -0.8178 0.2066 -0.5372
vn -0.8494 0.2021 -0.4875
vn -0.8545 0.2206 -0.4703
vn -0.8828 0.2127 -0.4189
vn -0.8880 0.2364 -0.3945
vn -0.9121 0.2252 -0.3427
vn -0.9161 0.2525 -0.3115
vn -0.9351 0.2385 -0.2620
vn -0.9368 0.2644 -0.2293
vn -0.9512 0.2482 -0.1836
vn -0.9502 0.2759 -0.1446
vn -0.9606 0.2580 -0.1031
vn -0.9563 0.2867 -0.0581
vn -0.9631 0.2683 -0.0218
vn -0.9547 0.2964 0.0282
vn -0.9587 0.2782 0.0592
vn -0.9456 0.3049 0.1137
vn -0.9478 0.2843 0.1447
vn -0.9293 0.3087 0.2027
vn -0.9296 0.2897 0.2281
vn -0.9065 0.3103 0.2864
vn -0.9054 0.2926 0.3076
vn -0.8776 0.3094 0.3662
vn -0.8757 0.2937 0.3832
vn -0.8446 0.3062 0.4392
vn -0.8437 0.3006 0.4447
vn -0.8099 0.3091 0.4986
vn -0.8097 0.3082 0.4994
vn -0.7748 0.3129 0.5493
vn -0.7743 0.3104 0.5515
vn 0.0269 0.9990 0.0359
vn -0.0008 0.9957 0.0927
vn -0.0327 0.9880 0.1512
vn -0.0707 0.9749 0.2110
vn -0.1164 0.9553 0.2716
vn -0.1713 0.9276 0.3321
vn -0.2338 0.8908 0.3896
vn -0.3013 0.8450 0.4418
vn -0.3692 0.7915 0.4870
vn -0.4406 0.7264 0.5275
vn -0.5125 0.6492 0.5620
vn -0.5776 0.5661 0.5882
vn -0.6372 0.4834 0.6003
vn -0.6814 0.4175 0.6012
vn -0.7155 0.3591 0.5992
vn 0.0107 0.9960 0.0886
vn 0.0250 0.9937 0.1097
vn -0.0167 0.9891 0.1462
vn -0.0012 0.9856 0.1693
vn 0.0080 0.9861 0.1662
vn 0.0283 0.9807 0.1934
vn -0.0482 0.9776 0.2049
vn -0.0308 0.9726 0.2303
vn -0.0178 0.9739 0.2264
vn 0.0024 0.9673 0.2535
vn 0.0114 0.9680 0.2507
vn 0.0409 0.9573 0.2861
vn -0.0859 0.9605 0.2647
vn -0.0666 0.9542 0.2918
vn -0.0469 0.9568 0.2868
vn -0.0261 0.9490 0.3142
vn -0.0140 0.9503 0.3109
vn 0.0144 0.9384 0.3451
vn 0.0242 0.9392 0.3424
vn 0.0612 0.9222 0.3818
vn -0.1314 0.9366 0.3248
vn -0.1103 0.9292 0.3527
vn -0.0820 0.9344 0.3467
vn -0.0598 0.9252 0.3747
vn -0.0418 0.9279 0.3705
vn -0.0137 0.9148 0.4036
vn -0.0015 0.9163 0.4006
vn 0.0324 0.8991 0.4366
vn 0.0454 0.9001 0.4332
vn 0.0894 0.8758 0.4743
vn -0.1856 0.9049 0.3830
vn -0.1624 0.8968 0.4116
vn -0.1249 0.9057 0.4050
vn -0.1004 0.8952 0.4343
vn -0.0749 0.9001 0.4291
vn -0.0466 0.8861 0.4611
vn -0.0289 0.8889 0.4572
vn 0.0028 0.8717 0.4901
vn 0.0175 0.8734 0.4867
vn 0.0568 0.8503 0.5232
vn 0.0748 0.8516 0.5188
vn 0.1206 0.8226 0.5557
vn -0.2473 0.8649 0.4368
vn -0.2210 0.8562 0.4669
vn -0.1762 0.8698 0.4609
vn -0.1484 0.8580 0.4918
vn -0.1149 0.8663 0.4861
vn -0.0861 0.8518 0.5167
vn -0.0610 0.8569 0.5119
vn -0.0306 0.8397 0.5422
vn -0.0113 0.8427 0.5382
vn 0.0245 0.8208 0.5707
vn 0.0431 0.8229 0.5666
vn 0.0839 0.7961 0.5993
vn 0.1071 0.7976 0.5937
vn 0.1499 0.7674 0.6234
vn -0.3137 0.8166 0.4844
vn -0.2828 0.8076 0.5176
vn -0.2342 0.8259 0.5129
vn -0.2031 0.8134 0.5451
vn -0.1621 0.8262 0.5396
vn -0.1324 0.8116 0.5690
vn -0.0995 0.8200 0.5636
vn -0.0692 0.8029 0.5921
vn -0.0438 0.8081 0.5874
vn -0.0104 0.7873 0.6165
vn 0.0117 0.7907 0.6121
vn 0.0478 0.7666 0.6404
vn 0.0716 0.7691 0.6351
vn 0.1093 0.7423 0.6611
vn 0.1380 0.7438 0.6540
vn 0.1763 0.7147 0.6768
vn -0.3817 0.7587 0.5279
vn -0.3487 0.7505 0.5614
vn -0.2951 0.7751 0.5586
vn -0.2614 0.7630 0.5912
vn -0.2154 0.7807 0.5867
vn -0.1840 0.7661 0.6158
vn -0.1447 0.7787 0.6105
vn -0.1131 0.7614 0.6384
vn -0.0815 0.7696 0.6333
vn -0.0497 0.7500 0.6596
vn -0.0222 0.7557 0.6545
vn 0.0103 0.7339 0.6791
vn 0.0367 0.7380 0.6738
vn 0.0703 0.7140 0.6967
vn 0.0985 0.7168 0.6903
vn 0.1328 0.6909 0.7107
vn 0.1659 0.6924 0.7022
vn 0.1964 0.6679 0.7179
vn -0.4527 0.6885 0.5666
vn -0.4186 0.6817 0.6000
vn -0.3610 0.7136 0.6004
vn -0.3273 0.7030 0.6314
vn -0.2732 0.7283 0.6285
vn -0.2409 0.7146 0.6567
vn -0.1952 0.7327 0.6520
vn -0.1622 0.7155 0.6795
vn -0.1242 0.7281 0.6741
vn -0.0934 0.7097 0.6983
vn -0.0603 0.7186 0.6928
vn -0.0299 0.6986 0.7149
vn 0.0003 0.7050 0.7092
vn 0.0308 0.6833 0.7295
vn 0.0608 0.6880 0.7232
vn 0.0907 0.6655 0.7409
vn 0.1241 0.6688 0.7330
vn 0.1525 0.6462 0.7478
vn 0.1877 0.6478 0.7383
vn 0.2129 0.6266 0.7497
vn -0.5231 0.6082 0.5971
vn -0.4900 0.6032 0.6293
vn -0.4295 0.6430 0.6341
vn -0.3950 0.6338 0.6650
vn -0.3383 0.6656 0.6652
vn -0.3022 0.6520 0.6954
vn -0.2527 0.6755 0.6927
vn -0.2199 0.6599 0.7184
vn -0.1736 0.6787 0.7136
vn -0.1454 0.6627 0.7346
vn -0.1036 0.6770 0.7287
vn -0.0756 0.6590 0.7483
vn -0.0392 0.6692 0.7421
vn -0.0119 0.6501 0.7597
vn 0.0225 0.6576 0.7530
vn 0.0483 0.6383 0.7683
vn 0.0833 0.6439 0.7606
vn 0.1095 0.6231 0.7745
vn 0.1454 0.6268 0.7655
vn 0.1674 0.6084 0.7758
vn 0.2065 0.6103 0.7648
vn 0.2287 0.5907 0.7738
vn -0.5846 0.5302 0.6141
vn -0.5530 0.5267 0.6456
vn -0.4978 0.5688 0.6547
vn -0.4612 0.5608 0.6876
vn -0.4040 0.5982 0.6920
vn -0.3677 0.5865 0.7217
vn -0.3114 0.6181 0.7218
vn -0.2777 0.6037 0.7473
vn -0.2290 0.6273 0.7444
vn -0.1973 0.6107 0.7669
vn -0.1551 0.6281 0.7625
vn -0.1264 0.6107 0.7817
vn -0.0854 0.6250 0.7760
vn -0.0604 0.6081 0.7916
vn -0.0210 0.6193 0.7848
vn 0.0020 0.6024 0.7982
vn 0.0401 0.6110 0.7906
vn 0.0640 0.5922 0.8032
vn 0.1017 0.5984 0.7947
vn 0.1214 0.5820 0.8040
vn 0.1599 0.5861 0.7943
vn 0.1808 0.5679 0.8030
vn 0.2214 0.5700 0.7913
vn 0.2392 0.5536 0.7977
vn -0.6407 0.4583 0.6160
vn -0.6064 0.4555 0.6518
vn -0.5583 0.4972 0.6642
vn -0.5206 0.4905 0.6988
vn -0.4677 0.5302 0.7072
vn -0.4297 0.5197 0.7384
vn -0.3750 0.5552 0.7424
vn -0.3402 0.5420 0.7684
vn -0.2854 0.5728 0.7684
vn -0.2527 0.5572 0.7910
vn -0.2052 0.5803 0.7881
vn -0.1752 0.5633 0.8075
vn -0.1344 0.5805 0.8031
vn -0.1099 0.5646 0.8180
vn -0.0681 0.5796 0.8121
vn -0.0461 0.5639 0.8246
vn -0.0053 0.5758 0.8176
vn 0.0173 0.5583 0.8294
vn 0.0570 0.5674 0.8214
vn 0.0754 0.5523 0.8302
vn 0.1147 0.5590 0.8212
vn 0.1335 0.5427 0.8292
vn 0.1746 0.5473 0.8186
vn 0.1924 0.5310 0.8252
vn 0.2328 0.5332 0.8133
vn 0.2465 0.5201 0.8177
vn -0.6838 0.3943 0.6140
vn -0.6497 0.3923 0.6511
vn -0.6097 0.4310 0.6652
vn -0.5740 0.4256 0.6996
vn -0.5246 0.4672 0.7117
vn -0.4887 0.4584 0.7423
vn -0.4339 0.4986 0.7504
vn -0.3979 0.4863 0.7779
vn -0.3450 0.5202 0.7812
vn -0.3079 0.5040 0.8070
vn -0.2587 0.5315 0.8066
vn -0.2251 0.5138 0.8279
vn -0.1821 0.5348 0.8251
vn -0.1550 0.5182 0.8411
vn -0.1174 0.5342 0.8371
vn -0.0954 0.5190 0.8494
vn -0.0534 0.5343 0.8436
vn -0.0331 0.5190 0.8542
vn 0.0107 0.5321 0.8466
vn 0.0273 0.5186 0.8546
vn 0.0693 0.5285 0.8461
vn 0.0859 0.5142 0.8534
vn 0.1279 0.5214 0.8437
vn 0.1457 0.5052 0.8506
vn 0.1867 0.5099 0.8397
vn 0.2010 0.4963 0.8446
vn 0.2406 0.4985 0.8328
vn 0.2518 0.4873 0.8361
vn -0.7170 0.3391 0.6090
vn -0.6843 0.3375 0.6464
vn -0.6518 0.3720 0.6609
vn -0.6193 0.3676 0.6938
vn -0.5763 0.4078 0.7082
vn -0.5405 0.3998 0.7403
vn -0.4917 0.4398 0.7515
vn -0.4524 0.4275 0.7827
vn -0.4022 0.4636 0.7895
vn -0.3637 0.4482 0.8166
vn -0.3128 0.4805 0.8193
vn -0.2791 0.4638 0.8408
vn -0.2301 0.4912 0.8401
vn -0.2007 0.4741 0.8573
vn -0.1605 0.4938 0.8546
vn -0.1358 0.4774 0.8681
vn -0.1015 0.4921 0.8646
vn -0.1044 0.4942 0.8631
vn -0.0328 0.5202 0.8534
vn -0.0035 0.4968 0.8679
vn 0.0241 0.5048 0.8629
vn 0.0529 0.4801 0.8756
vn 0.0795 0.4863 0.8702
vn 0.0972 0.4704 0.8771
vn 0.1393 0.4778 0.8673
vn 0.1537 0.4641 0.8724
vn 0.1945 0.4688 0.8616
vn 0.2060 0.4574 0.8651
vn 0.2453 0.4596 0.8536
vn 0.2544 0.4502 0.8559
vn 0.0456 0.9986 0.0285
vn 0.0404 0.9938 0.1040
vn 0.0427 0.9812 0.1884
vn 0.0557 0.9579 0.2815
vn 0.0787 0.9229 0.3768
vn 0.1120 0.8765 0.4681
vn 0.1490 0.8231 0.5480
vn 0.1834 0.7676 0.6141
vn 0.2120 0.7147 0.6666
vn 0.2361 0.6676 0.7061
vn 0.2564 0.6263 0.7362
vn 0.2714 0.5904 0.7601
vn 0.2803 0.5534 0.7843
vn 0.2870 0.5201 0.8045
vn 0.2897 0.4873 0.8238
vn 0.0442 0.9986 0.0274
vn 0.0737 0.9972 0.0153
vn 0.0480 0.9928 0.1100
vn 0.0740 0.9922 0.1001
vn 0.0775 0.9968 0.0182
vn 0.1230 0.9924 -0.0010
vn 0.0631 0.9769 0.2044
vn 0.0872 0.9767 0.1959
vn 0.0928 0.9891 0.1143
vn 0.1404 0.9855 0.0954
vn 0.1432 0.9896 0.0135
vn 0.2150 0.9765 -0.0178
vn 0.0882 0.9479 0.3061
vn 0.1161 0.9478 0.2970
vn 0.1240 0.9669 0.2230
vn 0.1799 0.9628 0.2018
vn 0.1855 0.9743 0.1276
vn 0.2660 0.9595 0.0926
vn 0.2682 0.9632 0.0200
vn 0.3457 0.9382 -0.0179
vn 0.1233 0.9042 0.4090
vn 0.1574 0.9037 0.3983
vn 0.1680 0.9276 0.3338
vn 0.2281 0.9225 0.3115
vn 0.2372 0.9408 0.2421
vn 0.3174 0.9254 0.2069
vn 0.3236 0.9367 0.1338
vn 0.3998 0.9116 0.0952
vn 0.4018 0.9154 0.0234
vn 0.4684 0.8834 -0.0145
vn 0.1613 0.8499 0.5016
vn 0.2005 0.8487 0.4893
vn 0.2130 0.8745 0.4358
vn 0.2728 0.8686 0.4136
vn 0.2853 0.8920 0.3505
vn 0.3621 0.8768 0.3163
vn 0.3725 0.8948 0.2460
vn 0.4461 0.8706 0.2075
vn 0.4527 0.8814 0.1347
vn 0.5173 0.8504 0.0959
vn 0.5193 0.8542 0.0253
vn 0.5716 0.8204 -0.0100
vn 0.1960 0.7923 0.5778
vn 0.2382 0.7904 0.5644
vn 0.2516 0.8152 0.5217
vn 0.3097 0.8088 0.4998
vn 0.3243 0.8337 0.4469
vn 0.3971 0.8191 0.4140
vn 0.4113 0.8416 0.3501
vn 0.4818 0.8188 0.3121
vn 0.4930 0.8356 0.2421
vn 0.5496 0.8094 0.2067
vn 0.5571 0.8206 0.1275
vn 0.5998 0.7943 0.0970
vn 0.6021 0.7983 0.0154
vn 0.6349 0.7725 -0.0110
vn 0.2243 0.7364 0.6383
vn 0.2692 0.7339 0.6236
vn 0.2823 0.7560 0.5906
vn 0.3386 0.7493 0.5691
vn 0.3536 0.7731 0.5266
vn 0.4223 0.7593 0.4951
vn 0.4385 0.7832 0.4409
vn 0.4985 0.7648 0.4082
vn 0.5154 0.7883 0.3362
vn 0.5585 0.7699 0.3086
vn 0.5724 0.7886 0.2247
vn 0.6091 0.7681 0.1976
vn 0.6172 0.7788 0.1118
vn 0.6490 0.7560 0.0851
vn 0.6510 0.7590 0.0032
vn 0.6769 0.7357 -0.0213
vn 0.2464 0.6847 0.6859
vn 0.2940 0.6818 0.6699
vn 0.3060 0.7008 0.6444
vn 0.3601 0.6942 0.6233
vn 0.3745 0.7156 0.5897
vn 0.4365 0.7033 0.5611
vn 0.4539 0.7275 0.5145
vn 0.4994 0.7146 0.4898
vn 0.5200 0.7421 0.4230
vn 0.5564 0.7283 0.3999
vn 0.5749 0.7524 0.3215
vn 0.6099 0.7352 0.2958
vn 0.6239 0.7527 0.2102
vn 0.6547 0.7331 0.1841
vn 0.6626 0.7426 0.0972
vn 0.6883 0.7218 0.0725
vn 0.6899 0.7238 -0.0096
vn 0.7105 0.7030 -0.0317
vn 0.2647 0.6394 0.7218
vn 0.3125 0.6364 0.7052
vn 0.3230 0.6523 0.6857
vn 0.3753 0.6458 0.6649
vn 0.3883 0.6643 0.6387
vn 0.4423 0.6539 0.6138
vn 0.4596 0.6772 0.5746
vn 0.4945 0.6680 0.5560
vn 0.5154 0.6957 0.5004
vn 0.5489 0.6844 0.4799
vn 0.5702 0.7117 0.4103
vn 0.6031 0.6975 0.3871
vn 0.6219 0.7209 0.3059
vn 0.6517 0.7042 0.2816
vn 0.6655 0.7208 0.1937
vn 0.6911 0.7026 0.1697
vn 0.6984 0.7111 0.0816
vn 0.7195 0.6920 0.0592
vn 0.7204 0.6931 -0.0229
vn 0.7374 0.6741 -0.0430
vn 0.2786 0.6016 0.7486
vn 0.3256 0.5986 0.7319
vn 0.3343 0.6115 0.7171
vn 0.3856 0.6052 0.6964
vn 0.3967 0.6206 0.6764
vn 0.4452 0.6115 0.6542
vn 0.4601 0.6316 0.6239
vn 0.4890 0.6245 0.6090
vn 0.5082 0.6500 0.5649
vn 0.5387 0.6406 0.5472
vn 0.5604 0.6688 0.4885
vn 0.5910 0.6569 0.4682
vn 0.6127 0.6844 0.3951
vn 0.6413 0.6704 0.3733
vn 0.6601 0.6934 0.2889
vn 0.6854 0.6776 0.2666
vn 0.6986 0.6934 0.1764
vn 0.7204 0.6762 0.1545
vn 0.7268 0.6838 0.0656
vn 0.7451 0.6655 0.0447
vn 0.7452 0.6658 -0.0364
vn 0.7621 0.6448 -0.0581
vn 0.2896 0.5677 0.7706
vn 0.3325 0.5651 0.7550
vn 0.3415 0.5784 0.7408
vn 0.3929 0.5721 0.7199
vn 0.4016 0.5844 0.7051
vn 0.4482 0.5758 0.6838
vn 0.4597 0.5914 0.6625
vn 0.4850 0.5853 0.6497
vn 0.5011 0.6072 0.6167
vn 0.5286 0.5990 0.6014
vn 0.5487 0.6258 0.5544
vn 0.5769 0.6155 0.5369
vn 0.5992 0.6446 0.4748
vn 0.6263 0.6325 0.4557
vn 0.6482 0.6603 0.3793
vn 0.6730 0.6465 0.3592
vn 0.6914 0.6694 0.2719
vn 0.7137 0.6538 0.2512
vn 0.7260 0.6690 0.1593
vn 0.7491 0.6487 0.1347
vn 0.7539 0.6549 0.0520
vn 0.7713 0.6357 0.0313
vn 0.7705 0.6353 -0.0514
vn 0.7511 0.6597 -0.0270
vn 0.2952 0.5326 0.7932
vn 0.3374 0.5301 0.7779
vn 0.3471 0.5445 0.7635
vn 0.3965 0.5385 0.7435
vn 0.4063 0.5527 0.7276
vn 0.4517 0.5444 0.7069
vn 0.4606 0.5570 0.6911
vn 0.4838 0.5514 0.6796
vn 0.4958 0.5684 0.6566
vn 0.5210 0.5610 0.6433
vn 0.5377 0.5842 0.6079
vn 0.5641 0.5750 0.5926
vn 0.5846 0.6029 0.5429
vn 0.6104 0.5920 0.5262
vn 0.6329 0.6218 0.4613
vn 0.6580 0.6090 0.4429
vn 0.6793 0.6368 0.3647
vn 0.7048 0.6208 0.3434
vn 0.7216 0.6424 0.2580
vn 0.7359 0.6314 0.2445
vn 0.7491 0.6485 0.1348
vn 0.7288 0.6668 0.1555
vn 0.7356 0.6773 0.0052
vn 0.6757 0.7339 0.0686
vn 0.6733 0.7347 -0.0830
vn 0.6097 0.7924 -0.0197
vn 0.2988 0.5015 0.8119
vn 0.3427 0.4988 0.7960
vn 0.3501 0.5101 0.7857
vn 0.4007 0.5040 0.7652
vn 0.4097 0.5173 0.7514
vn 0.4561 0.5087 0.7302
vn 0.4651 0.5218 0.7151
vn 0.4846 0.5170 0.7055
vn 0.4949 0.5322 0.6869
vn 0.5163 0.5259 0.6759
vn 0.5297 0.5456 0.6494
vn 0.5547 0.5367 0.6357
vn 0.5717 0.5612 0.5985
vn 0.5952 0.5515 0.5845
vn 0.6164 0.5813 0.5311
vn 0.6200 0.5796 0.5288
vn 0.6505 0.6214 0.4366
vn 0.6285 0.6331 0.4518
vn 0.6635 0.6808 0.3102
vn 0.6290 0.7010 0.3361
vn 0.6527 0.7352 0.1832
vn 0.6146 0.7591 0.2148
vn 0.6239 0.7767 0.0861
vn 0.5890 0.7995 0.1177
vn 0.5898 0.8074 0.0164
vn 0.5711 0.8201 0.0342
vn 0.5678 0.8219 -0.0454
vn 0.5810 0.8118 -0.0576
vn 0.3033 0.4633 0.8327
vn 0.3469 0.4607 0.8169
vn 0.3561 0.4750 0.8047
vn 0.4022 0.4695 0.7860
vn 0.4117 0.4840 0.7722
vn 0.4596 0.4751 0.7504
vn 0.4676 0.4872 0.7375
vn 0.4907 0.4815 0.7262
vn 0.4977 0.4921 0.7142
vn 0.5174 0.4861 0.7043
vn 0.5283 0.5026 0.6844
vn 0.5501 0.4946 0.6729
vn 0.5648 0.5168 0.6433
vn 0.5328 0.5295 0.6601
vn 0.5740 0.5902 0.5677
vn 0.4536 0.6342 0.6261
vn 0.5195 0.7282 0.4470
vn 0.4598 0.7484 0.4780
vn 0.4941 0.7976 0.3460
vn 0.5082 0.7923 0.3375
vn 0.5210 0.8136 0.2583
vn 0.5496 0.8009 0.2379
vn 0.5544 0.8133 0.1765
vn 0.5792 0.8002 0.1557
vn 0.5796 0.8071 0.1125
vn 0.6086 0.7889 0.0849
vn 0.6070 0.7929 0.0530
vn 0.6485 0.7612 0.0097
vn 0.6453 0.7636 -0.0217
vn 0.7038 0.7054 -0.0841
vn 0.8545 0.4394 -0.2772
vn 0.9433 0.1318 -0.3046
vn 0.9418 -0.1367 -0.3071
vn 0.9560 0.0682 -0.2854
vn 0.9509 0.0580 -0.3039
vn 0.7685 -0.6000 -0.2222
vn 0.9768 -0.1600 -0.1424
vn 0.6990 0.5185 0.4924
vn 0.9452 -0.0114 -0.3262
vn 0.9205 -0.0870 -0.3809
vn 0.8988 -0.1397 -0.4155
vn 0.8754 -0.1483 -0.4602
vn 0.8204 -0.1539 -0.5506
vn 0.7766 -0.1447 -0.6131
vn 0.7493 -0.1546 -0.6439
vn 0.8559 0.4461 -0.2618
vn 0.8139 0.4886 -0.3145
vn 0.9466 0.1379 -0.2915
vn 0.9133 0.1870 -0.3618
vn 0.8172 0.4979 -0.2904
vn 0.7858 0.5262 -0.3250
vn 0.9442 -0.1341 -0.3008
vn 0.9240 -0.0946 -0.3706
vn 0.9198 0.1976 -0.3391
vn 0.8887 0.2365 -0.3927
vn 0.7871 0.5297 -0.3160
vn 0.7557 0.5552 -0.3473
vn 0.9509 0.0602 -0.3037
vn 0.9406 0.0778 -0.3305
vn 0.9359 -0.0815 -0.3426
vn 0.9144 -0.0463 -0.4021
vn 0.8961 0.2489 -0.3675
vn 0.8636 0.2852 -0.4158
vn 0.7568 0.5579 -0.3404
vn 0.7194 0.5853 -0.3741
vn 0.9663 0.0853 -0.2427
vn 0.9226 0.1611 -0.3506
vn 0.9312 0.0640 -0.3588
vn 0.9329 0.0614 -0.3548
vn 0.9319 -0.0259 -0.3618
vn 0.9044 0.0144 -0.4265
vn 0.8713 0.2985 -0.3895
vn 0.8320 0.3377 -0.4401
vn 0.7208 0.5887 -0.3658
vn 0.6756 0.6177 -0.4024
vn 0.8009 -0.5789 -0.1531
vn 0.7984 -0.5050 -0.3278
vn 0.9217 0.1598 -0.3534
vn 0.8993 0.1893 -0.3941
vn 0.9129 0.0343 -0.4068
vn 0.9153 0.0309 -0.4015
vn 0.9153 0.0277 -0.4017
vn 0.8848 0.0666 -0.4611
vn 0.8381 0.3481 -0.4201
vn 0.7886 0.3913 -0.4744
vn 0.6762 0.6190 -0.3995
vn 0.6249 0.6474 -0.4364
vn 0.8979 0.0438 0.4381
vn 0.9447 0.2673 0.1901
vn 0.9399 -0.3138 0.1343
vn 0.9201 0.0048 -0.3916
vn 0.9045 0.1976 -0.3780
vn 0.8735 0.2334 -0.4273
vn 0.8944 0.0060 -0.4471
vn 0.8909 0.0104 -0.4541
vn 0.8902 0.0730 -0.4498
vn 0.8517 0.1152 -0.5112
vn 0.7918 0.3965 -0.4646
vn 0.7277 0.4440 -0.5228
vn 0.6217 0.6416 -0.4493
vn 0.5646 0.6680 -0.4848
vn 0.9139 0.2581 -0.3132
vn 0.9733 0.1609 -0.1638
vn 0.9780 0.1249 -0.1670
vn 0.9466 0.1878 -0.2619
vn 0.9602 0.0665 -0.2711
vn 0.8794 0.1830 -0.4395
vn 0.8712 0.2299 -0.4337
vn 0.8486 0.2526 -0.4649
vn 0.8725 -0.0091 -0.4885
vn 0.8539 0.0110 -0.5203
vn 0.8501 0.1134 -0.5143
vn 0.7953 0.1634 -0.5838
vn 0.7231 0.4371 -0.5348
vn 0.6408 0.4863 -0.5940
vn 0.5507 0.6458 -0.5289
vn 0.4998 0.6647 -0.5553
vn 0.9229 -0.0434 -0.3826
vn 0.9096 -0.0218 -0.4149
vn 0.9095 0.0277 -0.4148
vn 0.8943 0.0482 -0.4449
vn 0.8918 0.0911 -0.4431
vn 0.8699 0.1166 -0.4793
vn 0.8646 0.1626 -0.4754
vn 0.8403 0.1869 -0.5089
vn 0.8327 0.2307 -0.5033
vn 0.8093 0.2514 -0.5309
vn 0.8341 -0.0082 -0.5516
vn 0.7923 0.0299 -0.6094
vn 0.7823 0.1497 -0.6046
vn 0.6947 0.2140 -0.6867
vn 0.6178 0.4554 -0.6410
vn 0.5385 0.4929 -0.6835
vn 0.4685 0.6196 -0.6298
vn 0.4703 0.6190 -0.6290
vn 0.9019 -0.1098 -0.4178
vn 0.8884 -0.0880 -0.4505
vn 0.8908 -0.0449 -0.4523
vn 0.8739 -0.0220 -0.4857
vn 0.8738 0.0232 -0.4857
vn 0.8534 0.0467 -0.5191
vn 0.8508 0.0932 -0.5172
vn 0.8270 0.1170 -0.5499
vn 0.8216 0.1640 -0.5460
vn 0.7947 0.1876 -0.5773
vn 0.7881 0.2257 -0.5726
vn 0.7600 0.2477 -0.6009
vn 0.7857 0.0240 -0.6181
vn 0.6855 0.0996 -0.7212
vn 0.6710 0.1906 -0.7166
vn 0.5707 0.2504 -0.7820
vn 0.5025 0.4490 -0.7388
vn 0.4753 0.4604 -0.7498
vn 0.4258 0.5618 -0.7092
vn 0.5032 0.5345 -0.6791
vn 0.8728 -0.1681 -0.4582
vn 0.8621 -0.1511 -0.4836
vn 0.8663 -0.1121 -0.4867
vn 0.8499 -0.0899 -0.5191
vn 0.8524 -0.0455 -0.5209
vn 0.8320 -0.0220 -0.5544
vn 0.8319 0.0232 -0.5544
vn 0.8081 0.0470 -0.5871
vn 0.8055 0.0935 -0.5852
vn 0.7786 0.1170 -0.6166
vn 0.7732 0.1640 -0.6126
vn 0.7436 0.1869 -0.6419
vn 0.7375 0.2232 -0.6374
vn 0.6991 0.2496 -0.6700
vn 0.7192 0.1297 -0.6826
vn 0.5883 0.2123 -0.7803
vn 0.5776 0.2570 -0.7748
vn 0.5101 0.2921 -0.8090
vn 0.4576 0.4407 -0.7722
vn 0.5134 0.4168 -0.7501
vn 0.4756 0.5035 -0.7213
vn 0.5198 0.4852 -0.7031
vn 0.8120 -0.2095 -0.5448
vn 0.8003 -0.1935 -0.5675
vn 0.7973 -0.2114 -0.5654
vn 0.7991 -0.2137 -0.5620
vn 0.8112 -0.1276 -0.5707
vn 0.8020 -0.1171 -0.5857
vn 0.8067 -0.0472 -0.5891
vn 0.7843 -0.0248 -0.6199
vn 0.7843 0.0232 -0.6199
vn 0.7574 0.0467 -0.6513
vn 0.7548 0.0932 -0.6493
vn 0.7253 0.1161 -0.6786
vn 0.7199 0.1631 -0.6747
vn 0.6884 0.1848 -0.7014
vn 0.6803 0.2309 -0.6956
vn 0.6474 0.2513 -0.7195
vn 0.6445 0.2645 -0.7174
vn 0.5853 0.2977 -0.7542
vn 0.5700 0.3497 -0.7435
vn 0.5451 0.3620 -0.7562
vn 0.5220 0.4254 -0.7393
vn 0.5127 0.4296 -0.7434
vn 0.4981 0.4636 -0.7328
vn 0.4669 0.4766 -0.7449
vn 0.7683 -0.1997 -0.6082
vn 0.6865 -0.1059 -0.7194
vn 0.6532 -0.3010 -0.6948
vn 0.6563 -0.3046 -0.6903
vn 0.6523 -0.3207 -0.6868
vn 0.6900 -0.3626 -0.6264
vn 0.7308 -0.1777 -0.6590
vn 0.7422 -0.1892 -0.6429
vn 0.7555 -0.0513 -0.6532
vn 0.7318 -0.0305 -0.6809
vn 0.7319 0.0232 -0.6810
vn 0.7024 0.0460 -0.7103
vn 0.6998 0.0926 -0.7083
vn 0.6683 0.1143 -0.7351
vn 0.6629 0.1612 -0.7311
vn 0.6302 0.1814 -0.7549
vn 0.6221 0.2279 -0.7490
vn 0.5891 0.2463 -0.7696
vn 0.5784 0.2914 -0.7619
vn 0.5458 0.3079 -0.7793
vn 0.5330 0.3508 -0.7700
vn 0.5014 0.3653 -0.7843
vn 0.4867 0.4056 -0.7737
vn 0.4571 0.4179 -0.7851
vn 0.4419 0.4535 -0.7740
vn 0.4219 0.4612 -0.7806
vn 0.7469 -0.1701 -0.6428
vn 0.7698 -0.1995 -0.6064
vn 0.7877 -0.0178 -0.6158
vn 0.8456 -0.0870 -0.5267
vn 0.8386 -0.1572 -0.5216
vn 0.7826 -0.0904 -0.6159
vn 0.7420 -0.3256 -0.5861
vn 0.7221 -0.3037 -0.6215
vn 0.7453 -0.1866 -0.6400
vn 0.7020 -0.1465 -0.6969
vn 0.7095 -0.0497 -0.7030
vn 0.6759 -0.0236 -0.7366
vn 0.6759 0.0232 -0.7366
vn 0.6444 0.0449 -0.7633
vn 0.6418 0.0914 -0.7614
vn 0.6091 0.1117 -0.7852
vn 0.6037 0.1586 -0.7813
vn 0.5705 0.1770 -0.8020
vn 0.5624 0.2234 -0.7961
vn 0.5297 0.2399 -0.8136
vn 0.5191 0.2849 -0.8059
vn 0.4874 0.2994 -0.8202
vn 0.4746 0.3422 -0.8109
vn 0.4447 0.3547 -0.8225
vn 0.4301 0.3947 -0.8119
vn 0.4073 0.4034 -0.8194
vn 0.3934 0.4364 -0.8092
vn 0.3770 0.4422 -0.8138
vn 0.6640 -0.2206 -0.7145
vn 0.7129 -0.2841 -0.6411
vn 0.7237 -0.2385 -0.6477
vn 0.7542 -0.2775 -0.5952
vn 0.7766 -0.1584 -0.6098
vn 0.7908 -0.1751 -0.5865
vn 0.8018 -0.0713 -0.5933
vn 0.8220 -0.0930 -0.5619
vn 0.8025 -0.2355 -0.5483
vn 0.7100 -0.1444 -0.6892
vn 0.7106 -0.1395 -0.6896
vn 0.6476 -0.0894 -0.7567
vn 0.6501 -0.0445 -0.7586
vn 0.6176 -0.0221 -0.7862
vn 0.6176 0.0232 -0.7862
vn 0.5848 0.0435 -0.8100
vn 0.5822 0.0899 -0.8081
vn 0.5489 0.1085 -0.8288
vn 0.5435 0.1552 -0.8249
vn 0.5106 0.1718 -0.8425
vn 0.5026 0.2180 -0.8366
vn 0.4707 0.2326 -0.8511
vn 0.4601 0.2773 -0.8434
vn 0.4300 0.2899 -0.8550
vn 0.4172 0.3326 -0.8458
vn 0.3908 0.3427 -0.8543
vn 0.3776 0.3793 -0.8448
vn 0.3608 0.3851 -0.8494
vn 0.3472 0.4178 -0.8396
vn 0.3327 0.4225 -0.8431
vn 0.2796 0.4128 -0.8668
vn 0.3365 0.3638 -0.8686
vn 0.7858 0.3416 -0.5156
vn 0.9071 0.1741 -0.3832
vn 0.6619 -0.1736 -0.7292
vn -0.0127 -0.2806 -0.9598
vn -0.2952 -0.1915 -0.9361
vn -0.1925 -0.1032 -0.9758
vn -0.0381 -0.0474 -0.9982
vn -0.0653 -0.1322 -0.9891
vn -0.0830 -0.2150 -0.9731
vn -0.0903 -0.2670 -0.9594
vn -0.1106 -0.2994 -0.9477
vn -0.0744 -0.3403 -0.9374
vn -0.0025 -0.3691 -0.9294
vn 0.3483 0.4358 -0.8299
vn 0.2894 0.4760 -0.8305
vn 0.7729 0.4679 -0.4287
vn 0.5152 0.7376 -0.4365
vn 0.5327 0.5383 -0.6530
vn 0.2931 0.7150 -0.6347
vn 0.8844 0.3859 -0.2625
vn 0.7116 0.6490 -0.2692
vn 0.6956 0.6799 -0.2324
vn 0.2776 0.9500 -0.1432
vn 0.2795 0.7128 -0.6432
vn 0.1851 0.7638 -0.6183
vn 0.7178 -0.0104 -0.6962
vn 0.4126 0.2369 -0.8796
vn 0.4544 0.6906 -0.5627
vn -0.1623 0.9031 -0.3977
vn -0.1220 0.9477 -0.2951
vn -0.0318 0.9413 -0.3362
vn -0.1658 0.6394 -0.7508
vn 0.0893 0.5095 -0.8558
vn -0.0350 -0.4613 -0.8865
vn -0.2880 -0.3458 -0.8930
vn -0.2952 -0.0893 -0.9513
vn -0.7341 0.1889 -0.6523
vn -0.6750 0.5548 -0.4863
vn -0.6396 0.5467 -0.5404
vn -0.6052 0.6403 -0.4729
vn -0.0578 0.4296 -0.9012
vn -0.0546 0.4443 -0.8942
vn 0.0306 0.3907 -0.9200
vn -0.2818 -0.3523 -0.8925
vn -0.5532 -0.1367 -0.8217
vn -0.4962 -0.3943 -0.7735
vn -0.7654 -0.1534 -0.6250
vn -0.8063 0.0679 -0.5876
vn -0.6843 -0.0577 -0.7269
vn -0.6727 0.5084 -0.5377
vn -0.1552 0.2349 -0.9596
vn -0.1300 0.3925 -0.9105
vn -0.0302 0.3327 -0.9425
vn -0.0234 0.3653 -0.9306
vn -0.0406 0.3764 -0.9256
vn -0.1913 -0.1463 -0.9706
vn -0.3116 -0.0660 -0.9479
vn -0.3123 -0.0003 -0.9500
vn -0.3475 0.0237 -0.9374
vn -0.3405 0.1937 -0.9201
vn -0.2200 0.1196 -0.9681
vn -0.2027 0.2962 -0.9334
vn -0.0913 0.2319 -0.9685
vn -0.0858 0.2708 -0.9588
vn -0.0935 0.2754 -0.9568
vn -0.0886 0.3040 -0.9485
vn -0.1083 0.3160 -0.9426
vn -0.1024 0.3459 -0.9326
vn -0.1194 0.3566 -0.9266
vn -0.0381 -0.0273 -0.9989
vn -0.1022 0.0126 -0.9947
vn -0.1016 0.0433 -0.9939
vn -0.1394 0.0664 -0.9880
vn -0.1358 0.1408 -0.9807
vn -0.1262 0.1352 -0.9827
vn -0.1233 0.1709 -0.9775
vn -0.1403 0.1809 -0.9734
vn -0.1374 0.2083 -0.9684
vn -0.1579 0.2202 -0.9626
vn -0.1547 0.2440 -0.9573
vn -0.1762 0.2564 -0.9504
vn -0.1720 0.2832 -0.9435
vn -0.1921 0.2949 -0.9360
vn -0.1875 0.3213 -0.9282
vn -0.2096 0.3345 -0.9188
vn -0.0674 -0.0628 -0.9958
vn -0.1088 -0.0368 -0.9934
vn -0.1090 0.0090 -0.9940
vn -0.1423 0.0293 -0.9894
vn -0.1414 0.0653 -0.9878
vn -0.1726 0.0840 -0.9814
vn -0.1712 0.1114 -0.9789
vn -0.1972 0.1265 -0.9722
vn -0.1952 0.1518 -0.9689
vn -0.2214 0.1667 -0.9608
vn -0.2194 0.1875 -0.9574
vn -0.2421 0.2002 -0.9494
vn -0.2395 0.2224 -0.9451
vn -0.2639 0.2359 -0.9353
vn -0.2610 0.2576 -0.9303
vn -0.2838 0.2703 -0.9200
vn -0.2801 0.2960 -0.9132
vn -0.3078 0.3116 -0.8990
vn -0.0873 -0.1443 -0.9857
vn -0.1431 -0.1095 -0.9836
vn -0.1447 -0.0566 -0.9879
vn -0.1862 -0.0309 -0.9820
vn -0.1863 0.0050 -0.9825
vn -0.2195 0.0250 -0.9753
vn -0.2187 0.0585 -0.9740
vn -0.2511 0.0776 -0.9648
vn -0.2502 0.0972 -0.9633
vn -0.2798 0.1140 -0.9533
vn -0.2785 0.1351 -0.9509
vn -0.3046 0.1495 -0.9407
vn -0.3033 0.1662 -0.9383
vn -0.3307 0.1809 -0.9262
vn -0.3291 0.1992 -0.9230
vn -0.3537 0.2123 -0.9109
vn -0.3518 0.2315 -0.9070
vn -0.3798 0.2462 -0.8917
vn -0.3772 0.2713 -0.8855
vn -0.4055 0.2864 -0.8681
vn -0.0943 -0.2214 -0.9706
vn -0.1580 -0.1828 -0.9704
vn -0.1612 -0.1200 -0.9796
vn -0.1619 -0.0168 -0.9867
vn -0.1613 -0.0172 -0.9868
vn -0.1588 0.0596 -0.9855
vn -0.2036 0.0863 -0.9752
vn -0.2026 0.1049 -0.9736
vn -0.2804 0.1500 -0.9481
vn -0.2828 0.1123 -0.9526
vn -0.3573 0.1539 -0.9212
vn -0.3593 0.1179 -0.9257
vn -0.3898 0.1342 -0.9111
vn -0.3891 0.1468 -0.9094
vn -0.4176 0.1617 -0.8941
vn -0.4168 0.1749 -0.8920
vn -0.4445 0.1890 -0.8756
vn -0.4434 0.2078 -0.8719
vn -0.4735 0.2229 -0.8521
vn -0.4721 0.2451 -0.8468
vn -0.4997 0.2590 -0.8266
vn -0.1127 -0.2803 -0.9533
vn -0.1393 -0.2649 -0.9542
vn -0.1447 -0.1748 -0.9739
vn -0.0979 -0.2022 -0.9744
vn -0.0978 -0.0819 -0.9918
vn -0.0890 -0.0872 -0.9922
vn -0.0844 0.0277 -0.9960
vn -0.1280 0.0542 -0.9903
vn -0.1227 0.1321 -0.9836
vn -0.1900 0.1725 -0.9665
vn -0.1871 0.2022 -0.9613
vn -0.2675 0.2488 -0.9309
vn -0.2729 0.2022 -0.9406
vn -0.3724 0.2578 -0.8916
vn -0.3838 0.1378 -0.9131
vn -0.4617 0.1794 -0.8687
vn -0.4640 0.1333 -0.8758
vn -0.5012 0.1523 -0.8518
vn -0.5012 0.1534 -0.8516
vn -0.5315 0.1683 -0.8302
vn -0.5311 0.1858 -0.8267
vn -0.5589 0.1993 -0.8049
vn -0.5585 0.2197 -0.7999
vn -0.5862 0.2332 -0.7759
vn -0.0809 -0.2803 -0.9565
vn -0.0570 -0.2930 -0.9544
vn -0.0608 -0.2148 -0.9748
vn -0.0292 -0.2315 -0.9724
vn -0.0286 -0.1585 -0.9870
vn -0.0579 -0.1425 -0.9881
vn -0.0549 -0.0661 -0.9963
vn -0.1009 -0.0393 -0.9941
vn -0.0931 0.0746 -0.9929
vn -0.1104 0.0852 -0.9902
vn -0.0938 0.2246 -0.9699
vn -0.1507 0.2606 -0.9536
vn -0.1417 0.3138 -0.9389
vn -0.2423 0.3755 -0.8946
vn -0.2528 0.3225 -0.9122
vn -0.3654 0.3877 -0.8462
vn -0.3934 0.2202 -0.8926
vn -0.4910 0.2740 -0.8270
vn -0.5013 0.1523 -0.8518
vn -0.5770 0.1909 -0.7941
vn -0.5778 0.1374 -0.8045
vn -0.6093 0.1527 -0.7781
vn -0.6095 0.1643 -0.7756
vn -0.6356 0.1767 -0.7515
vn -0.6359 0.1973 -0.7461
vn -0.6621 0.2096 -0.7195
vn -0.0094 -0.2955 -0.9553
vn 0.0127 -0.3062 -0.9519
vn 0.0103 -0.2466 -0.9691
vn 0.0319 -0.2568 -0.9660
vn 0.0324 -0.1890 -0.9815
vn -0.0071 -0.1701 -0.9854
vn -0.0049 -0.1070 -0.9942
vn -0.0689 -0.0747 -0.9948
vn -0.0651 -0.0166 -0.9977
vn -0.1033 0.0047 -0.9946
vn -0.0920 0.0959 -0.9911
vn -0.1601 0.1382 -0.9774
vn -0.1381 0.2671 -0.9537
vn -0.2367 0.3297 -0.9139
vn -0.2245 0.3841 -0.8956
vn -0.3399 0.4534 -0.8240
vn -0.3553 0.3930 -0.8481
vn -0.4547 0.4492 -0.7691
vn -0.4896 0.2748 -0.8275
vn -0.5646 0.3165 -0.7622
vn -0.5771 0.1908 -0.7941
vn -0.6429 0.2249 -0.7322
vn -0.6440 0.1282 -0.7542
vn -0.6771 0.1442 -0.7216
vn -0.6771 0.1458 -0.7213
vn -0.7018 0.1574 -0.6948
vn -0.7028 0.1778 -0.6888
vn -0.7263 0.1889 -0.6609
vn 0.0859 -0.3022 -0.9494
vn 0.0782 -0.2988 -0.9511
vn 0.0754 -0.2589 -0.9630
vn 0.0610 -0.2529 -0.9656
vn 0.0606 -0.2353 -0.9700
vn -0.0202 -0.2020 -0.9792
vn -0.0198 -0.1793 -0.9836
vn -0.0859 -0.1511 -0.9848
vn -0.0824 -0.0840 -0.9931
vn -0.1168 -0.0693 -0.9907
vn -0.1091 0.0010 -0.9940
vn -0.2197 0.0518 -0.9742
vn -0.2114 0.1086 -0.9714
vn -0.3421 0.1773 -0.9228
vn -0.3209 0.2854 -0.9031
vn -0.4318 0.3490 -0.8317
vn -0.4145 0.4150 -0.8099
vn -0.5111 0.4694 -0.7201
vn -0.5289 0.4058 -0.7454
vn -0.5865 0.4375 -0.6816
vn -0.6168 0.2810 -0.7353
vn -0.6647 0.3078 -0.6808
vn -0.6739 0.2017 -0.7107
vn -0.7125 0.2221 -0.6656
vn -0.7121 0.1173 -0.6923
vn -0.7349 0.1284 -0.6659
vn -0.7350 0.1308 -0.6653
vn -0.7574 0.1414 -0.6374
vn -0.7588 0.1613 -0.6310
vn -0.7786 0.1707 -0.6039
vn -0.8243 0.1637 -0.5420
vn -0.8513 0.1327 -0.5077
vn -0.8748 0.1084 -0.4723
vn -0.8734 0.1955 -0.4460
vn -0.8066 0.4697 -0.3588
vn -0.6940 0.7053 -0.1446
vn -0.5880 0.8083 0.0299
vn -0.6950 0.6935 0.1901
vn -0.8582 0.3229 0.3990
vn -0.8165 -0.2780 0.5060
vn -0.7860 -0.5051 0.3564
vn -0.9263 -0.3762 0.0196
vn -0.9559 -0.2774 -0.0963
vn -0.8875 -0.4090 -0.2122
vn -0.3507 -0.2496 -0.9026
vn -0.8459 0.1520 -0.5112
vn -0.8594 0.1712 -0.4818
vn -0.8723 0.1202 -0.4740
vn -0.8843 0.1377 -0.4461
vn -0.8792 0.1583 -0.4494
vn -0.8922 0.1810 -0.4139
vn -0.8943 0.0953 -0.4373
vn -0.9053 0.1121 -0.4098
vn -0.9030 0.1242 -0.4113
vn -0.9147 0.1451 -0.3773
vn -0.9097 0.1669 -0.3802
vn -0.9210 0.1926 -0.3387
vn -0.9136 0.1662 -0.3711
vn -0.9112 0.1613 -0.3791
vn -0.9223 0.0981 -0.3739
vn -0.9328 0.1179 -0.3407
vn -0.9306 0.1306 -0.3420
vn -0.9407 0.1545 -0.3019
vn -0.9359 0.1775 -0.3042
vn -0.9439 0.2046 -0.2591
vn -0.8942 0.4008 -0.1994
vn -0.8914 0.3546 -0.2824
vn -0.9503 0.1233 -0.2858
vn -0.9456 0.1117 -0.3057
vn -0.9467 0.1033 -0.3051
vn -0.9558 0.1261 -0.2657
vn -0.9536 0.1395 -0.2667
vn -0.9608 0.1650 -0.2227
vn -0.9561 0.1885 -0.2242
vn -0.9599 0.2134 -0.1818
vn -0.7625 0.6468 -0.0123
vn -0.7899 0.6021 -0.1165
vn -0.9413 0.2987 -0.1573
vn -0.9344 0.2335 -0.2690
vn -0.9593 0.0950 -0.2660
vn -0.9661 0.1147 -0.2314
vn -0.9665 0.1113 -0.2313
vn -0.9728 0.1360 -0.1873
vn -0.9708 0.1493 -0.1879
vn -0.9740 0.1725 -0.1467
vn -0.9693 0.1966 -0.1476
vn -0.9696 0.2223 -0.1025
vn -0.6568 0.7282 0.1960
vn -0.7176 0.6917 0.0813
vn -0.8485 0.5263 0.0551
vn -0.8972 0.4064 -0.1728
vn -0.9624 0.1981 -0.1857
vn -0.9607 0.1862 -0.2058
vn -0.9736 0.1026 -0.2037
vn -0.9794 0.1300 -0.1544
vn -0.9806 0.1211 -0.1541
vn -0.9832 0.1434 -0.1130
vn -0.9811 0.1566 -0.1133
vn -0.9811 0.1804 -0.0695
vn -0.9762 0.2054 -0.0697
vn -0.9726 0.2316 -0.0222
vn -0.7339 0.5308 0.4238
vn -0.8337 0.4698 0.2902
vn -0.7576 0.5800 0.2993
vn -0.8973 0.4413 -0.0007
vn -0.9414 0.3373 -0.0093
vn -0.9546 0.2499 -0.1621
vn -0.9725 0.1677 -0.1618
vn -0.9742 0.1936 -0.1162
vn -0.9870 0.1120 -0.1149
vn -0.9882 0.1300 -0.0811
vn -0.9884 0.1283 -0.0810
vn -0.9878 0.1507 -0.0383
vn -0.9856 0.1648 -0.0384
vn -0.9819 0.1893 0.0082
vn -0.9766 0.2149 0.0087
vn -0.9688 0.2410 0.0577
vn -0.7690 0.1232 0.6272
vn -0.9210 -0.0429 0.3872
vn -0.8170 0.3635 0.4476
vn -0.9789 0.1782 0.1001
vn -0.9137 0.3903 0.1134
vn -0.9570 0.2678 -0.1116
vn -0.9672 0.2282 -0.1117
vn -0.9637 0.2621 -0.0502
vn -0.9853 0.1635 -0.0492
vn -0.9849 0.1679 -0.0410
vn -0.9931 0.1104 -0.0406
vn -0.9916 0.1294 -0.0034
vn -0.9911 0.1332 -0.0034
vn -0.9869 0.1560 0.0419
vn -0.9843 0.1714 0.0423
vn -0.9764 0.1961 0.0908
vn -0.9707 0.2218 0.0920
vn -0.9584 0.2475 0.1421
vn -0.8485 -0.2548 0.4638
vn -0.8933 -0.3685 0.2573
vn -0.9434 -0.0104 0.3314
vn -0.9863 -0.1541 0.0591
vn -0.9788 0.1916 0.0729
vn -0.9910 0.1159 -0.0668
vn -0.9665 0.2476 -0.0681
vn -0.9633 0.2666 -0.0318
vn -0.9669 0.2533 -0.0316
vn -0.9628 0.2702 0.0029
vn -0.9894 0.1454 0.0043
vn -0.9867 0.1595 0.0329
vn -0.9933 0.1110 0.0328
vn -0.9883 0.1323 0.0760
vn -0.9875 0.1382 0.0761
vn -0.9791 0.1613 0.1236
vn -0.9762 0.1777 0.1244
vn -0.9639 0.2018 0.1736
vn -0.9577 0.2279 0.1755
vn -0.9413 0.2522 0.2245
vn -0.9303 -0.3662 0.0206
vn -0.9310 -0.3641 0.0252
vn -0.9630 -0.2680 0.0302
vn -0.9509 -0.3055 -0.0488
vn -0.9935 -0.0972 -0.0585
vn -0.9777 -0.1459 -0.1513
vn -0.9645 0.1800 -0.1934
vn -0.9654 0.1866 -0.1822
vn -0.9148 0.3493 -0.2030
vn -0.9103 0.3980 -0.1141
vn -0.9391 0.3266 -0.1066
vn -0.9275 0.3737 -0.0137
vn -0.9839 0.1788 -0.0029
vn -0.9656 0.2347 0.1115
vn -0.9873 0.1139 0.1105
vn -0.9780 0.1364 0.1577
vn -0.9771 0.1426 0.1579
vn -0.9648 0.1647 0.2049
vn -0.9612 0.1832 0.2061
vn -0.9451 0.2058 0.2540
vn -0.9381 0.2328 0.2566
vn -0.9182 0.2550 0.3033
vn -0.9448 -0.3131 -0.0964
vn -0.9564 -0.2875 -0.0507
vn -0.9440 -0.3262 -0.0506
vn -0.9144 -0.3757 -0.1506
vn -0.9536 -0.2454 -0.1745
vn -0.8998 -0.3129 -0.3040
vn -0.9119 -0.0141 -0.4102
vn -0.9155 -0.0084 -0.4023
vn -0.7958 0.3418 -0.4999
vn -0.8109 0.4195 -0.4079
vn -0.7250 0.5392 -0.4286
vn -0.7047 0.6639 -0.2503
vn -0.8460 0.4845 -0.2226
vn -0.7917 0.6109 -0.0027
vn -0.9598 0.2781 0.0370
vn -0.9204 0.3497 0.1751
vn -0.9763 0.1265 0.1757
vn -0.9604 0.1530 0.2327
vn -0.9611 0.1491 0.2324
vn -0.9447 0.1708 0.2800
vn -0.9406 0.1894 0.2817
vn -0.9200 0.2115 0.3300
vn -0.9128 0.2365 0.3329
vn -0.8891 0.2575 0.3784
vn -0.9557 -0.2044 -0.2117
vn -0.6210 -0.4619 -0.6332
vn -0.7755 0.1187 -0.6201
vn -0.6796 -0.0000 -0.7336
vn -0.6795 -0.0005 -0.7336
vn -0.8053 0.1730 -0.5670
vn -0.8645 -0.2478 -0.4373
vn -0.8810 -0.2319 -0.4124
vn -0.8252 0.0794 -0.5593
vn -0.8645 0.1689 -0.4735
vn -0.6615 0.4927 -0.5654
vn -0.6326 0.6827 -0.3657
vn -0.6066 0.7040 -0.3694
vn -0.4977 0.8614 -0.1016
vn -0.7740 0.6317 -0.0436
vn -0.6846 0.7178 0.1272
vn -0.9203 0.3498 0.1750
vn -0.8822 0.3929 0.2596
vn -0.9562 0.1383 0.2581
vn -0.9421 0.1558 0.2969
vn -0.9412 0.1607 0.2973
vn -0.9221 0.1805 0.3422
vn -0.9166 0.2027 0.3445
vn -0.8926 0.2235 0.3915
vn -0.8850 0.2472 0.3945
vn -0.8572 0.2675 0.4401
vn -0.5121 0.2802 -0.8119
vn -0.3449 0.0313 -0.9381
vn -0.3912 0.2127 -0.8954
vn -0.4578 0.3291 -0.8259
vn -0.4396 0.1807 -0.8798
vn -0.5459 0.3619 -0.7556
vn -0.5428 0.2143 -0.8121
vn -0.5304 0.1934 -0.8254
vn -0.5427 0.0547 -0.8381
vn -0.6857 0.3375 -0.6449
vn -0.7262 0.2706 -0.6321
vn -0.7205 0.6178 -0.3150
vn -0.6652 0.6698 -0.3300
vn -0.5012 0.8650 -0.0250
vn -0.5537 0.8327 -0.0108
vn -0.4144 0.8940 0.1706
vn -0.7240 0.6394 0.2591
vn -0.6712 0.6671 0.3231
vn -0.8763 0.3272 0.3535
vn -0.8853 0.3196 0.3378
vn -0.9336 0.1350 0.3319
vn -0.9202 0.1482 0.3623
vn -0.9162 0.1675 0.3639
vn -0.8938 0.1864 0.4079
vn -0.8869 0.2116 0.4107
vn -0.8614 0.2298 0.4530
vn -0.8518 0.2568 0.4565
vn -0.8252 0.2731 0.4944
vn -0.3379 -0.0493 -0.9399
vn -0.4683 0.0906 -0.8789
vn -0.3862 -0.1629 -0.9079
vn -0.6532 0.0825 -0.7527
vn -0.6599 0.1530 -0.7356
vn -0.7223 0.2416 -0.6480
vn -0.7136 0.3115 -0.6274
vn -0.7560 0.4016 -0.5169
vn -0.7928 0.1829 -0.5815
vn -0.8748 0.3383 -0.3468
vn -0.8741 0.3405 -0.3464
vn -0.8740 0.3402 -0.3469
vn -0.6871 0.6316 -0.3591
vn -0.4732 0.8753 0.0994
vn -0.5981 0.7881 0.1459
vn -0.4014 0.8573 0.3223
vn -0.4859 0.7989 0.3546
vn -0.4646 0.8039 0.3715
vn -0.6849 0.5859 0.4331
vn -0.7294 0.5640 0.3871
vn -0.8733 0.2741 0.4027
vn -0.8936 0.2572 0.3678
vn -0.9194 0.1465 0.3651
vn -0.8851 0.1751 0.4312
vn -0.8858 0.1722 0.4309
vn -0.8621 0.1887 0.4703
vn -0.8537 0.2167 0.4736
vn -0.8291 0.2315 0.5090
vn -0.8178 0.2608 0.5130
vn -0.7911 0.2749 0.5464
vn -0.7407 0.2913 0.6054
vn -0.7305 0.2649 0.6295
vn -0.7169 0.2253 0.6598
vn -0.6985 0.1919 0.6893
vn -0.6870 0.2188 0.6930
vn -0.6518 0.2893 0.7011
vn -0.5824 0.3444 0.7363
vn -0.4876 0.3453 0.8019
vn -0.3560 0.3172 0.8790
vn -0.1992 0.2695 0.9422
vn -0.0565 0.2127 0.9755
vn 0.0508 0.1502 0.9873
vn 0.1567 0.0758 0.9847
vn 0.2940 -0.0009 0.9558
vn 0.4420 -0.0594 0.8950
vn -0.7294 0.2856 0.6216
vn -0.6856 0.3200 0.6539
vn -0.7154 0.2572 0.6496
vn -0.6727 0.2900 0.6807
vn -0.6711 0.3125 0.6723
vn -0.6212 0.3488 0.7017
vn -0.6977 0.2153 0.6833
vn -0.6537 0.2485 0.7148
vn -0.6517 0.2791 0.7052
vn -0.6037 0.3133 0.7330
vn -0.6014 0.3383 0.7238
vn -0.5434 0.3773 0.7499
vn -0.6890 0.1867 0.7003
vn -0.6336 0.2281 0.7393
vn -0.6330 0.2375 0.7368
vn -0.5805 0.2744 0.7666
vn -0.5784 0.2998 0.7587
vn -0.5216 0.3374 0.7837
vn -0.5185 0.3637 0.7739
vn -0.4562 0.4024 0.7937
vn -0.6627 0.2052 0.7202
vn -0.6086 0.2446 0.7549
vn -0.6108 0.2156 0.7619
vn -0.5550 0.2539 0.7921
vn -0.5545 0.2603 0.7904
vn -0.4951 0.2989 0.8158
vn -0.4928 0.3216 0.8085
vn -0.4310 0.3594 0.8277
vn -0.4274 0.3859 0.8176
vn -0.3687 0.4199 0.8293
vn -0.6001 0.2615 0.7559
vn -0.5602 0.2891 0.7763
vn -0.5673 0.2220 0.7930
vn -0.5146 0.2569 0.8181
vn -0.5166 0.2327 0.8240
vn -0.4618 0.2675 0.8457
vn -0.4606 0.2797 0.8423
vn -0.4036 0.3142 0.8593
vn -0.4002 0.3419 0.8503
vn -0.3453 0.3733 0.8610
vn -0.3407 0.4033 0.8493
vn -0.2848 0.4337 0.8548
vn -0.4986 0.3043 0.8117
vn -0.5014 0.3026 0.8106
vn -0.5074 0.2617 0.8210
vn -0.4442 0.3002 0.8441
vn -0.4523 0.2223 0.8637
vn -0.4137 0.2458 0.8766
vn -0.4142 0.2409 0.8777
vn -0.3686 0.2679 0.8901
vn -0.3660 0.2927 0.8834
vn -0.3190 0.3195 0.8923
vn -0.3142 0.3549 0.8805
vn -0.2649 0.3817 0.8855
vn -0.2589 0.4177 0.8709
vn -0.2065 0.4448 0.8715
vn -0.3639 0.2879 0.8858
vn -0.4003 0.2683 0.8762
vn -0.4026 0.2549 0.8792
vn -0.3607 0.2776 0.8904
vn -0.3632 0.2572 0.8955
vn -0.3443 0.2675 0.8999
vn -0.3495 0.2095 0.9132
vn -0.3282 0.2218 0.9182
vn -0.3263 0.2437 0.9133
vn -0.2897 0.2643 0.9199
vn -0.2857 0.2999 0.9102
vn -0.2454 0.3219 0.9144
vn -0.2390 0.3659 0.8994
vn -0.2036 0.3844 0.9004
vn -0.1944 0.4371 0.8782
vn -0.1384 0.4648 0.8745
vn -0.2045 0.2452 0.9477
vn -0.2279 0.2346 0.9450
vn -0.2363 0.1847 0.9540
vn -0.2414 0.1823 0.9531
vn -0.2378 0.2148 0.9473
vn -0.2528 0.2078 0.9450
vn -0.2519 0.2177 0.9429
vn -0.2756 0.2055 0.9391
vn -0.2766 0.1919 0.9416
vn -0.2619 0.2002 0.9441
vn -0.2578 0.2456 0.9345
vn -0.2941 0.2252 0.9289
vn -0.2820 0.3435 0.8958
vn -0.4038 0.2695 0.8743
vn -0.3791 0.4857 0.7876
vn -0.2485 0.5611 0.7896
vn -0.2542 0.5347 0.8059
vn -0.0760 0.6182 0.7823
vn -0.0580 0.2005 0.9780
vn -0.0343 0.2103 0.9770
vn -0.0440 0.1337 0.9900
vn -0.0240 0.1418 0.9896
vn -0.0307 0.0653 0.9974
vn -0.1272 0.0254 0.9916
vn -0.1236 0.1388 0.9826
vn -0.1907 0.1082 0.9757
vn -0.1887 0.1570 0.9694
vn -0.2224 0.1396 0.9649
vn -0.2201 0.1755 0.9596
vn -0.3601 0.0945 0.9281
vn -0.3525 0.2591 0.8992
vn -0.7507 -0.0668 0.6572
vn -0.7525 0.4642 0.4671
vn -0.5814 0.6412 0.5009
vn -0.5645 0.6797 0.4683
vn -0.0273 0.9141 0.4045
vn -0.1249 0.6459 0.7532
vn 0.0443 0.7046 0.7082
vn 0.0510 0.1599 0.9858
vn 0.0985 0.1804 0.9787
vn 0.0959 0.1353 0.9861
vn 0.1280 0.1480 0.9807
vn 0.1232 0.0510 0.9911
vn -0.0376 -0.0117 0.9992
vn -0.0374 -0.0259 0.9990
vn -0.0876 -0.0469 0.9951
vn -0.0890 0.0507 0.9947
vn -0.1608 0.0169 0.9868
vn -0.1591 0.1030 0.9819
vn -0.3071 0.0235 0.9514
vn -0.3066 0.0627 0.9498
vn -0.8072 -0.3000 0.5084
vn -0.8937 0.0883 0.4398
vn -0.8066 0.2617 0.5300
vn -0.6813 0.6479 0.3406
vn 0.0706 0.9591 0.2742
vn 0.0335 0.8960 0.4427
vn 0.2560 0.8948 0.3659
vn 0.2178 0.5863 0.7803
vn 0.0648 0.5371 0.8410
vn 0.1551 0.1005 0.9828
vn 0.2034 0.1249 0.9711
vn 0.2036 0.1183 0.9719
vn 0.1732 0.1050 0.9793
vn 0.1730 0.1182 0.9778
vn 0.0032 0.0516 0.9987
vn 0.0085 -0.0409 0.9991
vn -0.0013 -0.0449 0.9990
vn 0.0020 -0.1002 0.9950
vn -0.0646 -0.1296 0.9895
vn -0.0677 -0.0374 0.9970
vn -0.1787 -0.0914 0.9797
vn -0.1792 -0.0532 0.9824
vn -0.6724 -0.3128 0.6708
vn -0.6036 -0.4807 0.6361
vn -0.4720 -0.4520 0.7569
vn -0.5151 0.0862 0.8528
vn 0.4038 0.5266 0.7481
vn 0.4095 0.8177 0.4047
vn 0.5643 0.7672 0.3049
vn 0.6127 0.6097 0.5028
vn 0.1752 0.5447 0.8201
vn 0.1619 0.4710 0.8671
vn 0.0918 0.4441 0.8912
vn 0.2919 0.0146 0.9563
vn 0.3606 0.0591 0.9308
vn 0.3632 0.0290 0.9313
vn 0.3089 -0.0012 0.9511
vn 0.3080 0.0123 0.9513
vn 0.1089 -0.0779 0.9910
vn 0.1025 -0.0185 0.9946
vn -0.0249 -0.0704 0.9972
vn -0.0300 -0.0255 0.9992
vn -0.0421 -0.0307 0.9986
vn -0.0319 -0.1493 0.9883
vn -0.1385 -0.1976 0.9705
vn -0.1439 -0.1121 0.9832
vn -0.3759 -0.2218 0.8997
vn -0.3037 -0.5637 0.7681
vn -0.1917 -0.5414 0.8186
vn -0.1893 -0.5794 0.7928
vn 0.5700 -0.2330 0.7879
vn 0.6838 0.2493 0.6858
vn 0.8057 0.3322 0.4904
vn 0.7578 0.5512 0.3492
vn 0.2935 0.5147 0.8056
vn 0.2877 0.4634 0.8381
vn 0.1145 0.4002 0.9092
vn 0.1193 0.4267 0.8965
vn 0.1484 0.4380 0.8866
vn 0.4427 -0.0637 0.8944
vn 0.5363 0.0181 0.8438
vn 0.5450 -0.0566 0.8365
vn 0.5377 -0.0626 0.8408
vn 0.5442 -0.1720 0.8212
vn 0.2457 -0.3530 0.9028
vn 0.2219 -0.1610 0.9617
vn -0.0230 -0.2660 0.9637
vn -0.0624 -0.0418 0.9972
vn -0.0318 -0.0287 0.9991
vn -0.0303 -0.0388 0.9988
vn -0.1531 -0.0934 0.9838
vn -0.1400 -0.1967 0.9704
vn -0.1744 -0.2121 0.9616
vn -0.1596 -0.3547 0.9213
vn -0.1145 -0.3379 0.9342
vn -0.1059 -0.5776 0.8094
vn 0.4452 -0.3563 0.8215
vn 0.4993 -0.1833 0.8468
vn 0.7326 -0.0064 0.6807
vn 0.7239 0.4625 0.5119
vn 0.3906 0.3759 0.8403
vn 0.3930 0.4399 0.8075
vn 0.1350 0.3495 0.9272
vn 0.1401 0.3842 0.9126
vn 0.1697 0.3956 0.9026
vn 0.1743 0.4218 0.8898
vn 0.2008 0.4314 0.8795
vn 0.5630 -0.1082 0.8194
vn 0.6609 -0.0015 0.7505
vn 0.6700 -0.0740 0.7387
vn 0.6710 -0.0728 0.7379
vn 0.6801 -0.1804 0.7106
vn 0.3037 -0.4724 0.8274
vn 0.2921 -0.3834 0.8762
vn 0.1105 -0.4692 0.8761
vn 0.0863 -0.3480 0.9335
vn 0.1682 -0.3152 0.9340
vn 0.1411 -0.1586 0.9772
vn 0.0242 -0.2052 0.9784
vn 0.0256 -0.2128 0.9768
vn -0.0711 -0.2552 0.9643
vn -0.0682 -0.2777 0.9582
vn -0.0385 -0.2650 0.9635
vn -0.0344 -0.3811 0.9239
vn 0.2073 -0.2777 0.9380
vn 0.2142 -0.2294 0.9495
vn 0.4739 -0.0934 0.8756
vn 0.5072 0.2543 0.8235
vn 0.3714 0.1958 0.9076
vn 0.3796 0.3844 0.8415
vn 0.1603 0.3059 0.9385
vn 0.1633 0.3320 0.9290
vn 0.1894 0.3419 0.9204
vn 0.1948 0.3801 0.9042
vn 0.2209 0.3895 0.8942
vn 0.2254 0.4162 0.8809
vn 0.2492 0.4243 0.8706
vn 0.3081 0.4239 0.8517
vn 0.3473 0.3886 0.8534
vn 0.3892 0.3432 0.8548
vn 0.4300 0.2897 0.8551
vn 0.4707 0.2321 0.8512
vn 0.5103 0.1712 0.8428
vn 0.5483 0.1080 0.8293
vn 0.5841 0.0434 0.8105
vn 0.6172 -0.0220 0.7865
vn 0.6466 -0.0870 0.7579
vn 0.6717 -0.1503 0.7255
vn 0.6924 -0.2108 0.6900
vn 0.7089 -0.2680 0.6524
vn 0.7190 -0.2984 0.6277
vn 0.7177 -0.3179 0.6196
vn 0.3359 0.4151 0.8455
vn 0.3600 0.4342 0.8257
vn 0.3765 0.3785 0.8456
vn 0.4011 0.3982 0.8249
vn 0.3902 0.4238 0.8174
vn 0.4146 0.4442 0.7943
vn 0.4172 0.3326 0.8458
vn 0.4442 0.3544 0.8228
vn 0.4327 0.3862 0.8146
vn 0.4573 0.4070 0.7907
vn 0.4467 0.4320 0.7835
vn 0.4702 0.4529 0.7575
vn 0.4601 0.2772 0.8435
vn 0.4874 0.2994 0.8202
vn 0.4748 0.3417 0.8111
vn 0.5008 0.3640 0.7853
vn 0.4902 0.3933 0.7778
vn 0.5078 0.4092 0.7581
vn 0.4936 0.4433 0.7482
vn 0.5039 0.4534 0.7352
vn 0.5022 0.2177 0.8369
vn 0.5297 0.2399 0.8136
vn 0.5191 0.2849 0.8059
vn 0.5432 0.3056 0.7820
vn 0.5297 0.3508 0.7722
vn 0.5400 0.3603 0.7606
vn 0.5254 0.4013 0.7503
vn 0.5338 0.4097 0.7397
vn 0.5185 0.4470 0.7290
vn 0.5298 0.4593 0.7130
vn 0.5429 0.1547 0.8254
vn 0.5705 0.1770 0.8020
vn 0.5624 0.2234 0.7961
vn 0.5826 0.2407 0.7763
vn 0.5704 0.2920 0.7677
vn 0.5758 0.2969 0.7617
vn 0.5599 0.3504 0.7508
vn 0.5673 0.3578 0.7417
vn 0.5519 0.4010 0.7311
vn 0.5634 0.4137 0.7151
vn 0.5483 0.4507 0.7044
vn 0.5624 0.4677 0.6819
vn 0.5815 0.0894 0.8086
vn 0.6090 0.1117 0.7853
vn 0.6036 0.1586 0.7813
vn 0.6207 0.1732 0.7646
vn 0.6118 0.2244 0.7585
vn 0.6145 0.2268 0.7556
vn 0.6014 0.2828 0.7472
vn 0.6076 0.2889 0.7399
vn 0.5911 0.3451 0.7291
vn 0.5863 0.3398 0.7354
vn 0.5595 0.4157 0.7170
vn 0.5380 0.3902 0.7472
vn 0.4934 0.4982 0.7130
vn 0.5264 0.5422 0.6549
vn 0.6172 0.0229 0.7865
vn 0.6444 0.0449 0.7634
vn 0.6418 0.0914 0.7614
vn 0.6584 0.1056 0.7452
vn 0.6530 0.1532 0.7417
vn 0.6546 0.1547 0.7400
vn 0.6457 0.2076 0.7349
vn 0.6510 0.2127 0.7287
vn 0.6378 0.2707 0.7210
vn 0.6161 0.2485 0.7475
vn 0.5912 0.3371 0.7327
vn 0.4783 0.2157 0.8513
vn 0.3990 0.4495 0.7993
vn 0.4025 0.4541 0.7948
vn 0.3287 0.6049 0.7253
vn 0.4017 0.7102 0.5781
vn 0.6489 -0.0439 0.7596
vn 0.6759 -0.0220 0.7366
vn 0.6759 0.0232 0.7366
vn 0.6949 0.0395 0.7180
vn 0.6926 0.0819 0.7167
vn 0.6945 0.0836 0.7146
vn 0.6895 0.1306 0.7124
vn 0.6946 0.1352 0.7066
vn 0.6861 0.1888 0.7026
vn 0.6908 0.1935 0.6967
vn 0.6895 0.2005 0.6960
vn 0.5921 0.1076 0.7986
vn 0.5827 0.1572 0.7974
vn 0.5687 0.1434 0.8099
vn 0.4821 0.4234 0.7670
vn 0.5425 0.5072 0.6697
vn 0.4201 0.7055 0.5708
vn 0.4527 0.7564 0.4721
vn 0.6760 -0.1098 0.7286
vn 0.7030 -0.0880 0.7057
vn 0.7054 -0.0449 0.7074
vn 0.7285 -0.0250 0.6846
vn 0.7286 0.0133 0.6849
vn 0.7324 0.0167 0.6807
vn 0.7307 0.0554 0.6805
vn 0.7362 0.0604 0.6741
vn 0.7320 0.1064 0.6729
vn 0.7409 0.1147 0.6618
vn 0.7346 0.1608 0.6592
vn 0.7363 0.1625 0.6568
vn 0.7525 -0.0072 0.6585
vn 0.7276 -0.0285 0.6854
vn 0.7232 0.0435 0.6892
vn 0.7696 0.0904 0.6321
vn 0.6832 0.4353 0.5862
vn 0.7042 0.4696 0.5326
vn 0.5463 0.7235 0.4220
vn 0.5561 0.7432 0.3721
vn 0.6984 -0.1737 0.6943
vn 0.7255 -0.1517 0.6713
vn 0.7299 -0.1115 0.6744
vn 0.7562 -0.0888 0.6483
vn 0.7583 -0.0512 0.6499
vn 0.7670 -0.0435 0.6402
vn 0.7674 -0.0140 0.6411
vn 0.7739 -0.0082 0.6332
vn 0.7729 0.0282 0.6338
vn 0.7827 0.0370 0.6214
vn 0.7796 0.0815 0.6210
vn 0.7923 0.0937 0.6030
vn 0.7897 0.1182 0.6020
vn 0.8085 0.1378 0.5722
vn 0.8146 -0.1029 0.5707
vn 0.8299 -0.0896 0.5506
vn 0.8320 0.0362 0.5535
vn 0.8520 0.0588 0.5203
vn 0.7786 0.4169 0.4690
vn 0.7873 0.4343 0.4377
vn 0.6220 0.7113 0.3272
vn 0.6263 0.7247 0.2872
vn 0.7160 -0.2345 0.6575
vn 0.7448 -0.2111 0.6330
vn 0.7504 -0.1766 0.6370
vn 0.7821 -0.1491 0.6051
vn 0.7854 -0.1183 0.6075
vn 0.7979 -0.1069 0.5932
vn 0.8000 -0.0766 0.5950
vn 0.8065 -0.0708 0.5870
vn 0.8075 -0.0418 0.5884
vn 0.8218 -0.0287 0.5690
vn 0.8217 -0.0020 0.5698
vn 0.8434 0.0186 0.5370
vn 0.8424 0.0436 0.5371
vn 0.8472 0.0485 0.5290
vn 0.8433 0.1042 0.5273
vn 0.8641 0.1277 0.4868
vn 0.8627 -0.1244 0.4902
vn 0.8751 -0.1132 0.4705
vn 0.8829 0.0250 0.4689
vn 0.8942 0.0385 0.4460
vn 0.8314 0.3957 0.3901
vn 0.8396 0.4163 0.3489
vn 0.6765 0.6944 0.2454
vn 0.6776 0.7044 0.2113
vn 0.7227 -0.2838 0.6302
vn 0.7655 -0.2488 0.5933
vn 0.7678 -0.2377 0.5950
vn 0.8407 -0.1696 0.5142
vn 0.8338 -0.2131 0.5093
vn 0.8460 -0.2011 0.4938
vn 0.8505 -0.1720 0.4970
vn 0.8247 -0.1962 0.5305
vn 0.8354 -0.1043 0.5396
vn 0.8475 -0.0931 0.5225
vn 0.8493 -0.0603 0.5245
vn 0.9346 0.0380 0.3535
vn 0.9312 -0.1065 0.3485
vn 0.9257 -0.1132 0.3609
vn 0.9294 -0.0651 0.3632
vn 0.8932 -0.1029 0.4378
vn 0.8957 0.0914 0.4351
vn 0.9143 0.1153 0.3883
vn 0.9040 -0.1525 0.3995
vn 0.9162 -0.1409 0.3751
vn 0.9297 -0.0112 0.3682
vn 0.9410 0.0037 0.3383
vn 0.8912 0.3591 0.2772
vn 0.8946 0.3723 0.2470
vn 0.7341 0.6615 0.1535
vn 0.7338 0.6632 0.1470
vn 0.7219 -0.3022 0.6225
vn 0.7721 -0.2615 0.5793
vn 0.7728 -0.2583 0.5797
vn 0.8811 -0.1501 0.4486
vn 0.8709 -0.2160 0.4415
vn 0.9198 -0.1549 0.3605
vn 0.8933 -0.2899 0.3435
vn 0.7786 -0.3946 0.4880
vn 0.8283 -0.2013 0.5228
vn 0.8648 -0.1685 0.4731
vn 0.8700 -0.1237 0.4773
vn 0.8892 -0.1048 0.4453
vn 0.8876 0.1006 0.4494
vn 0.9378 0.3332 -0.0977
vn 0.9351 -0.3418 -0.0941
vn 0.9178 -0.3968 0.0160
vn 0.9386 -0.3447 0.0158
vn 0.8273 -0.4642 0.3163
vn 0.9421 0.0743 0.3270
vn 0.9558 0.0967 0.2778
vn 0.9365 -0.1818 0.2997
vn 0.9594 -0.1559 0.2348
vn 0.9724 -0.0668 0.2236
vn 0.9798 -0.0541 0.1928
vn 0.9516 0.2789 0.1289
vn 0.9513 0.2748 0.1396
vn 0.8030 0.5932 0.0575
vn 0.8053 0.5872 0.0815
vn 0.7131 -0.3115 0.6281
vn 0.7702 -0.2662 0.5796
vn 0.7715 -0.2607 0.5804
vn 0.8718 -0.1634 0.4617
vn 0.8748 -0.1399 0.4639
vn 0.9205 -0.0808 0.3823
vn 0.9149 -0.1445 0.3770
vn 0.7345 -0.3081 0.6047
vn 0.7313 -0.3201 0.6022
vn 0.8681 -0.2154 0.4472
vn 0.8736 -0.1828 0.4511
vn 0.9032 -0.1532 0.4009
vn 0.9057 -0.1321 0.4027
vn 0.9320 -0.1027 0.3475
vn 0.7822 0.5461 0.2999
vn 0.6154 0.6315 -0.4717
vn 0.7783 -0.5102 -0.3660
vn 0.6833 -0.7204 0.1190
vn 0.8235 -0.5541 0.1216
vn 0.7711 -0.5918 0.2351
vn 0.9723 0.0629 0.2253
vn 0.9822 0.0876 0.1659
vn 0.9642 -0.1757 0.1987
vn 0.9892 -0.1294 0.0683
vn 0.9894 -0.1283 0.0681
vn 0.9901 -0.1261 0.0618
vn 0.9850 0.1723 0.0070
vn 0.9859 0.1652 0.0260
vn 0.8708 0.4905 -0.0351
vn 0.8766 0.4812 -0.0026
vn 0.3019 0.3986 -0.8660
vn 0.3299 0.3613 -0.8721
vn 0.3610 0.3199 -0.8760
vn 0.4014 0.2680 -0.8758
vn 0.4423 0.2108 -0.8717
vn 0.4824 0.1503 -0.8630
vn 0.5209 0.0870 -0.8492
vn 0.5569 0.0221 -0.8303
vn 0.5896 -0.0435 -0.8065
vn 0.6208 -0.1099 -0.7762
vn 0.6634 -0.1815 -0.7259
vn 0.6865 -0.2173 -0.6939
vn 0.6895 -0.2628 -0.6749
vn 0.6883 -0.3302 -0.6459
vn 0.6420 -0.3357 -0.6893
vn 0.3044 0.3774 -0.8746
vn 0.3101 0.3815 -0.8708
vn 0.3325 0.3376 -0.8806
vn 0.3006 0.3143 -0.9005
vn 0.3180 0.3032 -0.8983
vn 0.6363 0.5152 -0.5742
vn 0.3639 0.2912 -0.8848
vn 0.3328 0.2687 -0.9039
vn 0.3031 0.2872 -0.9087
vn 0.3966 0.3508 -0.8483
vn 0.6909 0.1074 -0.7150
vn 0.8540 0.2883 -0.4332
vn 0.4041 0.2345 -0.8842
vn 0.3745 0.2130 -0.9024
vn 0.3354 0.2372 -0.9117
vn 0.3815 0.2689 -0.8844
vn 0.4080 0.2512 -0.8778
vn 0.6251 0.3889 -0.6768
vn 0.8688 0.0728 -0.4897
vn 0.6420 -0.1569 -0.7505
vn 0.4446 0.1737 -0.8788
vn 0.4142 0.1517 -0.8974
vn 0.3769 0.1748 -0.9096
vn 0.3928 0.1858 -0.9007
vn 0.3882 0.1888 -0.9020
vn 0.4927 0.2586 -0.8309
vn 0.6604 0.1132 -0.7423
vn 0.5430 0.0283 -0.8393
vn 0.6544 -0.0780 -0.7521
vn 0.1256 -0.3629 -0.9233
vn 0.4841 0.1098 -0.8681
vn 0.4539 0.0880 -0.8867
vn 0.4159 0.1114 -0.9026
vn 0.3894 0.0932 -0.9163
vn 0.3971 0.0883 -0.9135
vn 0.4177 0.1022 -0.9028
vn 0.5050 0.0401 -0.8622
vn 0.4335 -0.0091 -0.9011
vn 0.5372 -0.0874 -0.8389
vn 0.2147 -0.2764 -0.9367
vn 0.1302 -0.2249 -0.9656
vn -0.0971 -0.3239 -0.9411
vn 0.5218 0.0438 -0.8520
vn 0.4917 0.0220 -0.8705
vn 0.4548 0.0449 -0.8895
vn 0.4215 0.0220 -0.9066
vn 0.3905 0.0412 -0.9197
vn 0.3553 0.0182 -0.9346
vn 0.4183 -0.0222 -0.9080
vn 0.3340 -0.0763 -0.9395
vn 0.4271 -0.1364 -0.8938
vn 0.2309 -0.2517 -0.9398
vn 0.2168 -0.2435 -0.9454
vn 0.0440 -0.3265 -0.9442
vn -0.1031 -0.2386 -0.9656
vn -0.0314 -0.2057 -0.9781
vn 0.5568 -0.0232 -0.8303
vn 0.5268 -0.0449 -0.8488
vn 0.4917 -0.0232 -0.8705
vn 0.4585 -0.0460 -0.8875
vn 0.4215 -0.0232 -0.9065
vn 0.3849 -0.0470 -0.9218
vn 0.3551 -0.0286 -0.9344
vn 0.2958 -0.0652 -0.9530
vn 0.3335 -0.0888 -0.9386
vn 0.2192 -0.1553 -0.9632
vn 0.2360 -0.1656 -0.9575
vn 0.1399 -0.2164 -0.9662
vn 0.0452 -0.1581 -0.9864
vn 0.0625 -0.1495 -0.9868
vn -0.0328 -0.0890 -0.9955
vn 0.0011 -0.0722 -0.9974
vn 0.5886 -0.0899 -0.8034
vn 0.5585 -0.1117 -0.8219
vn 0.5258 -0.0915 -0.8457
vn 0.4795 -0.1231 -0.8689
vn 0.4568 -0.1091 -0.8828
vn 0.4017 -0.1445 -0.9043
vn 0.3823 -0.1323 -0.9145
vn 0.3284 -0.1649 -0.9300
vn 0.2930 -0.1427 -0.9454
vn -0.1111 -0.3481 -0.9308
vn 0.1806 -0.5513 -0.8146
vn 0.4309 -0.4193 -0.7991
vn 0.1391 -0.2334 -0.9624
vn 0.1579 -0.2238 -0.9618
vn 0.0621 -0.1616 -0.9849
vn 0.0290 -0.1778 -0.9836
vn -0.0005 -0.1585 -0.9874
vn -0.0141 -0.1648 -0.9862
vn 0.6189 -0.1538 -0.7703
vn 0.5867 -0.1772 -0.7902
vn 0.5565 -0.1586 -0.8156
vn 0.4595 -0.2224 -0.8599
vn 0.4726 -0.2304 -0.8506
vn 0.1613 -0.3954 -0.9042
vn 0.3497 -0.5190 -0.7799
vn 0.3409 -0.5231 -0.7812
vn 0.2897 -0.4893 -0.8226
vn -0.0000 -0.5929 -0.8053
vn -0.1256 -0.4947 -0.8599
vn -0.2082 -0.5253 -0.8250
vn 0.2873 -0.8502 -0.4412
vn 0.5126 -0.7457 -0.4258
vn 0.1275 -0.5824 -0.8029
vn 0.1801 -0.5634 -0.8063
vn 0.0145 -0.4633 -0.8861
vn 0.1446 -0.4114 -0.8999
vn -0.0185 -0.3127 -0.9497
vn 0.0380 -0.2888 -0.9566
vn 0.6620 -0.2021 -0.7217
vn 0.6107 -0.2400 -0.7546
vn 0.5836 -0.2232 -0.7808
vn 0.5266 -0.2616 -0.8088
vn 0.4596 -0.2208 -0.8602
vn 0.0427 -0.4263 -0.9035
vn 0.1459 -0.5007 -0.8532
vn 0.1080 -0.5144 -0.8507
vn 0.3006 -0.6445 -0.7031
vn -0.1948 -0.7546 -0.6266
vn -0.0671 -0.8375 -0.5424
vn -0.2284 -0.8366 -0.4979
vn -0.2112 -0.8477 -0.4866
vn 0.3073 -0.7041 -0.6401
vn 0.5096 -0.7509 -0.4200
vn 0.4581 -0.7827 -0.4213
vn 0.1585 -0.7050 -0.6913
vn 0.3284 -0.6382 -0.6963
vn 0.1327 -0.5500 -0.8245
vn 0.2561 -0.4982 -0.8284
vn 0.0344 -0.3814 -0.9238
vn 0.0786 -0.3630 -0.9285
vn 0.6831 -0.2588 -0.6829
vn 0.6296 -0.2985 -0.7173
vn 0.6067 -0.2844 -0.7423
vn 0.5695 -0.3099 -0.7614
vn 0.5248 -0.2823 -0.8031
vn 0.1712 -0.4627 -0.8698
vn 0.0476 -0.3744 -0.9261
vn -0.0479 -0.4138 -0.9091
vn 0.1006 -0.5385 -0.8366
vn -0.1238 -0.6036 -0.7876
vn -0.1469 -0.5848 -0.7977
vn -0.3514 -0.6123 -0.7083
vn -0.2221 -0.7192 -0.6584
vn 0.1273 -0.6251 -0.7701
vn 0.3051 -0.7124 -0.6319
vn 0.3694 -0.6793 -0.6342
vn 0.4886 -0.7134 -0.5024
vn 0.5414 -0.6773 -0.4981
vn 0.3328 -0.6172 -0.7129
vn 0.3994 -0.5831 -0.7074
vn 0.2529 -0.5226 -0.8142
vn 0.3191 -0.4906 -0.8109
vn 0.0779 -0.3745 -0.9240
vn 0.0493 -0.3863 -0.9210
vn 0.6830 -0.3268 -0.6533
vn 0.6448 -0.3547 -0.6771
vn 0.6246 -0.3422 -0.7019
vn 0.5910 -0.3653 -0.7192
vn 0.5650 -0.3492 -0.7475
vn 0.4138 -0.4384 -0.7979
vn 0.1878 -0.2910 -0.9381
vn -0.1542 -0.4365 -0.8864
vn -0.0731 -0.5192 -0.8515
vn -0.1014 -0.5272 -0.8437
vn -0.1043 -0.5246 -0.8449
vn -0.1053 -0.5249 -0.8446
vn -0.3005 -0.3410 -0.8908
vn -0.1860 -0.3099 -0.9324
vn 0.1344 -0.5836 -0.8009
vn 0.1918 -0.5615 -0.8049
vn 0.3735 -0.6625 -0.6493
vn 0.4236 -0.6361 -0.6449
vn 0.5418 -0.6760 -0.4994
vn 0.4917 -0.7069 -0.5085
vn 0.3752 -0.6744 -0.6359
vn 0.5116 -0.6021 -0.6129
vn 0.3125 -0.5316 -0.7873
vn 0.3550 -0.5101 -0.7834
vn 0.0503 -0.3761 -0.9252
vn 0.0195 -0.3885 -0.9212
vn 0.6844 -0.3616 -0.6331
vn 0.6384 -0.3946 -0.6609
vn 0.6392 -0.3951 -0.6598
vn 0.6056 -0.4181 -0.6770
vn 0.5854 -0.4056 -0.7020
vn 0.5149 -0.4501 -0.7296
vn 0.4202 -0.3908 -0.8190
vn -0.1295 -0.5927 -0.7949
vn -0.1748 -0.5440 -0.8207
vn -0.1275 -0.5334 -0.8362
vn -0.1071 -0.5535 -0.8259
vn -0.0499 -0.5400 -0.8402
vn -0.0999 -0.4959 -0.8626
vn -0.2092 -0.5198 -0.8282
vn -0.2221 -0.5064 -0.8332
vn -0.0909 -0.4761 -0.8747
vn 0.1705 -0.6866 -0.7068
vn 0.3259 -0.6271 -0.7075
vn 0.4155 -0.6721 -0.6129
vn 0.5580 -0.5905 -0.5831
vn 0.5338 -0.5809 -0.6145
vn 0.5984 -0.5374 -0.5943
vn 0.5364 -0.5148 -0.6688
vn 0.5602 -0.4991 -0.6611
vn 0.3687 -0.4297 -0.8243
vn 0.2427 -0.4937 -0.8350
vn 0.0185 -0.3957 -0.9182
vn 0.0372 -0.3881 -0.9209
vn 0.6394 -0.3617 -0.6785
vn 0.5755 -0.4033 -0.7114
vn 0.6316 -0.4385 -0.6394
vn 0.6030 -0.4576 -0.6534
vn 0.5995 -0.4554 -0.6581
vn 0.5650 -0.4780 -0.6726
vn 0.5154 -0.4468 -0.7312
vn -0.0298 -0.6481 -0.7610
vn -0.1227 -0.5573 -0.8212
vn -0.1716 -0.5675 -0.8053
vn -0.1407 -0.5994 -0.7880
vn -0.0694 -0.5848 -0.8082
vn -0.0597 -0.5934 -0.8027
vn -0.0816 -0.5979 -0.7974
vn -0.2023 -0.4746 -0.8566
vn -0.3726 -0.5062 -0.7778
vn -0.1366 -0.7813 -0.6091
vn 0.3910 -0.6372 -0.6641
vn 0.3290 -0.6005 -0.7287
vn 0.5661 -0.4682 -0.6785
vn 0.5833 -0.4779 -0.6568
vn 0.6630 -0.4185 -0.6207
vn 0.6291 -0.4007 -0.6661
vn 0.6568 -0.3795 -0.6516
vn 0.5904 -0.3492 -0.7277
vn 0.4538 -0.4350 -0.7777
vn 0.2654 -0.3635 -0.8930
vn 0.0567 -0.4589 -0.8867
vn 0.0255 -0.4446 -0.8953
vn 0.1109 -0.4082 -0.9061
vn -0.8079 0.1438 -0.5715
vn -0.7869 0.1159 -0.6061
vn -0.7706 0.0986 -0.6296
vn -0.7690 0.1742 -0.6151
vn -0.7343 0.2519 -0.6304
vn -0.7043 0.3506 -0.6173
vn -0.5997 0.4127 -0.6856
vn -0.4784 0.3205 -0.8176
vn -0.3549 0.1693 -0.9195
vn -0.2311 0.0445 -0.9719
vn -0.1267 -0.0759 -0.9890
vn -0.0715 -0.1410 -0.9874
vn 0.0026 -0.1847 -0.9828
vn 0.0840 -0.2345 -0.9685
vn 0.1140 -0.2692 -0.9563
vn -0.8085 0.1391 -0.5718
vn -0.8356 0.1133 -0.5376
vn -0.7870 0.1145 -0.6062
vn -0.8152 0.0893 -0.5723
vn -0.8357 0.1119 -0.5377
vn -0.8594 0.0885 -0.5036
vn -0.7626 0.1679 -0.6247
vn -0.8232 0.1127 -0.5565
vn -0.8141 0.1031 -0.5715
vn -0.8166 0.1008 -0.5683
vn -0.8546 0.1479 -0.4978
vn -0.8477 0.1544 -0.5075
vn -0.7527 0.2700 -0.6004
vn -0.7961 0.2305 -0.5595
vn -0.8066 0.2430 -0.5389
vn -0.7418 0.2973 -0.6012
vn -0.7713 0.3425 -0.5364
vn -0.7177 0.3789 -0.5843
vn -0.7592 0.4731 -0.4470
vn -0.8008 0.4436 -0.4025
vn -0.7101 0.3559 -0.6075
vn -0.7250 0.3438 -0.5969
vn -0.7594 0.3847 -0.5247
vn -0.6207 0.4835 -0.6172
vn -0.6519 0.5369 -0.5355
vn -0.5653 0.5804 -0.5862
vn -0.5876 0.6374 -0.4984
vn -0.6065 0.6296 -0.4856
vn -0.6191 0.7276 -0.2954
vn -0.7031 0.6801 -0.2075
vn -0.6682 0.4617 -0.5834
vn -0.6291 0.4905 -0.6030
vn -0.6622 0.5186 -0.5409
vn -0.5164 0.6084 -0.6027
vn -0.5393 0.6375 -0.5503
vn -0.4920 0.6594 -0.5685
vn -0.5012 0.6785 -0.5370
vn -0.4662 0.6903 -0.5533
vn -0.4865 0.7739 -0.4054
vn -0.5563 0.7517 -0.3544
vn -0.5313 0.8375 -0.1273
vn -0.6099 0.7919 -0.0292
vn -0.6074 0.3880 -0.6932
vn -0.5414 0.4349 -0.7196
vn -0.6317 0.4842 -0.6053
vn -0.4970 0.5718 -0.6527
vn -0.5246 0.5937 -0.6101
vn -0.4713 0.6213 -0.6260
vn -0.4965 0.6526 -0.5723
vn -0.4763 0.6613 -0.5795
vn -0.4807 0.6710 -0.5645
vn -0.5155 0.6586 -0.5482
vn -0.5266 0.7804 -0.3371
vn -0.6680 0.7146 -0.2077
vn -0.6195 0.7843 -0.0325
vn -0.7213 0.6773 0.1450
vn -0.4987 0.2256 -0.8369
vn -0.4339 0.2707 -0.8593
vn -0.5737 0.3264 -0.7512
vn -0.4374 0.4177 -0.7963
vn -0.5396 0.4754 -0.6949
vn -0.4162 0.5399 -0.7316
vn -0.4857 0.5959 -0.6395
vn -0.4213 0.6202 -0.6617
vn -0.4675 0.6734 -0.5727
vn -0.5373 0.6501 -0.5373
vn -0.5314 0.6368 -0.5587
vn -0.7761 0.5107 -0.3701
vn -0.7673 0.5893 -0.2530
vn -0.9006 0.4331 -0.0370
vn -0.8404 0.5303 0.1121
vn -0.8614 0.3199 0.3946
vn -0.3652 0.0840 -0.9271
vn -0.2995 0.1287 -0.9454
vn -0.4476 0.1723 -0.8775
vn -0.3309 0.2524 -0.9093
vn -0.4587 0.3133 -0.8315
vn -0.3741 0.3622 -0.8537
vn -0.4541 0.4205 -0.7855
vn -0.4143 0.4370 -0.7984
vn -0.4806 0.5033 -0.7182
vn -0.4609 0.5084 -0.7274
vn -0.5530 0.6306 -0.5446
vn -0.5108 0.6374 -0.5769
vn -0.5796 0.7494 -0.3200
vn -0.7622 0.6467 -0.0293
vn -0.7564 0.6539 0.0146
vn -0.7830 0.3114 0.5385
vn -0.9084 0.1917 0.3716
vn -0.6833 -0.0886 0.7247
vn -0.2351 -0.0512 -0.9706
vn -0.1696 -0.0068 -0.9855
vn -0.3017 0.0190 -0.9532
vn -0.1792 0.1081 -0.9778
vn -0.3318 0.1615 -0.9294
vn -0.2635 0.2116 -0.9412
vn -0.3801 0.2810 -0.8812
vn -0.3566 0.2951 -0.8864
vn -0.4300 0.3570 -0.8292
vn -0.4684 0.3406 -0.8152
vn -0.5056 0.3814 -0.7739
vn -0.6497 0.3333 -0.6832
vn -0.6569 0.3429 -0.6715
vn -0.9061 0.2233 -0.3594
vn -0.9238 0.3780 -0.0615
vn -0.9472 0.2116 0.2409
vn -0.7811 0.3207 0.5357
vn -0.7840 0.3282 0.5269
vn -0.5926 0.3094 0.7437
vn -0.4069 0.0176 0.9133
vn -0.1241 -0.1308 -0.9836
vn -0.1091 -0.1206 -0.9867
vn -0.1628 -0.1134 -0.9801
vn -0.0513 -0.0341 -0.9981
vn -0.1652 -0.0113 -0.9862
vn -0.0709 0.0727 -0.9948
vn -0.2574 0.1529 -0.9541
vn -0.2320 0.1756 -0.9567
vn -0.3564 0.2569 -0.8983
vn -0.3892 0.2341 -0.8909
vn -0.4731 0.3064 -0.8260
vn -0.6299 0.2233 -0.7439
vn -0.6670 0.2627 -0.6972
vn -0.8526 0.1522 -0.4999
vn -0.9014 0.2435 -0.3579
vn -0.9961 0.0825 -0.0325
vn -0.9439 0.2271 0.2399
vn -0.9025 0.1099 0.4165
vn -0.8037 0.1831 0.5661
vn -0.7683 0.1248 0.6278
vn -0.4245 0.2382 0.8735
vn -0.4433 0.2763 0.8527
vn -0.0659 -0.1729 -0.9827
vn -0.0470 -0.1596 -0.9861
vn -0.1039 -0.1516 -0.9830
vn -0.1444 -0.1779 -0.9734
vn -0.0220 -0.1944 -0.9807
vn 0.1237 -0.0745 -0.9895
vn -0.0488 -0.0229 -0.9985
vn -0.0269 0.0016 -0.9996
vn -0.2164 0.0929 -0.9719
vn -0.2003 0.1119 -0.9733
vn -0.3893 0.2368 -0.8901
vn -0.4994 0.1479 -0.8536
vn -0.6256 0.2561 -0.7370
vn -0.8518 0.0980 -0.5146
vn -0.8593 0.1085 -0.4999
vn -0.9888 -0.0714 -0.1310
vn -0.9998 0.0013 -0.0222
vn -0.9314 -0.1511 0.3312
vn -0.8931 -0.0709 0.4442
vn -0.8511 -0.1094 0.5135
vn -0.7570 0.0093 0.6534
vn -0.7455 -0.0018 0.6665
vn -0.4406 0.2515 0.8618
vn -0.5211 0.4093 0.7490
vn 0.0139 -0.2243 -0.9744
vn -0.0140 -0.2462 -0.9691
vn -0.0222 -0.2451 -0.9692
vn -0.1076 -0.3027 -0.9470
vn -0.1086 -0.3025 -0.9469
vn 0.0505 -0.1983 -0.9788
vn 0.1688 -0.2318 -0.9580
vn 0.0677 -0.3163 -0.9462
vn 0.0735 -0.3186 -0.9450
vn -0.0214 -0.4402 -0.8976
vn -0.0176 -0.4420 -0.8968
vn -0.0785 -0.5391 -0.8386
vn -0.3833 -0.4021 -0.8315
vn -0.5263 -0.5980 -0.6045
vn -0.7937 -0.4342 -0.4260
vn -0.8253 -0.5419 -0.1590
vn -0.8937 -0.4470 -0.0381
vn -0.8203 -0.5168 0.2449
vn -0.8331 -0.4043 0.3774
vn -0.8080 -0.4138 0.4194
vn -0.7861 -0.2925 0.5446
vn -0.8002 -0.2860 0.5271
vn -0.7208 -0.0942 0.6867
vn -0.6164 -0.1570 0.7716
vn -0.4812 0.1486 0.8639
vn -0.6205 0.3462 0.7036
vn 0.0964 -0.2669 -0.9589
vn 0.0566 -0.3009 -0.9520
vn 0.0052 -0.2936 -0.9559
vn -0.0759 -0.3591 -0.9302
vn -0.0852 -0.3576 -0.9300
vn -0.0711 -0.3481 -0.9348
vn 0.1243 -0.3870 -0.9137
vn 0.0236 -0.4679 -0.8835
vn 0.1290 -0.4921 -0.8609
vn -0.0669 -0.6591 -0.7491
vn 0.1057 -0.6965 -0.7098
vn 0.0188 -0.8079 -0.5891
vn 0.1113 -0.8149 -0.5688
vn 0.0496 -0.9159 -0.3984
vn -0.2351 -0.9137 -0.3316
vn -0.2525 -0.9522 -0.1718
vn -0.5138 -0.8576 0.0242
vn -0.4977 -0.8611 0.1041
vn -0.6334 -0.7084 0.3115
vn -0.6579 -0.7080 0.2569
vn -0.7150 -0.5393 0.4448
vn -0.7527 -0.5341 0.3851
vn -0.7614 -0.3583 0.5403
vn -0.7233 -0.3679 0.5843
vn -0.6579 -0.0524 0.7512
vn -0.3510 -0.2157 0.9112
vn -0.3234 -0.4356 0.8401
vn -0.6485 0.0126 -0.7611
vn 0.1615 -0.3692 -0.9152
vn 0.1235 -0.4035 -0.9066
vn 0.1072 -0.4020 -0.9094
vn 0.0467 -0.4565 -0.8885
vn -0.0272 -0.4479 -0.8937
vn -0.0951 -0.5045 -0.8582
vn 0.0286 -0.5185 -0.8546
vn -0.0377 -0.5768 -0.8160
vn 0.0891 -0.5902 -0.8023
vn -0.0291 -0.7034 -0.7102
vn -0.0418 -0.7016 -0.7113
vn -0.1311 -0.7947 -0.5927
vn 0.0204 -0.8101 -0.5859
vn -0.0434 -0.9039 -0.4255
vn 0.0247 -0.9000 -0.4351
vn -0.0180 -0.9660 -0.2578
vn -0.2292 -0.9611 -0.1539
vn -0.2312 -0.9706 -0.0676
vn -0.4526 -0.8830 0.1241
vn -0.4620 -0.8836 0.0760
vn -0.6065 -0.7467 0.2731
vn -0.6189 -0.7477 0.2407
vn -0.6936 -0.5988 0.4004
vn -0.6513 -0.5973 0.4680
vn -0.6800 -0.4299 0.5939
vn -0.3770 -0.4242 0.8234
vn -0.4054 -0.1099 0.9075
vn -0.7534 0.1808 0.6323
vn -0.3785 -0.7078 -0.5964
vn -0.3128 -0.2429 -0.9182
vn -0.7795 0.2584 0.5706
vn -0.8178 0.2154 0.5336
vn -0.8520 0.1738 0.4938
vn -0.8850 0.1750 0.4314
vn -0.8917 0.2521 0.3760
vn -0.7294 0.5488 0.4085
vn -0.4757 0.7722 0.4212
vn -0.4507 0.7691 0.4531
vn -0.4904 0.8527 0.1799
vn -0.9431 0.3197 -0.0916
vn -0.9158 0.3261 -0.2346
vn -0.9001 0.3158 -0.3002
vn -0.8951 0.0710 -0.4401
vn -0.7958 -0.1622 -0.5834
vn -0.5940 -0.3195 -0.7383
vn -0.7819 0.2478 0.5720
vn -0.7696 0.2325 0.5947
vn -0.8196 0.2053 0.5348
vn -0.8050 0.1867 0.5631
vn -0.7731 0.2150 0.5967
vn -0.7546 0.1945 0.6267
vn -0.8450 0.2174 0.4885
vn -0.8285 0.1939 0.5253
vn -0.7988 0.2217 0.5593
vn -0.7665 0.1835 0.6155
vn -0.7547 0.1935 0.6268
vn -0.7288 0.1677 0.6638
vn -0.8652 0.2818 0.4147
vn -0.8588 0.2691 0.4359
vn -0.7985 0.3287 0.5044
vn -0.7645 0.2776 0.5818
vn -0.7418 0.2966 0.6015
vn -0.7025 0.2502 0.6663
vn -0.7148 0.2405 0.6567
vn -0.6896 0.2167 0.6910
vn -0.8109 0.4842 0.3286
vn -0.8099 0.4771 0.3411
vn -0.7744 0.5097 0.3748
vn -0.7510 0.4508 0.4826
vn -0.6850 0.5009 0.5291
vn -0.6442 0.4408 0.6250
vn -0.6366 0.4459 0.6292
vn -0.5948 0.4003 0.6971
vn -0.6499 0.3624 0.6681
vn -0.6034 0.3245 0.7284
vn -0.5829 0.7318 0.3533
vn -0.5829 0.7317 0.3534
vn -0.6917 0.6661 0.2790
vn -0.6849 0.6043 0.4070
vn -0.6582 0.6226 0.4233
vn -0.6193 0.5563 0.5541
vn -0.5692 0.5863 0.5764
vn -0.5230 0.5368 0.6621
vn -0.5336 0.5309 0.6584
vn -0.4800 0.4868 0.7298
vn -0.5626 0.4381 0.7012
vn -0.4985 0.3984 0.7699
vn -0.4953 0.7557 0.4285
vn -0.4908 0.7715 0.4049
vn -0.5803 0.7343 0.3523
vn -0.5804 0.7191 0.3821
vn -0.6066 0.7049 0.3678
vn -0.5748 0.6483 0.4992
vn -0.5478 0.6629 0.5104
vn -0.4929 0.6110 0.6195
vn -0.4707 0.6220 0.6257
vn -0.4031 0.5721 0.7143
vn -0.4455 0.5516 0.7052
vn -0.3689 0.5044 0.7807
vn -0.4783 0.4477 0.7555
vn -0.3865 0.4016 0.8303
vn -0.2913 0.8759 0.3846
vn -0.2910 0.8111 0.5074
vn -0.4594 0.7953 0.3956
vn -0.4510 0.7702 0.4509
vn -0.5674 0.7317 0.3778
vn -0.5404 0.6985 0.4690
vn -0.5287 0.7038 0.4744
vn -0.4776 0.6652 0.5739
vn -0.4424 0.6810 0.5836
vn -0.3565 0.6284 0.6914
vn -0.3718 0.6220 0.6892
vn -0.2686 0.5645 0.7805
vn -0.3570 0.5270 0.7713
vn -0.2518 0.4747 0.8433
vn -0.3807 0.4162 0.8258
vn -0.2611 0.3622 0.8948
vn -0.8415 0.4595 0.2841
vn -0.8273 0.4433 0.3450
vn -0.5796 0.5219 0.6258
vn -0.6437 0.5982 0.4773
vn -0.6185 0.6067 0.4994
vn -0.6383 0.6285 0.4444
vn -0.5703 0.6617 0.4867
vn -0.5545 0.6509 0.5186
vn -0.4521 0.7000 0.5528
vn -0.3467 0.6470 0.6790
vn -0.3436 0.6483 0.6794
vn -0.2017 0.5811 0.7885
vn -0.2746 0.5538 0.7861
vn -0.1444 0.4940 0.8574
vn -0.2642 0.4477 0.8542
vn -0.1461 0.3966 0.9063
vn -0.2662 0.3472 0.8992
vn -0.1427 0.2936 0.9452
vn -0.9143 0.3954 -0.0879
vn -0.9301 0.3105 0.1963
vn -0.8471 0.3850 0.3663
vn -0.8347 0.3658 0.4117
vn -0.7256 0.4301 0.5372
vn -0.7624 0.4766 0.4377
vn -0.6997 0.5178 0.4923
vn -0.6884 0.5074 0.5184
vn -0.5988 0.5663 0.5664
vn -0.4398 0.4749 0.7622
vn -0.4222 0.4838 0.7666
vn -0.2852 0.4186 0.8622
vn -0.2744 0.4233 0.8634
vn -0.1707 0.3794 0.9094
vn -0.1952 0.3696 0.9085
vn -0.1066 0.3336 0.9367
vn -0.1752 0.3064 0.9357
vn -0.0939 0.2740 0.9571
vn -0.1523 0.2495 0.9563
vn -0.0609 0.2107 0.9756
vn -0.9072 0.3498 -0.2337
vn -0.9725 0.1996 0.1204
vn -0.9473 0.2413 0.2106
vn -0.9153 0.1604 0.3695
vn -0.8670 0.2061 0.4537
vn -0.8742 0.2171 0.4343
vn -0.8219 0.2654 0.5040
vn -0.8362 0.2850 0.4686
vn -0.7267 0.3821 0.5709
vn -0.4653 0.1827 0.8661
vn -0.4937 0.1650 0.8539
vn -0.3970 0.1110 0.9111
vn -0.3474 0.1389 0.9274
vn -0.3019 0.1192 0.9458
vn -0.2276 0.1562 0.9611
vn -0.1858 0.1413 0.9724
vn -0.1430 0.1608 0.9766
vn -0.1104 0.1495 0.9826
vn -0.1117 0.1489 0.9825
vn -0.0833 0.1386 0.9868
vn -0.0657 0.1472 0.9869
vn -0.0045 0.1228 0.9924
vn -0.9297 0.1137 -0.3503
vn -0.9916 -0.0325 -0.1251
vn -0.9906 0.0673 0.1187
vn -0.9597 -0.0320 0.2792
vn -0.9233 0.0173 0.3838
vn -0.8645 -0.0651 0.4983
vn -0.8767 -0.0790 0.4746
vn -0.7882 -0.1757 0.5898
vn -0.8196 -0.2155 0.5308
vn -0.6015 -0.3838 0.7007
vn -0.4261 -0.2203 0.8775
vn -0.4543 -0.2062 0.8667
vn -0.3903 -0.1585 0.9070
vn -0.3824 -0.1617 0.9097
vn -0.3153 -0.1197 0.9414
vn -0.3002 -0.1246 0.9457
vn -0.1989 -0.0690 0.9776
vn -0.1814 -0.0738 0.9806
vn -0.1120 -0.0351 0.9931
vn -0.1339 -0.0289 0.9906
vn -0.0796 0.0026 0.9968
vn -0.0728 0.0006 0.9973
vn -0.0007 0.0435 0.9991
vn 0.0644 0.0204 0.9977
vn -0.8609 -0.1277 -0.4925
vn -0.9031 -0.3027 -0.3044
vn -0.9490 -0.2629 -0.1741
vn -0.9219 -0.3874 -0.0074
vn -0.9226 -0.2914 0.2528
vn -0.8813 -0.3436 0.3244
vn -0.8284 -0.2655 0.4933
vn -0.7087 -0.3680 0.6020
vn -0.7232 -0.3855 0.5730
vn -0.5479 -0.5035 0.6680
vn -0.5488 -0.5045 0.6665
vn -0.4724 -0.5427 0.6945
vn -0.3845 -0.4674 0.7960
vn -0.4173 -0.4556 0.7863
vn -0.3421 -0.4019 0.8494
vn -0.3546 -0.3982 0.8460
vn -0.2700 -0.3453 0.8988
vn -0.2575 -0.3480 0.9014
vn -0.1464 -0.2752 0.9502
vn -0.1872 -0.2674 0.9452
vn -0.1019 -0.2082 0.9728
vn -0.1350 -0.2014 0.9702
vn -0.0496 -0.1409 0.9888
vn -0.0314 -0.1451 0.9889
vn 0.0771 -0.0676 0.9947
vn 0.1687 -0.0939 0.9812
vn -0.7349 -0.2932 -0.6115
vn -0.7508 -0.4733 -0.4607
vn -0.8212 -0.4566 -0.3422
vn -0.7806 -0.6000 -0.1753
vn -0.8121 -0.5798 -0.0667
vn -0.7077 -0.6986 0.1057
vn -0.7130 -0.6639 0.2256
vn -0.5813 -0.7373 0.3443
vn -0.5451 -0.6624 0.5139
vn -0.4937 -0.6848 0.5360
vn -0.4659 -0.6456 0.6051
vn -0.4311 -0.6615 0.6137
vn -0.4175 -0.6455 0.6395
vn -0.4018 -0.6509 0.6441
vn -0.3511 -0.6064 0.7134
vn -0.3546 -0.6055 0.7125
vn -0.2902 -0.5577 0.7777
vn -0.2872 -0.5582 0.7784
vn -0.1965 -0.4914 0.8485
vn -0.2171 -0.4887 0.8450
vn -0.1277 -0.4189 0.8990
vn -0.1648 -0.4145 0.8950
vn -0.0847 -0.3501 0.9329
vn -0.0887 -0.3496 0.9327
vn 0.0045 -0.2734 0.9619
vn 0.0585 -0.2809 0.9580
vn 0.1859 -0.1730 0.9672
vn 0.2970 -0.1943 0.9349
vn -0.5304 -0.4059 -0.7442
vn -0.5199 -0.5703 -0.6360
vn -0.6474 -0.5893 -0.4834
vn -0.6038 -0.7171 -0.3481
vn -0.6611 -0.7180 -0.2178
vn -0.5669 -0.8213 -0.0638
vn -0.5868 -0.8087 0.0419
vn -0.4175 -0.8847 0.2076
vn -0.4175 -0.8789 0.2309
vn -0.2758 -0.9056 0.3222
vn -0.2731 -0.8968 0.3482
vn -0.3491 -0.8802 0.3216
vn -0.3147 -0.8202 0.4778
vn -0.4409 -0.7840 0.4371
vn -0.3714 -0.6975 0.6128
vn -0.3280 -0.7058 0.6279
vn -0.3027 -0.6798 0.6680
vn -0.2894 -0.6816 0.6721
vn -0.2340 -0.6326 0.7383
vn -0.2217 -0.6338 0.7410
vn -0.1573 -0.5772 0.8013
vn -0.1618 -0.5769 0.8006
vn -0.1013 -0.5224 0.8466
vn -0.0944 -0.5227 0.8472
vn -0.0319 -0.4653 0.8846
vn 0.0147 -0.4666 0.8844
vn 0.0992 -0.3859 0.9172
vn 0.1950 -0.3861 0.9016
vn 0.3147 -0.2596 0.9130
vn 0.4211 -0.2632 0.8680
vn 0.2818 0.4041 0.8702
vn 0.2536 0.3692 0.8941
vn 0.2231 0.3211 0.9204
vn 0.2071 0.2767 0.9384
vn 0.2846 0.2588 0.9231
vn 0.2702 0.0567 0.9611
vn 0.1091 -0.2201 0.9693
vn 0.0332 -0.3091 0.9504
vn 0.0493 -0.3331 0.9416
vn 0.2164 -0.3413 0.9147
vn 0.3022 -0.4091 0.8610
vn 0.1893 -0.5199 0.8330
vn 0.2624 -0.4471 0.8551
vn 0.6910 -0.0901 0.7172
vn 0.7138 -0.0410 0.6991
vn 0.2836 0.3909 0.8756
vn 0.3205 0.3682 0.8728
vn 0.2566 0.3441 0.9032
vn 0.2925 0.3219 0.9005
vn 0.3233 0.3442 0.8815
vn 0.3604 0.3212 0.8757
vn 0.2263 0.2892 0.9301
vn 0.2615 0.2674 0.9274
vn 0.2956 0.2909 0.9100
vn 0.3322 0.2682 0.9043
vn 0.3634 0.2908 0.8851
vn 0.4010 0.2676 0.8761
vn 0.2122 0.2138 0.9536
vn 0.2296 0.2028 0.9519
vn 0.2648 0.2259 0.9375
vn 0.2985 0.2049 0.9322
vn 0.3352 0.2302 0.9136
vn 0.3707 0.2082 0.9051
vn 0.4038 0.2323 0.8848
vn 0.4409 0.2094 0.8728
vn 0.2945 0.0720 0.9529
vn 0.2170 0.1241 0.9682
vn 0.2332 0.1344 0.9631
vn 0.2560 0.1200 0.9592
vn 0.3014 0.1501 0.9416
vn 0.3293 0.1327 0.9349
vn 0.3732 0.1631 0.9133
vn 0.4060 0.1428 0.9027
vn 0.4432 0.1697 0.8802
vn 0.4793 0.1475 0.8652
vn 0.2684 -0.1281 0.9548
vn 0.1605 -0.0566 0.9854
vn 0.2198 -0.0198 0.9753
vn 0.1995 -0.0065 0.9799
vn 0.2576 0.0307 0.9658
vn 0.2656 0.0256 0.9637
vn 0.3307 0.0686 0.9413
vn 0.3505 0.0562 0.9349
vn 0.4074 0.0953 0.9082
vn 0.4391 0.0757 0.8952
vn 0.4809 0.1058 0.8704
vn 0.5166 0.0838 0.8521
vn 0.1088 -0.2713 0.9563
vn 0.0836 -0.2551 0.9633
vn 0.1581 -0.2129 0.9642
vn 0.1281 -0.1929 0.9728
vn 0.1960 -0.1522 0.9687
vn 0.1640 -0.1310 0.9777
vn 0.2631 -0.0698 0.9622
vn 0.2680 -0.0729 0.9607
vn 0.3494 -0.0210 0.9368
vn 0.3594 -0.0272 0.9328
vn 0.4394 0.0264 0.8979
vn 0.4696 0.0078 0.8828
vn 0.5173 0.0419 0.8548
vn 0.5532 0.0198 0.8328
vn 0.0350 -0.3394 0.9400
vn 0.0894 -0.3751 0.9226
vn 0.0825 -0.3785 0.9219
vn 0.1460 -0.4200 0.8957
vn 0.1125 -0.4367 0.8925
vn 0.0254 -0.3775 0.9257
vn 0.1482 -0.3153 0.9374
vn 0.1339 -0.3057 0.9427
vn 0.2536 -0.2425 0.9364
vn 0.3568 -0.3077 0.8820
vn 0.3329 -0.3213 0.8865
vn 0.1571 -0.2128 0.9644
vn 0.4692 -0.0250 0.8827
vn 0.5130 -0.0517 0.8568
vn 0.5531 -0.0230 0.8328
vn 0.5878 -0.0444 0.8078
vn 0.0571 -0.3969 0.9161
vn 0.2374 -0.5107 0.8264
vn 0.0934 -0.5620 0.8218
vn 0.3251 -0.6821 0.6550
vn 0.1111 -0.7544 0.6470
vn 0.0889 -0.7434 0.6630
vn -0.0239 -0.7672 0.6410
vn -0.3034 -0.5520 0.7767
vn 0.1115 -0.4419 0.8901
vn 0.3827 -0.6181 0.6866
vn 0.2670 -0.6659 0.6966
vn -0.3060 -0.2486 0.9190
vn 0.1745 0.0137 0.9846
vn 0.4347 -0.1380 0.8899
vn 0.5121 -0.0872 0.8545
vn 0.5540 -0.1129 0.8248
vn 0.5868 -0.0893 0.8048
vn 0.6181 -0.1087 0.7785
vn 0.2253 -0.4388 0.8699
vn 0.2581 -0.4596 0.8498
vn 0.2363 -0.4692 0.8509
vn 0.2537 -0.4794 0.8401
vn 0.3469 -0.4307 0.8332
vn 0.1963 -0.3411 0.9193
vn 0.1196 -0.3807 0.9169
vn -0.0340 -0.2699 0.9623
vn -0.2840 -0.3717 0.8839
vn 0.1640 -0.7515 0.6390
vn 0.3414 -0.7016 0.6254
vn -0.2826 -0.0618 0.9572
vn -0.2842 -0.0627 0.9567
vn 0.0648 -0.3261 0.9431
vn 0.4350 -0.1321 0.8907
vn 0.5157 -0.1812 0.8374
vn 0.5520 -0.1565 0.8190
vn 0.5854 -0.1771 0.7911
vn 0.6161 -0.1550 0.7723
vn 0.6434 -0.1719 0.7460
vn 0.3048 -0.4799 0.8227
vn 0.2797 -0.4635 0.8408
vn 0.2586 -0.4729 0.8423
vn 0.2448 -0.4640 0.8513
vn 0.2535 -0.4598 0.8511
vn 0.3240 -0.5017 0.8021
vn 0.1961 -0.5696 0.7982
vn 0.0933 -0.5115 0.8542
vn -0.0356 -0.5677 0.8225
vn -0.3350 -0.3664 0.8681
vn 0.4092 0.0071 0.9124
vn 0.5053 -0.0382 0.8621
vn -0.3543 -0.4118 0.8396
vn -0.4091 -0.3356 0.8485
vn 0.0833 -0.0989 0.9916
vn 0.3964 -0.2947 0.8695
vn 0.5128 -0.2237 0.8288
vn 0.5488 -0.2459 0.7990
vn 0.5824 -0.2229 0.7818
vn 0.6100 -0.2399 0.7552
vn 0.6403 -0.2180 0.7365
vn 0.6640 -0.2326 0.7107
vn 0.1866 -0.4717 0.8618
vn 0.2574 -0.5169 0.8164
vn 0.2804 -0.5076 0.8147
vn 0.2328 -0.4753 0.8485
vn 0.2449 -0.4696 0.8482
vn 0.2815 -0.4937 0.8228
vn 0.3246 -0.4694 0.8211
vn 0.6121 -0.6223 0.4879
vn 0.0623 -0.9051 0.4206
vn -0.3924 -0.6544 0.6463
vn -0.3461 -0.6475 0.6790
vn -0.5161 -0.4951 0.6989
vn 0.4941 -0.0994 0.8637
vn 0.1217 0.0549 0.9910
vn -0.4059 -0.2971 0.8642
vn -0.1746 -0.5501 0.8167
vn 0.3926 -0.3305 0.8583
vn 0.4361 -0.3575 0.8258
vn 0.5448 -0.2907 0.7866
vn 0.5725 -0.3078 0.7600
vn 0.6060 -0.2848 0.7428
vn 0.6295 -0.2994 0.7170
vn 0.6600 -0.2773 0.6983
vn 0.6803 -0.2899 0.6732
vn 0.2625 -0.3286 0.9072
vn 0.3358 -0.3763 0.8635
vn 0.2549 -0.4175 0.8722
vn 0.2980 -0.4459 0.8440
vn 0.2330 -0.4813 0.8450
vn 0.2452 -0.4899 0.8366
vn 0.2815 -0.4704 0.8364
vn 0.3314 -0.5058 0.7965
vn 0.6533 -0.2496 0.7148
vn 0.6868 -0.2830 0.6695
vn -0.3776 -0.7641 0.5231
vn -0.5924 -0.5335 0.6037
vn -0.5185 -0.5330 0.6686
vn -0.3634 -0.6934 0.6222
vn 0.0122 -0.6463 0.7630
vn -0.1641 -0.5079 0.8457
vn -0.1700 -0.5097 0.8434
vn -0.1154 -0.5611 0.8197
vn 0.4378 -0.3432 0.8310
vn 0.5095 -0.3879 0.7681
vn 0.5676 -0.3508 0.7448
vn 0.5910 -0.3653 0.7192
vn 0.6246 -0.3422 0.7020
vn 0.6418 -0.3529 0.6809
vn 0.6760 -0.3281 0.6598
vn 0.6781 -0.3294 0.6570
vn 0.6900 -0.0630 0.7211
vn 0.6373 -0.0232 0.7703
vn 0.3345 -0.2511 0.9083
vn 0.4189 -0.3058 0.8550
vn 0.2957 -0.3926 0.8709
vn 0.3728 -0.4460 0.8137
vn 0.2456 -0.5249 0.8150
vn 0.2982 -0.5639 0.7701
vn 0.3289 -0.5463 0.7703
vn 0.3976 -0.6009 0.6934
vn 0.6829 -0.3577 0.6370
vn 0.3608 -0.0018 0.9326
vn -0.5946 -0.3696 0.7140
vn -0.5543 -0.4455 0.7031
vn -0.3530 -0.4183 0.8369
vn -0.1674 -0.6209 0.7658
vn -0.1804 -0.6234 0.7608
vn -0.1936 -0.6103 0.7682
vn -0.1221 -0.5965 0.7933
vn -0.0837 -0.6326 0.7700
vn 0.5063 -0.4104 0.7585
vn 0.5431 -0.4332 0.7193
vn 0.5854 -0.4058 0.7019
vn 0.5985 -0.4139 0.6859
vn 0.6371 -0.3875 0.6663
vn 0.6319 -0.3843 0.6731
vn 0.6752 -0.3535 0.6474
vn 0.6722 -0.3517 0.6515
vn 0.7141 -0.0504 0.6982
vn 0.6988 -0.0385 0.7143
vn 0.6415 -0.0954 0.7611
vn 0.5989 -0.0652 0.7982
vn 0.4139 -0.2235 0.8824
vn 0.5135 -0.2942 0.8061
vn 0.3717 -0.4070 0.8344
vn 0.4495 -0.4646 0.7629
vn 0.2981 -0.5658 0.7688
vn 0.3627 -0.6157 0.6996
vn 0.3990 -0.5930 0.6994
vn 0.5067 -0.6931 0.5127
vn 0.2867 -0.8185 0.4979
vn -0.1304 -0.4200 0.8981
vn -0.5524 -0.5312 0.6424
vn -0.3929 -0.7428 0.5421
vn -0.1793 -0.7388 0.6496
vn -0.2020 -0.7172 0.6670
vn -0.2140 -0.7183 0.6620
vn -0.2365 -0.6964 0.6775
vn -0.0961 -0.6800 0.7268
vn -0.0656 -0.7061 0.7051
vn 0.5310 -0.5004 0.6839
vn 0.5255 -0.4970 0.6905
vn 0.5917 -0.4556 0.6650
vn 0.5825 -0.4498 0.6770
vn 0.6266 -0.4206 0.6561
vn 0.6173 -0.4149 0.6685
vn 0.6689 -0.3794 0.6393
vn 0.6527 -0.3696 0.6613
vn 0.9164 0.3666 -0.1604
vn 0.9924 0.0812 -0.0921
vn 0.9841 -0.1761 -0.0229
vn 0.9889 -0.1401 0.0498
vn 0.9899 0.0632 0.1268
vn 0.7431 -0.4853 0.4607
vn 0.5565 -0.4345 0.7082
vn 0.3930 0.9135 0.1054
vn 0.9387 -0.1170 0.3243
vn 0.9166 -0.1808 0.3567
vn 0.8738 -0.2261 0.4305
vn 0.7279 -0.2986 0.6173
vn 0.8795 -0.0149 0.4757
vn 0.8461 -0.1230 0.5186
vn 0.7618 -0.2536 0.5961
vn 0.9826 0.1098 -0.1500
vn 0.9745 0.0727 -0.2123
vn 0.9855 -0.1559 -0.0673
vn 0.9720 -0.1942 -0.1320
vn 0.9672 -0.1596 -0.1975
vn 0.9564 -0.1784 -0.2313
vn 0.9946 -0.1003 -0.0265
vn 0.9922 -0.1144 -0.0496
vn 0.9877 -0.0617 -0.1436
vn 0.9883 -0.0597 -0.1405
vn 0.9671 0.0085 -0.2542
vn 0.9742 0.0286 -0.2237
vn 0.9929 0.1079 0.0501
vn 0.9966 0.0822 0.0089
vn 0.9908 0.1223 -0.0578
vn 0.9906 0.0997 -0.0939
vn 0.9791 0.1359 -0.1516
vn 0.9702 0.0890 -0.2252
vn 0.9694 0.0909 -0.2280
vn 0.9552 0.0498 -0.2918
vn 0.9430 -0.3121 0.1155
vn 0.9127 -0.1744 0.3695
vn 0.9993 0.0372 0.0097
vn 0.9996 0.0180 -0.0227
vn 0.9939 0.0601 -0.0925
vn 0.9896 0.0316 -0.1401
vn 0.9706 0.0851 -0.2250
vn 0.7492 -0.1931 -0.6336
vn 0.8738 -0.4307 -0.2259
vn 0.7455 -0.5223 -0.4140
vn 0.8018 -0.3194 0.5051
vn 0.6605 -0.1576 0.7341
vn 0.9244 0.0874 0.3713
vn 0.9926 -0.0731 0.0967
vn 0.9997 -0.0051 -0.0220
vn 0.9977 -0.0280 -0.0623
vn 0.9900 0.0186 -0.1395
vn 0.9697 -0.0395 -0.2409
vn 0.7085 0.2398 -0.6637
vn 0.4755 -0.0081 -0.8797
vn 0.8215 -0.2517 -0.5116
vn 0.9626 -0.0918 -0.2549
vn 0.3232 0.7129 0.6223
vn 0.7783 0.5983 0.1906
vn 0.6153 0.3385 0.7119
vn 0.9900 -0.0247 0.1390
vn 0.9954 -0.0013 0.0956
vn 0.9813 0.0498 0.1861
vn 0.9790 0.1923 -0.0679
vn 0.9560 0.0699 -0.2848
vn 0.9681 0.0458 -0.2462
vn 0.9740 0.0610 -0.2180
vn 0.2636 0.5063 -0.8211
vn 0.4468 0.8856 -0.1265
vn 0.4292 0.8917 -0.1439
vn 0.4251 0.8983 -0.1114
vn 0.9606 -0.0873 0.2640
vn 0.9655 -0.1022 0.2395
vn 0.9678 -0.0982 0.2317
vn 0.9779 -0.1455 0.1499
vn 0.9803 -0.1399 0.1393
vn 0.8671 0.0793 0.4919
vn 0.9477 0.2698 0.1708
vn 0.9785 0.0664 -0.1952
vn 0.9516 0.1187 -0.2836
vn 0.9179 0.0525 -0.3933
vn 0.9747 -0.0646 -0.2138
vn 0.9831 -0.0452 -0.1776
vn 0.9717 -0.0070 -0.2362
vn 0.9707 -0.0090 -0.2399
vn 0.9651 0.0052 -0.2618
vn 0.9501 -0.0211 -0.3113
vn 0.9321 -0.1645 0.3227
vn 0.9410 -0.1900 0.2801
vn 0.9563 -0.1694 0.2383
vn 0.9611 -0.1927 0.1979
vn 0.9744 -0.1679 0.1497
vn 0.9743 -0.1678 0.1500
vn 0.8042 -0.3403 0.4873
vn 0.8155 -0.3739 0.4418
vn 0.9805 -0.0185 -0.1955
vn 0.8796 -0.1637 -0.4467
vn 0.8967 -0.2044 -0.3926
vn 0.9770 -0.0935 -0.1915
vn 0.9789 -0.1025 -0.1770
vn 0.9725 -0.1159 -0.2019
vn 0.9663 -0.0922 -0.2402
vn 0.9543 -0.1117 -0.2773
vn 0.9460 -0.0899 -0.3115
vn 0.9312 -0.1085 -0.3479
vn 0.9147 -0.1907 0.3564
vn 0.9239 -0.2153 0.3164
vn 0.9395 -0.1975 0.2800
vn 0.9452 -0.2211 0.2402
vn 0.9597 -0.1996 0.1978
vn 0.9619 -0.2201 0.1625
vn 0.9654 -0.2135 0.1500
vn 0.9421 -0.1102 0.3167
vn 0.8710 -0.1904 0.4530
vn 0.8803 -0.4745 -0.0012
vn 0.8732 -0.1965 -0.4459
vn 0.9420 -0.1178 -0.3142
vn 0.9615 -0.1971 -0.1914
vn 0.9726 -0.1760 -0.1522
vn 0.9684 -0.1461 -0.2019
vn 0.9592 -0.1617 -0.2319
vn 0.9514 -0.1337 -0.2773
vn 0.9362 -0.1533 -0.3162
vn 0.9280 -0.1331 -0.3480
vn 0.9067 -0.1549 -0.3923
vn 0.8774 -0.2112 0.4308
vn 0.8901 -0.2387 0.3882
vn 0.9264 -0.2039 0.3164
vn 0.9323 -0.2243 0.2837
vn 0.9494 -0.2023 0.2402
vn 0.9511 -0.2113 0.2253
vn 0.9704 -0.1786 0.1624
vn 0.9703 -0.1773 0.1645
vn 0.9138 -0.2557 0.3157
vn 0.9229 -0.3349 0.1900
vn 0.9714 -0.2373 -0.0012
vn 0.9346 -0.3185 -0.1584
vn 0.9234 -0.2209 -0.3139
vn 0.9881 -0.1129 -0.1045
vn 0.9848 -0.0856 -0.1514
vn 0.9781 -0.1009 -0.1821
vn 0.9704 -0.0721 -0.2303
vn 0.9520 -0.1004 -0.2891
vn 0.9455 -0.0848 -0.3143
vn 0.9144 -0.1192 -0.3869
vn 0.9129 -0.1165 -0.3912
vn 0.8756 -0.1486 -0.4596
vn 0.7834 -0.0776 0.6166
vn 0.8594 -0.1847 0.4767
vn 0.9111 -0.1441 0.3861
vn 0.9197 -0.1633 0.3569
vn 0.9511 -0.1284 0.2810
vn 0.9506 -0.1269 0.2833
vn 0.9703 -0.0977 0.2213
vn 0.9725 -0.1062 0.2072
vn 0.9833 -0.0839 0.1617
vn 0.9867 -0.1050 0.1240
vn 0.9716 -0.1387 0.1917
vn 0.9752 -0.2166 0.0447
vn 0.9809 -0.1083 -0.1618
vn 0.9973 -0.0544 -0.0503
vn 0.9943 -0.0259 -0.1034
vn 0.9908 -0.0382 -0.1295
vn 0.9838 -0.0106 -0.1787
vn 0.9653 -0.0465 -0.2570
vn 0.9582 -0.0302 -0.2844
vn 0.9225 -0.0737 -0.3788
vn 0.9210 -0.0709 -0.3832
vn 0.8722 -0.1141 -0.4756
vn 0.8799 -0.1260 -0.4581
vn 0.8272 -0.1633 -0.5377
vn 0.8658 -0.1100 0.4881
vn 0.8639 -0.1071 0.4921
vn 0.8776 -0.0975 0.4694
vn 0.8869 -0.1127 0.4480
vn 0.9346 -0.0707 0.3485
vn 0.9267 -0.0554 0.3717
vn 0.9619 -0.0145 0.2729
vn 0.8974 -0.3248 -0.2986
vn 0.8271 -0.5189 0.2158
vn 0.8154 -0.5743 0.0724
vn 0.7953 -0.5908 0.1355
vn 0.7975 -0.5613 0.2212
vn 0.8516 -0.5217 0.0507
vn 0.8392 -0.5433 -0.0226
vn 0.8428 -0.5359 -0.0505
vn 0.6983 -0.6057 -0.3814
vn 0.7123 -0.6878 -0.1399
vn 0.6956 -0.6957 -0.1795
vn 0.6981 -0.6663 -0.2623
vn 0.8279 -0.4480 0.3374
vn 0.9194 -0.0961 -0.3815
vn 0.8924 -0.1203 -0.4350
vn 0.8761 -0.0936 -0.4730
vn 0.8361 -0.1221 -0.5349
vn 0.8368 -0.1232 -0.5334
vn 0.7837 -0.1539 -0.6018
vn 0.8164 -0.2265 0.5313
vn 0.7981 -0.1975 0.5693
vn 0.8488 -0.1688 0.5011
vn 0.8276 -0.1351 0.5449
vn 0.8907 -0.0935 0.4449
vn 0.8691 -0.0589 0.4912
vn 0.9319 -0.0068 0.3625
vn 0.9210 0.0116 0.3893
vn 0.8696 0.2793 -0.4072
vn 0.8006 0.5897 0.1062
vn 0.7609 0.6334 -0.1404
vn 0.6992 0.7129 0.0529
vn 0.7007 0.7105 0.0653
vn 0.7130 0.7007 0.0280
vn 0.7008 0.7130 -0.0230
vn 0.6935 0.7203 0.0152
vn 0.6177 0.7693 -0.1633
vn 0.6100 0.7924 0.0038
vn 0.6726 0.7202 0.1700
vn 0.7068 0.6952 -0.1311
vn 0.8156 0.2889 0.5013
vn 0.9166 0.0537 -0.3962
vn 0.9156 0.0552 -0.3982
vn 0.8527 0.0097 -0.5223
vn 0.8590 0.0009 -0.5119
vn 0.7860 -0.0396 -0.6169
vn 0.8066 -0.0662 -0.5874
vn 0.7127 -0.1090 -0.6930
vn 0.7408 -0.3010 0.6006
vn 0.7246 -0.2748 0.6320
vn 0.7770 -0.2519 0.5769
vn 0.7328 -0.1812 0.6558
vn 0.8272 -0.1363 0.5451
vn 0.7686 -0.0497 0.6378
vn 0.8814 0.0114 0.4722
vn 0.8465 0.0606 0.5289
vn 0.9259 0.1164 0.3594
vn 0.9169 0.1300 0.3774
vn 0.9526 0.1712 0.2514
vn 0.9532 0.1702 0.2499
vn 0.9634 0.1932 0.1861
vn 0.9757 0.1680 0.1405
vn 0.9776 0.2005 0.0641
vn 0.9794 0.1951 0.0515
vn 0.9682 0.2465 -0.0425
vn 0.9620 0.1992 -0.1868
vn 0.9556 0.2115 -0.2051
vn 0.9046 0.1480 -0.3996
vn 0.9109 0.1389 -0.3886
vn 0.8803 0.1128 -0.4609
vn 0.9167 0.0549 -0.3958
vn 0.8310 -0.0021 -0.5562
vn 0.8464 -0.0261 -0.5318
vn 0.7656 -0.0672 -0.6398
vn 0.7750 -0.0809 -0.6268
vn 0.6740 -0.1217 -0.7287
vn 0.6966 -0.1525 -0.7010
vn 0.6098 -0.1816 -0.7715
vn 0.5540 -0.3612 -0.7501
vn 0.4417 -0.5572 -0.7031
vn 0.3951 -0.7055 -0.5883
vn 0.3963 -0.8010 -0.4487
vn 0.3300 -0.8010 -0.4995
vn 0.0495 -0.9156 -0.3991
vn -0.0952 -0.9492 -0.2999
vn -0.1840 -0.9407 -0.2850
vn -0.3808 -0.9103 -0.1622
vn 0.1966 -0.9258 -0.3230
vn 0.5193 -0.7960 -0.3110
vn 0.6808 -0.6752 -0.2840
vn 0.7591 -0.5884 -0.2786
vn 0.7153 -0.6432 -0.2730
vn 0.4271 -0.8853 -0.1839
vn 0.4597 -0.4455 -0.7683
vn 0.5663 -0.4686 -0.6780
vn 0.4293 -0.5660 -0.7038
vn 0.5172 -0.5869 -0.6230
vn 0.5361 -0.4946 -0.6841
vn 0.5937 -0.5074 -0.6245
vn 0.4443 -0.6768 -0.5869
vn 0.5100 -0.6891 -0.5148
vn 0.5450 -0.5656 -0.6189
vn 0.5723 -0.5718 -0.5879
vn 0.5845 -0.5154 -0.6267
vn 0.5595 -0.5086 -0.6545
vn 0.3117 -0.8380 -0.4479
vn 0.3135 -0.8383 -0.4460
vn 0.3384 -0.7848 -0.5192
vn 0.3416 -0.7857 -0.5158
vn 0.3678 -0.7047 -0.6068
vn 0.3220 -0.6854 -0.6531
vn 0.3277 -0.6610 -0.6751
vn 0.0037 -0.4646 -0.8855
vn 0.0728 -0.8813 -0.4670
vn 0.0517 -0.8718 -0.4871
vn 0.0274 -0.9151 -0.4024
vn -0.0947 -0.8563 -0.5077
vn -0.1087 -0.8984 -0.4254
vn -0.2391 -0.8146 -0.5284
vn -0.2387 -0.8120 -0.5326
vn -0.3142 -0.7442 -0.5894
vn -0.2835 -0.5543 -0.7826
vn -0.1886 -0.6549 -0.7318
vn -0.0751 -0.9265 -0.3688
vn -0.0869 -0.9198 -0.3826
vn -0.0681 -0.8882 -0.4544
vn -0.1030 -0.8661 -0.4891
vn -0.0996 -0.8568 -0.5059
vn -0.1592 -0.8154 -0.5565
vn -0.1576 -0.8086 -0.5668
vn -0.1736 -0.7964 -0.5793
vn -0.1595 -0.7318 -0.6626
vn -0.1364 -0.7513 -0.6457
vn -0.1124 -0.6415 -0.7588
vn -0.0851 -0.6660 -0.7411
vn -0.1863 -0.9428 -0.2765
vn -0.1877 -0.9419 -0.2786
vn -0.1695 -0.9190 -0.3561
vn -0.1522 -0.9306 -0.3329
vn -0.1217 -0.8679 -0.4816
vn -0.1419 -0.8523 -0.5034
vn -0.1294 -0.8108 -0.5709
vn -0.1043 -0.8305 -0.5471
vn -0.0898 -0.7836 -0.6147
vn -0.0537 -0.8109 -0.5828
vn -0.0312 -0.7339 -0.6785
vn -0.0667 -0.7051 -0.7059
vn -0.0574 -0.6607 -0.7484
vn -0.0877 -0.6336 -0.7687
vn -0.3705 -0.9003 -0.2285
vn -0.3460 -0.9203 -0.1826
vn -0.3420 -0.9118 -0.2273
vn -0.3291 -0.9219 -0.2043
vn -0.3273 -0.9083 -0.2605
vn -0.3340 -0.9025 -0.2719
vn -0.3305 -0.8581 -0.3930
vn -0.3045 -0.8842 -0.3543
vn -0.2988 -0.8415 -0.4502
vn -0.2813 -0.8586 -0.4285
vn -0.2762 -0.8225 -0.4972
vn -0.3154 -0.7812 -0.5388
vn -0.3091 -0.7284 -0.6115
vn -0.3560 -0.6685 -0.6530
vn -0.3552 -0.6614 -0.6606
vn -0.3874 -0.6161 -0.6859
vn 0.1972 -0.9120 -0.3598
vn 0.2427 -0.9212 -0.3042
vn 0.2442 -0.8732 -0.4218
vn 0.2997 -0.8862 -0.3533
vn 0.3020 -0.8321 -0.4651
vn 0.3159 -0.8364 -0.4480
vn 0.3194 -0.7836 -0.5329
vn 0.3278 -0.7868 -0.5229
vn 0.3313 -0.7591 -0.5603
vn 0.3277 -0.7576 -0.5645
vn 0.3298 -0.7453 -0.5795
vn 0.2842 -0.7231 -0.6296
vn 0.2912 -0.6658 -0.6869
vn 0.2604 -0.6473 -0.7164
vn 0.2662 -0.5266 -0.8074
vn 0.3029 -0.5514 -0.7773
vn 0.3015 -0.4516 -0.8397
vn 0.3960 -0.5166 -0.7591
vn 0.5246 -0.7597 -0.3844
vn 0.5744 -0.7579 -0.3092
vn 0.5800 -0.7219 -0.3774
vn 0.6140 -0.7203 -0.3229
vn 0.6218 -0.6666 -0.4113
vn 0.6252 -0.6667 -0.4058
vn 0.6303 -0.6084 -0.4823
vn 0.6154 -0.6058 -0.5042
vn 0.6172 -0.5793 -0.5325
vn 0.5958 -0.5736 -0.5622
vn 0.5954 -0.5784 -0.5576
vn 0.5612 -0.5667 -0.6033
vn 0.5624 -0.5535 -0.6143
vn 0.5278 -0.5382 -0.6571
vn 0.5307 -0.4887 -0.6924
vn 0.5079 -0.4762 -0.7178
vn 0.5084 -0.4294 -0.7464
vn 0.5152 -0.4336 -0.7393
vn 0.5149 -0.4459 -0.7322
vn 0.5648 -0.4774 -0.6731
vn 0.6852 -0.6536 -0.3215
vn 0.6965 -0.6516 -0.3006
vn 0.6991 -0.6387 -0.3213
vn 0.7183 -0.6350 -0.2843
vn 0.7254 -0.6030 -0.3319
vn 0.7323 -0.6020 -0.3183
vn 0.7434 -0.5332 -0.4038
vn 0.7312 -0.5326 -0.4261
vn 0.7359 -0.4703 -0.4872
vn 0.7142 -0.4661 -0.5222
vn 0.7150 -0.4489 -0.5360
vn 0.6932 -0.4426 -0.5689
vn 0.6933 -0.4411 -0.5699
vn 0.6754 -0.4344 -0.5960
vn 0.6774 -0.4047 -0.6143
vn 0.6718 -0.4020 -0.6221
vn 0.6753 -0.3288 -0.6602
vn 0.6886 -0.3367 -0.6422
vn 0.6905 -0.2897 -0.6628
vn 0.7179 -0.3089 -0.6238
vn 0.7101 -0.3702 -0.5989
vn 0.6744 -0.3467 -0.6519
vn 0.7596 -0.5858 -0.2827
vn 0.7358 -0.5912 -0.3303
vn 0.7318 -0.6115 -0.3010
vn 0.7178 -0.6144 -0.3275
vn 0.7090 -0.6455 -0.2839
vn 0.7094 -0.6454 -0.2832
vn 0.7181 -0.6189 -0.3183
vn 0.7140 -0.6195 -0.3263
vn 0.7356 -0.5271 -0.4255
vn 0.7188 -0.5259 -0.4548
vn 0.7287 -0.4481 -0.5179
vn 0.7184 -0.4457 -0.5341
vn 0.7220 -0.4090 -0.5581
vn 0.7194 -0.4082 -0.5619
vn 0.7221 -0.3827 -0.5762
vn 0.7289 -0.3855 -0.5658
vn 0.7348 -0.3332 -0.5909
vn 0.7563 -0.3444 -0.5563
vn 0.7662 -0.2497 -0.5921
vn 0.7971 -0.2704 -0.5399
vn 0.8021 -0.2253 -0.5530
vn 0.7598 -0.1921 -0.6211
vn 0.7511 -0.2817 -0.5971
vn 0.6762 -0.2327 -0.6991
vn 0.7165 -0.6392 -0.2794
vn 0.6758 -0.6481 -0.3511
vn 0.6727 -0.6612 -0.3321
vn 0.6301 -0.6665 -0.3984
vn 0.6152 -0.7172 -0.3272
vn 0.5886 -0.7203 -0.3671
vn 0.5610 -0.7809 -0.2748
vn 0.5554 -0.7818 -0.2834
vn 0.5688 -0.7565 -0.3227
vn 0.5345 -0.7583 -0.3732
vn 0.5664 -0.6761 -0.4712
vn 0.5405 -0.6726 -0.5054
vn 0.5622 -0.5993 -0.5699
vn 0.5644 -0.5999 -0.5671
vn 0.5794 -0.5446 -0.6064
vn 0.5825 -0.5456 -0.6026
vn 0.5900 -0.5178 -0.6195
vn 0.5724 -0.5114 -0.6410
vn 0.5719 -0.5130 -0.6401
vn 0.5256 -0.4937 -0.6928
vn 0.5224 -0.5045 -0.6875
vn 0.4528 -0.4710 -0.7570
vn 0.4733 -0.3930 -0.7884
vn 0.4789 -0.3962 -0.7834
vn 0.4889 -0.3507 -0.7987
vn 0.4723 -0.3415 -0.8126
vn 0.4425 -0.8651 -0.2361
vn 0.4252 -0.8673 -0.2589
vn 0.4439 -0.8328 -0.3308
vn 0.4451 -0.8327 -0.3292
vn 0.4603 -0.7967 -0.3916
vn 0.4834 -0.7963 -0.3636
vn 0.4828 -0.7977 -0.3614
vn 0.4908 -0.7973 -0.3514
vn 0.4694 -0.8393 -0.2742
vn 0.3859 -0.8424 -0.3760
vn 0.3813 -0.8510 -0.3610
vn 0.2824 -0.8382 -0.4665
vn 0.2937 -0.8141 -0.5009
vn 0.2391 -0.7989 -0.5519
vn 0.2484 -0.7775 -0.5777
vn 0.2066 -0.7622 -0.6135
vn 0.2134 -0.7458 -0.6311
vn 0.1654 -0.7246 -0.6690
vn 0.1708 -0.7108 -0.6823
vn 0.1149 -0.6818 -0.7225
vn 0.1200 -0.6679 -0.7345
vn 0.0621 -0.6331 -0.7716
vn 0.0698 -0.6096 -0.7896
vn 0.0284 -0.5816 -0.8130
vn 0.0382 -0.5477 -0.8358
vn 0.0226 -0.5363 -0.8437
vn 0.0351 -0.4870 -0.8727
vn 0.0480 -0.4967 -0.8666
vn 0.2651 -0.9541 -0.1391
vn 0.2412 -0.9557 -0.1686
vn 0.2576 -0.9411 -0.2192
vn 0.2414 -0.9409 -0.2377
vn 0.2597 -0.9201 -0.2933
vn 0.2596 -0.9201 -0.2934
vn 0.2720 -0.9035 -0.3312
vn 0.2699 -0.9033 -0.3334
vn 0.2655 -0.9095 -0.3199
vn 0.2141 -0.9036 -0.3710
vn 0.2070 -0.9138 -0.3494
vn 0.1203 -0.8951 -0.4293
vn 0.1248 -0.8880 -0.4426
vn 0.0537 -0.8633 -0.5018
vn 0.0622 -0.8481 -0.5261
vn 0.0073 -0.8234 -0.5675
vn 0.0142 -0.8099 -0.5864
vn -0.0367 -0.7827 -0.6213
vn -0.0293 -0.7665 -0.6416
vn -0.0758 -0.7380 -0.6705
vn -0.0665 -0.7151 -0.6959
vn -0.0779 -0.7075 -0.7024
vn -0.0585 -0.6536 -0.7546
vn -0.0445 -0.6634 -0.7470
vn -0.0215 -0.5901 -0.8071
vn 0.0254 -0.6232 -0.7816
vn 0.0528 -0.5308 -0.8458
vn 0.0900 -0.5581 -0.8249
vn 0.1106 -0.4848 -0.8676
vn 0.0948 -0.4723 -0.8763
vn 0.1878 -0.4545 -0.8707
vn 0.1802 -0.5397 -0.8223
vn 0.1127 -0.6078 -0.7861
vn 0.0171 -0.6550 -0.7555
vn -0.0491 -0.7044 -0.7081
vn -0.1366 -0.7426 -0.6556
vn -0.1470 -0.7914 -0.5933
vn -0.1089 -0.8353 -0.5388
vn -0.0641 -0.8785 -0.4733
vn -0.0120 -0.9171 -0.3984
vn 0.0392 -0.9427 -0.3314
vn 0.0713 -0.9553 -0.2868
vn 0.0830 -0.9653 -0.2478
vn 0.0937 -0.9762 -0.1957
vn 0.1124 -0.9853 -0.1290
vn 0.1555 -0.5043 -0.8494
vn 0.1807 -0.4996 -0.8472
vn 0.1248 -0.6217 -0.7733
vn 0.1825 -0.6101 -0.7710
vn 0.1417 -0.5578 -0.8178
vn 0.1188 -0.5613 -0.8191
vn 0.0554 -0.6918 -0.7200
vn 0.1714 -0.6698 -0.7225
vn 0.1534 -0.6528 -0.7419
vn 0.1592 -0.6517 -0.7416
vn 0.0993 -0.5896 -0.8016
vn -0.0183 -0.5995 -0.8002
vn -0.0268 -0.7236 -0.6897
vn 0.1124 -0.7017 -0.7035
vn 0.1380 -0.7213 -0.6788
vn 0.1563 -0.7175 -0.6789
vn 0.1291 -0.6966 -0.7057
vn 0.0190 -0.7109 -0.7031
vn -0.0528 -0.6462 -0.7613
vn 0.0170 -0.6435 -0.7652
vn -0.0949 -0.7760 -0.6235
vn 0.0495 -0.7599 -0.6482
vn 0.0703 -0.7736 -0.6298
vn 0.1229 -0.7637 -0.6338
vn 0.1260 -0.7656 -0.6309
vn 0.0285 -0.7804 -0.6246
vn -0.0112 -0.7530 -0.6579
vn 0.0753 -0.7446 -0.6633
vn -0.0003 -0.6705 -0.7419
vn -0.0536 -0.6695 -0.7409
vn -0.1606 -0.7812 -0.6033
vn -0.0993 -0.7788 -0.6194
vn -0.0000 -0.8416 -0.5400
vn 0.0558 -0.8342 -0.5486
vn 0.0751 -0.8439 -0.5311
vn 0.0339 -0.8499 -0.5259
vn -0.0039 -0.8292 -0.5589
vn 0.0641 -0.8215 -0.5666
vn 0.0409 -0.8054 -0.5914
vn -0.0774 -0.8163 -0.5725
vn -0.1212 -0.7713 -0.6248
vn -0.1496 -0.7695 -0.6209
vn -0.1555 -0.8051 -0.5724
vn -0.1926 -0.8052 -0.5609
vn -0.1371 -0.8433 -0.5196
vn -0.1126 -0.8429 -0.5261
vn 0.0099 -0.9047 -0.4259
vn -0.0519 -0.9090 -0.4136
vn -0.0189 -0.9225 -0.3855
vn -0.0157 -0.9223 -0.3861
vn -0.0057 -0.9265 -0.3762
vn -0.0037 -0.9264 -0.3766
vn -0.1025 -0.8594 -0.5010
vn -0.2262 -0.8562 -0.4645
vn -0.2152 -0.8673 -0.4488
vn -0.0757 -0.8716 -0.4844
vn -0.1180 -0.8506 -0.5124
vn -0.2015 -0.8506 -0.4857
vn -0.2145 -0.8419 -0.4952
vn -0.2304 -0.8409 -0.4897
vn -0.1429 -0.8944 -0.4238
vn -0.2077 -0.8907 -0.4044
vn -0.0835 -0.9485 -0.3055
vn -0.2526 -0.9322 -0.2591
vn -0.0896 -0.9873 -0.1314
vn -0.0660 -0.9881 -0.1388
vn -0.0688 -0.9875 -0.1416
vn -0.1451 -0.9833 -0.1099
vn -0.2722 -0.9266 -0.2594
vn -0.1487 -0.9359 -0.3194
vn -0.1278 -0.9491 -0.2878
vn -0.0660 -0.9459 -0.3177
vn -0.0730 -0.8937 -0.4428
vn -0.1626 -0.8953 -0.4147
vn -0.2117 -0.8675 -0.4501
vn -0.2775 -0.8616 -0.4251
vn -0.2524 -0.8780 -0.4066
vn -0.3049 -0.8704 -0.3865
vn -0.2250 -0.9183 -0.3258
vn -0.3310 -0.8987 -0.2876
vn -0.2580 -0.9382 -0.2307
vn -0.4486 -0.8792 -0.1608
vn -0.1171 -0.9897 0.0824
vn -0.1085 -0.9910 0.0784
vn -0.1698 -0.9851 0.0251
vn -0.0918 -0.9955 -0.0228
vn -0.1844 -0.9742 -0.1303
vn -0.0779 -0.9765 -0.2011
vn -0.0865 -0.9736 -0.2114
vn -0.2759 -0.9561 -0.0984
vn -0.0181 -0.9277 -0.3730
vn -0.1230 -0.9321 -0.3406
vn -0.1718 -0.9107 -0.3756
vn -0.2440 -0.9050 -0.3483
vn -0.2880 -0.8790 -0.3801
vn -0.3449 -0.8689 -0.3551
vn -0.3157 -0.8883 -0.3337
vn -0.4066 -0.8654 -0.2930
vn -0.3383 -0.9096 -0.2410
vn -0.4561 -0.8696 -0.1892
vn -0.4465 -0.8762 -0.1817
vn -0.4416 -0.8782 -0.1839
vn -0.1099 -0.9903 0.0855
vn -0.1979 -0.9704 0.1385
vn -0.1277 -0.9743 0.1856
vn -0.0341 -0.9939 0.1047
vn -0.1123 -0.9929 0.0401
vn -0.1121 -0.9929 0.0400
vn -0.2782 -0.9583 -0.0656
vn -0.4575 -0.8858 0.0780
vn 0.0355 -0.9493 -0.3123
vn -0.0889 -0.9577 -0.2738
vn -0.1302 -0.9440 -0.3031
vn -0.2124 -0.9385 -0.2722
vn -0.2529 -0.9194 -0.3013
vn -0.3144 -0.9088 -0.2744
vn -0.3545 -0.8844 -0.3035
vn -0.4036 -0.8713 -0.2791
vn -0.4083 -0.8681 -0.2825
vn -0.4874 -0.8395 -0.2403
vn -0.4532 -0.8652 -0.2146
vn -0.5503 -0.8192 -0.1615
vn -0.4507 -0.8886 -0.0857
vn -0.5706 -0.8211 -0.0158
vn -0.2062 -0.9563 0.2072
vn -0.2309 -0.9466 0.2250
vn -0.0650 -0.9528 0.2964
vn -0.0096 -0.9714 0.2373
vn -0.1247 -0.9730 0.1942
vn -0.1802 -0.9501 0.2545
vn -0.4503 -0.8767 0.1695
vn -0.5413 -0.7985 0.2634
vn 0.0670 -0.9636 -0.2589
vn -0.0640 -0.9740 -0.2171
vn -0.0943 -0.9666 -0.2383
vn -0.1844 -0.9614 -0.2041
vn -0.2187 -0.9486 -0.2286
vn -0.2845 -0.9376 -0.1999
vn -0.3212 -0.9196 -0.2264
vn -0.3722 -0.9061 -0.2011
vn -0.4106 -0.8826 -0.2290
vn -0.4523 -0.8678 -0.2060
vn -0.4884 -0.8411 -0.2323
vn -0.5243 -0.8251 -0.2103
vn -0.5440 -0.8085 -0.2246
vn -0.5885 -0.7846 -0.1953
vn -0.5628 -0.8075 -0.1766
vn -0.6519 -0.7500 -0.1121
vn -0.2231 -0.9652 0.1363
vn -0.4249 -0.8529 0.3034
vn -0.0313 -0.9250 0.3787
vn -0.1202 -0.8689 0.4802
vn -0.1770 -0.8570 0.4840
vn -0.1625 -0.8700 0.4656
vn -0.4886 -0.7404 0.4615
vn -0.5075 -0.7119 0.4853
vn 0.0783 -0.9753 -0.2064
vn -0.0462 -0.9852 -0.1648
vn -0.0683 -0.9813 -0.1801
vn -0.1610 -0.9763 -0.1444
vn -0.1888 -0.9682 -0.1641
vn -0.2570 -0.9571 -0.1342
vn -0.2888 -0.9444 -0.1571
vn -0.3410 -0.9308 -0.1314
vn -0.3766 -0.9130 -0.1572
vn -0.4192 -0.8980 -0.1338
vn -0.4568 -0.8749 -0.1610
vn -0.4923 -0.8592 -0.1394
vn -0.5288 -0.8324 -0.1660
vn -0.5575 -0.8171 -0.1468
vn -0.5908 -0.7885 -0.1711
vn -0.6176 -0.7718 -0.1515
vn -0.6476 -0.7420 -0.1734
vn -0.6768 -0.7207 -0.1501
vn -0.4302 -0.9027 0.0061
vn -0.7053 -0.6630 0.2510
vn -0.1134 -0.9100 0.3987
vn -0.4484 -0.5110 0.7334
vn -0.1488 -0.7134 0.6848
vn -0.2546 -0.5459 0.7983
vn -0.3185 -0.4845 0.8147
vn -0.3131 -0.4974 0.8090
vn 0.0898 -0.9854 -0.1445
vn -0.0235 -0.9942 -0.1051
vn -0.0495 -0.9912 -0.1230
vn -0.1364 -0.9866 -0.0890
vn -0.1637 -0.9806 -0.1082
vn -0.2281 -0.9704 -0.0798
vn -0.2592 -0.9604 -0.1021
vn -0.3096 -0.9477 -0.0774
vn -0.3429 -0.9339 -0.1014
vn -0.3867 -0.9190 -0.0776
vn -0.4212 -0.9012 -0.1025
vn -0.4604 -0.8842 -0.0789
vn -0.4946 -0.8629 -0.1037
vn -0.5270 -0.8459 -0.0822
vn -0.5602 -0.8215 -0.1064
vn -0.5888 -0.8038 -0.0856
vn -0.6206 -0.7766 -0.1087
vn -0.6334 -0.7675 -0.0986
vn -0.6783 -0.7231 -0.1305
vn -0.6907 -0.7132 -0.1195
vn -0.7303 -0.6671 -0.1471
vn -0.7571 -0.6422 -0.1203
vn -0.6594 -0.7495 -0.0579
vn -0.8057 -0.5829 0.1053
vn -0.3442 -0.8961 0.2802
vn -0.6385 -0.4317 0.6371
vn -0.4064 -0.6437 0.6485
vn -0.5216 -0.3222 0.7900
vn 0.1101 -0.9915 -0.0693
vn 0.0190 -0.9992 -0.0366
vn -0.0250 -0.9974 -0.0670
vn -0.0897 -0.9951 -0.0417
vn -0.1370 -0.9877 -0.0748
vn -0.1863 -0.9810 -0.0535
vn -0.2280 -0.9701 -0.0828
vn -0.2724 -0.9602 -0.0615
vn -0.3092 -0.9470 -0.0875
vn -0.3520 -0.9338 -0.0646
vn -0.3862 -0.9181 -0.0887
vn -0.4288 -0.9011 -0.0634
vn -0.4601 -0.8837 -0.0855
vn -0.5021 -0.8629 -0.0580
vn -0.5272 -0.8463 -0.0759
vn -0.5552 -0.8298 -0.0558
vn -0.5890 -0.8042 -0.0798
vn -0.5666 -0.8182 -0.0973
vn -0.6302 -0.7638 -0.1394
vn -0.6192 -0.7710 -0.1490
vn -0.6834 -0.7052 -0.1888
vn -0.7072 -0.6875 -0.1649
vn -0.7496 -0.6336 -0.1912
vn -0.7894 -0.5968 -0.1440
vn -0.8058 -0.5716 -0.1548
vn -0.5386 -0.7419 -0.3993
vn -0.7277 -0.4433 -0.5234
vn -0.1944 -0.6843 -0.7028
vn -0.4394 -0.2169 -0.8717
vn -0.2449 -0.4000 -0.8832
vn -0.2224 -0.3584 -0.9067
vn -0.1574 -0.4810 -0.8625
vn -0.3371 -0.4010 -0.8518
vn -0.7203 -0.5371 -0.4389
vn -0.6882 -0.6703 -0.2776
vn -0.6023 -0.7558 -0.2570
vn -0.5594 -0.8126 -0.1637
vn -0.5546 -0.8293 -0.0682
vn -0.5021 -0.8629 -0.0577
vn -0.4287 -0.9009 -0.0673
vn -0.3519 -0.9335 -0.0690
vn -0.2724 -0.9603 -0.0604
vn -0.1863 -0.9816 -0.0416
vn -0.0896 -0.9958 -0.0161
vn 0.0191 -0.9998 0.0072
vn -0.1883 -0.4504 -0.8728
vn -0.3121 -0.7181 -0.6220
vn -0.1208 -0.5561 -0.8223
vn -0.1306 -0.7660 -0.6295
vn -0.3449 -0.6587 -0.6687
vn -0.4379 -0.8160 -0.3774
vn -0.1323 -0.7504 -0.6476
vn -0.1318 -0.6824 -0.7190
vn -0.2009 -0.6550 -0.7284
vn -0.2136 -0.8997 -0.3807
vn -0.4148 -0.8402 -0.3493
vn -0.4406 -0.8904 -0.1141
vn -0.6133 -0.7152 -0.3351
vn -0.4699 -0.5385 -0.6994
vn -0.1700 -0.6282 -0.7593
vn -0.1626 -0.8326 -0.5295
vn -0.2992 -0.8109 -0.5030
vn -0.2816 -0.9556 -0.0874
vn -0.3652 -0.9299 -0.0445
vn -0.3514 -0.9219 0.1634
vn -0.6329 -0.7382 -0.2337
vn -0.6032 -0.7138 -0.3559
vn -0.2437 -0.7985 -0.5505
vn -0.2398 -0.7836 -0.5731
vn -0.2071 -0.7854 -0.5833
vn -0.1806 -0.9471 -0.2651
vn -0.3311 -0.9319 -0.1484
vn -0.2748 -0.9452 0.1761
vn -0.2971 -0.9338 0.1994
vn -0.2744 -0.9065 0.3209
vn -0.5129 -0.8358 -0.1956
vn -0.4895 -0.8165 -0.3061
vn -0.4994 -0.8128 -0.2998
vn -0.5001 -0.8134 -0.2971
vn -0.1152 -0.8676 -0.4837
vn -0.1278 -0.9647 -0.2303
vn -0.1424 -0.9648 -0.2212
vn -0.1187 -0.9924 -0.0332
vn -0.2821 -0.9443 0.1694
vn -0.2777 -0.9418 0.1893
vn -0.3377 -0.8968 0.2860
vn -0.3348 -0.8929 0.3009
vn -0.4869 -0.8659 -0.1149
vn -0.4793 -0.8610 -0.1704
vn -0.3636 -0.8997 -0.2413
vn -0.3671 -0.9026 -0.2248
vn -0.3567 -0.9053 -0.2307
vn -0.3818 -0.9180 -0.1074
vn -0.1339 -0.9629 -0.2343
vn -0.1512 -0.9822 0.1115
vn -0.0367 -0.9989 0.0288
vn -0.0338 -0.9982 0.0504
vn -0.2240 -0.9489 0.2224
vn -0.2362 -0.9585 0.1594
vn -0.3579 -0.8873 0.2910
vn -0.3492 -0.8747 0.3360
vn -0.5203 -0.8528 -0.0446
vn -0.5208 -0.8531 -0.0318
vn -0.3869 -0.9143 -0.1197
vn -0.3899 -0.9159 -0.0959
vn -0.2548 -0.9513 -0.1735
vn -0.2738 -0.9604 -0.0513
vn -0.2656 -0.9625 -0.0558
vn -0.2866 -0.9516 0.1108
vn -0.2271 -0.9706 0.0794
vn -0.2297 -0.9608 0.1551
vn -0.0303 -0.9982 0.0520
vn -0.0025 -0.9763 0.2162
vn -0.0284 -0.9715 0.2353
vn -0.0354 -0.9770 0.2105
vn -0.2330 -0.8965 0.3769
vn -0.1844 -0.8358 0.5172
vn -0.4705 -0.8816 -0.0376
vn -0.4706 -0.8818 -0.0307
vn -0.4930 -0.8699 -0.0146
vn -0.4934 -0.8696 0.0195
vn -0.3490 -0.9340 -0.0761
vn -0.3566 -0.9336 0.0362
vn -0.2358 -0.9712 -0.0351
vn -0.2490 -0.9575 0.1458
vn -0.2285 -0.9642 0.1343
vn -0.2307 -0.9538 0.1926
vn -0.1844 -0.9681 0.1694
vn -0.1850 -0.9697 0.1593
vn -0.2035 -0.9647 0.1673
vn -0.1990 -0.9617 0.1887
vn -0.1677 -0.9703 0.1746
vn -0.0823 -0.9178 0.3883
vn -0.2664 -0.8306 0.4890
vn -0.1997 -0.7624 0.6155
vn -0.3877 -0.9207 -0.0440
vn -0.3878 -0.9210 -0.0363
vn -0.4292 -0.9032 -0.0071
vn -0.4290 -0.9032 0.0112
vn -0.4638 -0.8852 0.0363
vn -0.4624 -0.8830 0.0802
vn -0.3826 -0.9236 0.0240
vn -0.3792 -0.9103 0.1663
vn -0.3091 -0.9433 0.1208
vn -0.3047 -0.9214 0.2412
vn -0.2245 -0.9548 0.1948
vn -0.2241 -0.9541 0.1987
vn -0.1599 -0.9730 0.1663
vn -0.1485 -0.9648 0.2169
vn -0.1274 -0.9701 0.2065
vn -0.0799 -0.9368 0.3405
vn -0.1425 -0.9164 0.3740
vn -0.0638 -0.8444 0.5319
vn -0.2032 -0.7622 0.6146
vn -0.1470 -0.7058 0.6930
vn -0.2991 -0.9533 -0.0418
vn -0.2990 -0.9539 -0.0276
vn -0.3295 -0.9441 -0.0065
vn -0.3286 -0.9443 0.0202
vn -0.3637 -0.9304 0.0448
vn -0.3610 -0.9284 0.0878
vn -0.3976 -0.9105 0.1140
vn -0.3915 -0.9028 0.1779
vn -0.3769 -0.9110 0.1673
vn -0.3632 -0.8891 0.2785
vn -0.3067 -0.9209 0.2404
vn -0.2996 -0.9102 0.2860
vn -0.1763 -0.9608 0.2141
vn -0.1615 -0.9477 0.2754
vn -0.0856 -0.9687 0.2332
vn -0.0542 -0.9459 0.3200
vn -0.0868 -0.9368 0.3390
vn -0.0293 -0.8857 0.4634
vn -0.1195 -0.8454 0.5206
vn -0.0502 -0.7716 0.6341
vn -0.1414 -0.7059 0.6941
vn -0.0910 -0.6541 0.7509
vn -0.2050 -0.9784 -0.0286
vn -0.2041 -0.9789 -0.0007
vn -0.2191 -0.9757 0.0096
vn -0.2163 -0.9749 0.0536
vn -0.2324 -0.9705 0.0647
vn -0.2263 -0.9657 0.1271
vn -0.2459 -0.9590 0.1408
vn -0.2351 -0.9467 0.2200
vn -0.2604 -0.9357 0.2381
vn -0.2461 -0.9156 0.3181
vn -0.2555 -0.9106 0.3248
vn -0.2482 -0.9006 0.3569
vn -0.1988 -0.9252 0.3233
vn -0.1914 -0.9175 0.3487
vn -0.1043 -0.9506 0.2923
vn -0.0865 -0.9366 0.3394
vn -0.0564 -0.9459 0.3195
vn 0.0029 -0.8973 0.4414
vn -0.0282 -0.8856 0.4636
vn 0.0371 -0.8163 0.5765
vn -0.0420 -0.7710 0.6354
vn 0.0038 -0.7179 0.6962
vn -0.0708 -0.6537 0.7534
vn -0.0277 -0.6085 0.7931
vn -0.1040 -0.9946 -0.0061
vn -0.1017 -0.9939 0.0432
vn -0.1018 -0.9939 0.0432
vn -0.0958 -0.9891 0.1123
vn -0.0888 -0.9902 0.1074
vn -0.0774 -0.9774 0.1967
vn -0.0694 -0.9791 0.1911
vn -0.0520 -0.9543 0.2944
vn -0.0484 -0.9553 0.2917
vn -0.0280 -0.9202 0.3904
vn -0.0321 -0.9188 0.3935
vn -0.0215 -0.8998 0.4358
vn -0.0162 -0.9018 0.4319
vn -0.0212 -0.9091 0.4161
vn -0.0057 -0.9144 0.4047
vn -0.0210 -0.9303 0.3662
vn -0.0121 -0.9330 0.3597
vn 0.0349 -0.8898 0.4551
vn 0.0421 -0.8923 0.4494
vn 0.0978 -0.8348 0.5417
vn 0.0546 -0.8135 0.5789
vn 0.1032 -0.7553 0.6472
vn 0.0445 -0.7126 0.7002
vn 0.0815 -0.6677 0.7399
vn 0.0222 -0.6053 0.7957
vn 0.0699 -0.5535 0.8299
vn 0.0018 -0.9998 0.0194
vn 0.0057 -0.9953 0.0966
vn 0.0158 -0.9959 0.0894
vn 0.0254 -0.9815 0.1896
vn 0.0532 -0.9841 0.1696
vn 0.0682 -0.9578 0.2794
vn 0.0956 -0.9612 0.2589
vn 0.1168 -0.9163 0.3831
vn 0.1494 -0.9219 0.3576
vn 0.1690 -0.8731 0.4574
vn 0.1839 -0.8764 0.4451
vn 0.1899 -0.8610 0.4718
vn 0.1789 -0.8582 0.4811
vn 0.1417 -0.9228 0.3584
vn 0.0464 -0.9000 0.4333
vn -0.0086 -0.9558 0.2938
vn -0.0835 -0.9341 0.3472
vn -0.0513 -0.9088 0.4141
vn -0.0696 -0.9012 0.4277
vn 0.0210 -0.8162 0.5774
vn 0.0683 -0.8410 0.5367
vn 0.1543 -0.7424 0.6519
vn 0.1545 -0.7426 0.6517
vn 0.1971 -0.6872 0.6992
vn 0.1594 -0.6513 0.7419
vn 0.2059 -0.5904 0.7804
vn 0.1686 -0.5407 0.8241
vn 0.2334 -0.4628 0.8552
vn 0.1064 -0.9936 0.0372
vn 0.1104 -0.9842 0.1382
vn 0.1149 -0.9842 0.1349
vn 0.1265 -0.9534 0.2738
vn 0.1725 -0.9555 0.2395
vn 0.1850 -0.9204 0.3444
vn 0.2119 -0.9222 0.3235
vn 0.2260 -0.8795 0.4188
vn 0.2337 -0.8805 0.4125
vn 0.2489 -0.8301 0.4991
vn 0.2748 -0.8347 0.4772
vn 0.2623 -0.8696 0.4184
vn 0.1989 -0.8580 0.4735
vn 0.1649 -0.9184 0.3598
vn 0.1608 -0.9178 0.3631
vn 0.1577 -0.9212 0.3557
vn 0.1714 -0.9230 0.3446
vn 0.2127 -0.8804 0.4240
vn 0.1622 -0.8691 0.4673
vn 0.1952 -0.8333 0.5172
vn 0.1090 -0.7968 0.5943
vn 0.1359 -0.7665 0.6277
vn 0.1160 -0.7534 0.6472
vn 0.1962 -0.6520 0.7324
vn 0.2246 -0.6780 0.6999
vn 0.3178 -0.5385 0.7804
vn 0.3275 -0.5502 0.7681
vn 0.3942 -0.4389 0.8075
vn 0.3865 -0.4272 0.8174
vn 0.4475 -0.3275 0.8321
vn 0.5105 -0.3545 -0.7834
vn 0.5514 -0.3541 -0.7553
vn 0.6322 -0.3559 -0.6882
vn 0.6989 -0.3399 -0.6293
vn 0.7669 -0.2938 -0.5706
vn 0.8475 -0.1749 -0.5011
vn 0.9646 -0.0706 -0.2541
vn 0.9959 -0.0776 0.0473
vn 0.9813 -0.0880 0.1712
vn 0.9510 -0.0558 0.3042
vn 0.9018 -0.0368 0.4306
vn 0.8208 -0.0498 0.5690
vn 0.7292 -0.1506 0.6676
vn 0.6801 -0.2876 0.6744
vn 0.6706 -0.3729 0.6413
vn 0.5095 -0.3495 -0.7863
vn 0.3587 -0.5359 -0.7643
vn 0.5514 -0.3540 -0.7554
vn 0.3261 -0.6134 -0.7193
vn 0.3653 -0.6236 -0.6912
vn 0.2991 -0.6780 -0.6714
vn 0.6306 -0.3460 -0.6947
vn 0.3295 -0.6781 -0.6570
vn 0.3266 -0.6774 -0.6591
vn 0.2068 -0.7584 -0.6181
vn 0.2956 -0.7868 -0.5418
vn 0.3051 -0.7813 -0.5444
vn 0.6941 -0.3096 -0.6499
vn 0.3442 -0.7025 -0.6229
vn 0.3281 -0.6996 -0.6348
vn 0.1474 -0.8059 -0.5734
vn 0.2002 -0.8250 -0.5284
vn 0.1981 -0.8259 -0.5278
vn 0.2902 -0.8525 -0.4348
vn 0.3749 -0.8098 -0.4513
vn 0.7497 -0.2140 -0.6262
vn 0.3439 -0.7020 -0.6236
vn 0.3443 -0.7020 -0.6234
vn 0.1102 -0.8302 -0.5464
vn 0.1410 -0.8425 -0.5198
vn 0.1260 -0.8480 -0.5147
vn 0.1853 -0.8709 -0.4551
vn 0.3313 -0.8071 -0.4887
vn 0.3730 -0.8155 -0.4426
vn 0.0621 -0.9206 -0.3855
vn 0.8471 -0.1734 -0.5023
vn 0.4639 -0.6945 -0.5500
vn 0.3455 -0.6898 -0.6363
vn 0.0437 -0.8444 -0.5339
vn 0.0999 -0.8702 -0.4824
vn 0.1335 -0.8595 -0.4933
vn 0.1235 -0.8548 -0.5040
vn 0.1604 -0.8428 -0.5138
vn 0.2974 -0.8851 -0.3580
vn 0.0089 -0.9542 -0.2992
vn 0.0271 -0.9604 -0.2772
vn -0.0639 -0.9639 -0.2585
vn 0.9760 -0.1797 -0.1232
vn 0.6547 -0.7358 -0.1729
vn 0.4347 -0.7951 -0.4228
vn 0.0651 -0.9356 -0.3471
vn 0.0169 -0.9144 -0.4045
vn 0.0802 -0.9015 -0.4253
vn 0.1042 -0.9132 -0.3939
vn 0.0368 -0.9256 -0.3767
vn 0.0938 -0.9490 -0.3009
vn -0.0514 -0.9616 -0.2696
vn -0.0170 -0.9747 -0.2230
vn -0.0554 -0.9749 -0.2157
vn -0.0705 -0.9687 -0.2379
vn -0.1462 -0.9638 -0.2231
vn 0.9844 -0.1253 0.1239
vn 0.6734 -0.7280 0.1286
vn 0.5842 -0.8112 -0.0254
vn 0.1114 -0.9933 -0.0298
vn 0.0169 -0.9821 -0.1878
vn 0.0319 -0.9812 -0.1904
vn 0.0127 -0.9745 -0.2242
vn -0.0430 -0.9761 -0.2132
vn -0.0296 -0.9812 -0.1909
vn -0.0761 -0.9802 -0.1827
vn -0.0809 -0.9784 -0.1900
vn -0.0646 -0.9791 -0.1928
vn -0.0641 -0.9793 -0.1920
vn -0.1126 -0.9765 -0.1839
vn -0.1415 -0.9610 -0.2376
vn -0.3882 -0.9045 -0.1765
vn 0.9639 -0.1187 0.2385
vn 0.6784 -0.6781 0.2827
vn 0.6371 -0.7486 0.1833
vn 0.1239 -0.9818 0.1442
vn 0.0766 -0.9963 0.0402
vn 0.0356 -0.9986 0.0395
vn -0.0144 -0.9972 -0.0731
vn -0.0662 -0.9954 -0.0687
vn -0.0852 -0.9905 -0.1075
vn -0.0626 -0.9920 -0.1100
vn -0.0879 -0.9840 -0.1547
vn -0.0466 -0.9860 -0.1599
vn -0.0647 -0.9791 -0.1926
vn -0.2363 -0.9575 -0.1652
vn -0.1744 -0.9844 -0.0216
vn -0.2794 -0.9601 -0.0078
vn -0.3842 -0.9022 -0.1961
vn 0.1728 -0.9203 -0.3509
vn 0.9169 -0.0849 0.3899
vn 0.6501 -0.6075 0.4565
vn 0.6214 -0.6981 0.3556
vn 0.1340 -0.9494 0.2841
vn 0.0981 -0.9782 0.1828
vn 0.0415 -0.9837 0.1752
vn 0.0108 -0.9961 0.0881
vn -0.0421 -0.9955 0.0848
vn -0.0867 -0.9959 -0.0239
vn -0.0499 -0.9985 -0.0243
vn -0.0765 -0.9938 -0.0812
vn 0.0049 -0.9963 -0.0853
vn -0.0395 -0.9839 -0.1745
vn -0.2000 -0.9671 -0.1574
vn -0.2178 -0.9545 -0.2036
vn -0.2026 -0.9573 -0.2061
vn -0.2221 -0.9459 -0.2367
vn 0.1775 -0.9366 -0.3020
vn 0.1713 -0.9354 -0.3094
vn 0.4944 -0.7967 -0.3478
vn 0.8279 -0.0680 0.5567
vn 0.5959 -0.4924 0.6344
vn 0.5836 -0.6184 0.5263
vn 0.1558 -0.8851 0.4385
vn 0.1189 -0.9458 0.3021
vn 0.0436 -0.9577 0.2843
vn 0.0220 -0.9784 0.2057
vn 0.0267 -0.9781 0.2065
vn -0.0267 -0.9980 0.0565
vn -0.0910 -0.9945 0.0518
vn -0.0919 -0.9945 0.0493
vn 0.0852 -0.9947 0.0569
vn 0.0146 -0.9946 -0.1030
vn -0.2563 -0.9622 -0.0926
vn -0.2476 -0.9665 -0.0669
vn -0.1476 -0.9865 -0.0705
vn -0.2113 -0.9604 -0.1816
vn 0.1980 -0.9578 -0.2083
vn 0.1716 -0.9547 -0.2433
vn 0.4939 -0.8301 -0.2587
vn 0.4866 -0.8308 -0.2701
vn 0.6860 -0.6741 -0.2740
vn 0.7010 -0.0746 0.7092
vn 0.4920 -0.4040 0.7712
vn 0.4964 -0.4928 0.7146
vn 0.1738 -0.7473 0.6414
vn 0.1398 -0.8800 0.4539
vn 0.0779 -0.8978 0.4335
vn 0.0466 -0.9588 0.2803
vn 0.0528 -0.9581 0.2816
vn 0.0294 -0.9789 0.2023
vn -0.1063 -0.9772 0.1839
vn -0.1290 -0.9856 0.1091
vn 0.1326 -0.9826 0.1304
vn 0.0966 -0.9946 0.0386
vn -0.2682 -0.9631 0.0217
vn -0.2869 -0.9573 -0.0356
vn -0.0830 -0.9959 -0.0368
vn -0.1269 -0.9845 -0.1213
vn 0.2452 -0.9626 -0.1149
vn 0.1948 -0.9621 -0.1906
vn 0.5045 -0.8430 -0.1865
vn 0.4871 -0.8462 -0.2159
vn 0.6917 -0.6911 -0.2099
vn 0.6801 -0.6948 -0.2341
vn 0.7807 -0.5813 -0.2295
vn 0.6433 -0.1593 0.7489
vn 0.4683 -0.4143 0.7804
vn 0.4670 -0.4021 0.7876
vn 0.2353 -0.6199 0.7486
vn 0.2211 -0.7645 0.6055
vn 0.1548 -0.7975 0.5832
vn 0.1226 -0.9149 0.3847
vn 0.0351 -0.9319 0.3611
vn 0.0248 -0.9481 0.3171
vn -0.1470 -0.9496 0.2768
vn -0.1542 -0.9563 0.2484
vn -0.0737 -0.9619 0.2634
vn -0.0397 -0.9292 0.3675
vn -0.2736 -0.9065 0.3215
vn -0.3331 -0.9318 0.1443
vn 0.0103 -0.9860 0.1665
vn -0.0749 -0.9958 -0.0535
vn 0.3268 -0.9445 -0.0344
vn 0.2567 -0.9532 -0.1599
vn 0.5277 -0.8373 -0.1432
vn 0.5046 -0.8430 -0.1866
vn 0.6984 -0.6951 -0.1704
vn 0.6884 -0.6992 -0.1929
vn 0.7907 -0.5842 -0.1831
vn 0.7782 -0.5900 -0.2150
vn 0.7425 -0.6337 -0.2170
vn 0.6532 -0.2885 0.7001
vn 0.5347 -0.4576 0.7104
vn 0.5305 -0.4209 0.7358
vn 0.3755 -0.5819 0.7214
vn 0.3736 -0.6608 0.6509
vn 0.2619 -0.7363 0.6240
vn 0.2452 -0.8310 0.4993
vn 0.0302 -0.8986 0.4378
vn 0.0190 -0.9252 0.3790
vn -0.1858 -0.9306 0.3154
vn -0.1844 -0.9287 0.3217
vn -0.1634 -0.9306 0.3277
vn -0.1535 -0.9183 0.3649
vn -0.2242 -0.9108 0.3466
vn -0.2448 -0.9294 0.2761
vn 0.0948 -0.9399 0.3281
vn 0.0375 -0.9924 0.1168
vn 0.3990 -0.9052 0.1464
vn 0.3261 -0.9448 -0.0323
vn 0.5714 -0.8206 -0.0092
vn 0.5227 -0.8436 -0.1231
vn 0.7149 -0.6921 -0.0993
vn 0.6944 -0.7033 -0.1522
vn 0.7913 -0.5957 -0.1380
vn 0.7849 -0.5996 -0.1560
vn 0.7199 -0.6748 -0.1624
vn 0.7235 -0.6729 -0.1540
vn 0.4453 -0.8814 -0.1578
vn 0.6532 -0.3726 0.6592
vn 0.5852 -0.4686 0.6618
vn 0.5846 -0.4627 0.6665
vn 0.4833 -0.5744 0.6607
vn 0.4834 -0.6051 0.6326
vn 0.3206 -0.7297 0.6040
vn 0.3176 -0.7540 0.5750
vn -0.0118 -0.8796 0.4756
vn -0.0112 -0.8779 0.4787
vn -0.2048 -0.8882 0.4114
vn -0.2179 -0.9105 0.3516
vn -0.2106 -0.9112 0.3540
vn -0.2052 -0.9033 0.3767
vn -0.2475 -0.8982 0.3633
vn -0.2450 -0.8948 0.3733
vn 0.1447 -0.8749 0.4623
vn 0.1112 -0.9466 0.3027
vn 0.4015 -0.8535 0.3323
vn 0.3689 -0.9038 0.2168
vn 0.5731 -0.7854 0.2338
vn 0.5352 -0.8389 0.0988
vn 0.7191 -0.6848 0.1183
vn 0.6876 -0.7261 -0.0016
vn 0.7788 -0.6272 0.0101
vn 0.7649 -0.6429 -0.0404
vn 0.6803 -0.7313 -0.0486
vn 0.6794 -0.7320 -0.0509
vn 0.3891 -0.9200 -0.0477
vn 0.3842 -0.9216 -0.0552
vn 0.2754 -0.9599 -0.0524
vn 0.6086 -0.2557 0.7511
vn 0.5241 -0.3745 0.7649
vn 0.4391 -0.4782 0.7606
vn 0.4303 -0.5438 0.7205
vn 0.4905 -0.6006 0.6315
vn 0.5370 -0.6504 0.5373
vn 0.4992 -0.7296 0.4674
vn 0.3761 -0.8317 0.4085
vn 0.2316 -0.8966 0.3775
vn 0.1323 -0.9122 0.3878
vn 0.1367 -0.8680 0.4774
vn 0.1678 -0.8987 0.4052
vn 0.2361 -0.9035 0.3577
vn 0.1877 -0.9380 0.2915
vn 0.1699 -0.9730 0.1560
vn 0.5683 -0.2109 0.7954
vn 0.6977 -0.1240 0.7056
vn 0.4841 -0.3375 0.8073
vn 0.6739 -0.2082 0.7089
vn 0.6789 -0.1040 0.7268
vn 0.6057 -0.1608 0.7792
vn 0.4513 -0.4862 0.7483
vn 0.6991 -0.2963 0.6507
vn 0.7047 -0.2397 0.6678
vn 0.6409 -0.3003 0.7065
vn 0.6394 -0.1906 0.7448
vn 0.5140 -0.3030 0.8025
vn 0.5006 -0.5745 0.6476
vn 0.7265 -0.3737 0.5766
vn 0.7328 -0.3263 0.5971
vn 0.6489 -0.4169 0.6365
vn 0.6549 -0.3130 0.6878
vn 0.5744 -0.3910 0.7192
vn 0.5742 -0.3501 0.7401
vn 0.4497 -0.4548 0.7688
vn 0.5505 -0.6157 0.5638
vn 0.7208 -0.4484 0.5286
vn 0.7314 -0.3770 0.5682
vn 0.6222 -0.4989 0.6033
vn 0.6329 -0.4043 0.6603
vn 0.5876 -0.4483 0.6736
vn 0.5897 -0.4027 0.7001
vn 0.4888 -0.4894 0.7222
vn 0.4890 -0.4845 0.7254
vn 0.3678 -0.5706 0.7342
vn 0.5316 -0.6497 0.5433
vn 0.6598 -0.5288 0.5339
vn 0.6756 -0.4290 0.5995
vn 0.5695 -0.5400 0.6198
vn 0.5793 -0.4721 0.6645
vn 0.5795 -0.4719 0.6644
vn 0.5817 -0.4443 0.6814
vn 0.5091 -0.5068 0.6957
vn 0.5093 -0.5044 0.6973
vn 0.4390 -0.5572 0.7048
vn 0.4302 -0.6196 0.6565
vn 0.5446 -0.5337 0.6470
vn 0.4296 -0.7242 0.5394
vn 0.5609 -0.6207 0.5478
vn 0.5836 -0.5071 0.6342
vn 0.5022 -0.5824 0.6393
vn 0.5143 -0.5125 0.6876
vn 0.5743 -0.4587 0.6781
vn 0.5734 -0.4683 0.6723
vn 0.5340 -0.5027 0.6798
vn 0.5315 -0.5220 0.6671
vn 0.5158 -0.5345 0.6695
vn 0.5035 -0.6053 0.6166
vn 0.6373 -0.4920 0.5932
vn 0.6160 -0.6127 0.4951
vn -0.1247 -0.8966 0.4249
vn 0.2786 -0.8201 0.4999
vn 0.3907 -0.7583 0.5219
vn 0.4402 -0.5892 0.6776
vn 0.4063 -0.6147 0.6761
vn 0.4197 -0.5487 0.7230
vn 0.5816 -0.4096 0.7028
vn 0.5779 -0.4606 0.6737
vn 0.5508 -0.4851 0.6792
vn 0.5470 -0.5111 0.6630
vn 0.5549 -0.5045 0.6615
vn 0.5451 -0.5554 0.6280
vn 0.6643 -0.4487 0.5978
vn 0.6554 -0.5073 0.5596
vn -0.0577 -0.8236 0.5643
vn -0.0278 -0.9438 0.3293
vn -0.3319 -0.9218 0.2004
vn 0.1541 -0.8799 0.4494
vn 0.1793 -0.8716 0.4562
vn 0.2486 -0.7124 0.6563
vn 0.3102 -0.6790 0.6654
vn 0.3330 -0.5868 0.7381
vn 0.6125 -0.3561 0.7057
vn 0.6114 -0.4228 0.6689
vn 0.5418 -0.4879 0.6844
vn 0.5428 -0.4799 0.6892
vn 0.4884 -0.5245 0.6974
vn 0.4984 -0.4617 0.7338
vn 0.4970 -0.4628 0.7340
vn 0.5100 -0.3322 0.7935
vn 0.0348 -0.5941 0.8037
vn 0.0511 -0.8760 0.4797
vn -0.4987 -0.8113 0.3051
vn -0.5007 -0.7960 0.3402
vn -0.2325 -0.8474 0.4774
vn 0.1114 -0.9063 0.4077
vn 0.1024 -0.9085 0.4052
vn 0.1362 -0.8565 0.4978
vn 0.2634 -0.8086 0.5261
vn 0.3103 -0.6790 0.6653
vn 0.6854 -0.3659 0.6295
vn 0.6860 -0.3822 0.6191
vn 0.5340 -0.5331 0.6563
vn 0.5390 -0.4861 0.6879
vn 0.3799 -0.6048 0.7000
vn 0.4007 -0.4543 0.7957
vn 0.2132 -0.5715 0.7924
vn 0.2457 -0.2544 0.9354
vn -0.0696 -0.4342 0.8981
vn -0.0727 -0.5211 0.8504
vn -0.5829 -0.6265 0.5175
vn -0.5809 -0.7260 0.3680
vn -0.3290 -0.7775 0.5360
vn -0.3267 -0.7673 0.5518
vn -0.2530 -0.7681 0.5882
vn 0.1785 -0.8819 0.4363
vn 0.1213 -0.8980 0.4229
vn 0.1115 -0.9114 0.3960
vn 0.2771 -0.8576 0.4333
vn 0.2974 -0.8181 0.4922
vn 0.7623 -0.4289 0.4847
vn 0.7607 -0.3826 0.5244
vn 0.5508 -0.6063 0.5735
vn 0.5580 -0.5462 0.6247
vn 0.3432 -0.6954 0.6314
vn 0.3593 -0.5890 0.7239
vn 0.0670 -0.7285 0.6818
vn 0.0980 -0.4596 0.8827
vn -0.3882 -0.6272 0.6752
vn -0.3343 -0.1296 0.9335
vn -0.4594 -0.1890 0.8679
vn -0.5203 -0.7003 0.4887
vn -0.3139 -0.6921 0.6500
vn -0.3252 -0.7808 0.5335
vn -0.2312 -0.7795 0.5822
vn -0.2325 -0.7851 0.5742
vn -0.0854 -0.7734 0.6282
vn 0.2295 -0.9129 0.3376
vn 0.1568 -0.9345 0.3195
vn 0.1731 -0.9139 0.3671
vn 0.2952 -0.8709 0.3930
vn 0.3003 -0.8619 0.4086
vn 0.7785 -0.4669 0.4195
vn 0.7778 -0.4288 0.4596
vn 0.5768 -0.6496 0.4952
vn 0.5816 -0.6191 0.5277
vn 0.3936 -0.7494 0.5324
vn 0.3979 -0.7289 0.5572
vn 0.1557 -0.8346 0.5284
vn 0.1612 -0.8027 0.5742
vn -0.2463 -0.8606 0.4458
vn -0.2506 -0.7851 0.5664
vn 0.1219 -0.7266 0.6762
vn 0.1244 -0.7065 0.6967
vn -0.1522 -0.7694 0.6204
vn -0.1611 -0.8124 0.5604
vn -0.1541 -0.8119 0.5631
vn -0.1593 -0.8300 0.5345
vn -0.0234 -0.8145 0.5796
vn -0.0220 -0.8107 0.5851
vn 0.5052 -0.5859 0.6337
vn 0.2165 -0.8994 0.3798
vn 0.1759 -0.9120 0.3706
vn 0.1584 -0.9349 0.3176
vn 0.3315 -0.8749 0.3531
vn 0.3314 -0.8750 0.3528
vn 0.7560 -0.5358 0.3759
vn 0.7568 -0.4704 0.4539
vn 0.6006 -0.6448 0.4728
vn 0.5989 -0.6553 0.4604
vn 0.4573 -0.7589 0.4636
vn 0.4530 -0.7751 0.4405
vn 0.3210 -0.8423 0.4330
vn 0.3020 -0.8976 0.3212
vn 0.1076 -0.9499 0.2934
vn 0.0944 -0.9939 0.0573
vn 0.2583 -0.9632 0.0740
vn 0.3506 -0.8154 0.4606
vn -0.0533 -0.9142 0.4017
vn -0.0268 -0.8524 0.5222
vn -0.1055 -0.8594 0.5003
vn -0.1002 -0.8462 0.5233
vn 0.0025 -0.8334 0.5526
vn 0.0044 -0.8289 0.5594
vn 0.4510 -0.6545 0.6069
vn 0.4726 -0.5768 0.6663
vn 0.5739 -0.4977 0.6503
vn 0.2061 -0.9408 0.2693
vn 0.1945 -0.9440 0.2665
vn 0.2130 -0.9207 0.3270
vn 0.4157 -0.8358 0.3585
vn 0.3943 -0.8758 0.2783
vn 0.7196 -0.6255 0.3017
vn 0.7283 -0.5421 0.4192
vn 0.6225 -0.6577 0.4242
vn 0.6240 -0.6477 0.4372
vn 0.4927 -0.7521 0.4378
vn 0.4881 -0.7686 0.4136
vn 0.3858 -0.8264 0.4102
vn 0.3740 -0.8585 0.3508
vn 0.3299 -0.8777 0.3475
vn 0.2838 -0.9568 0.0626
vn -0.0314 -0.9991 0.0286
vn 0.0437 -0.9408 0.3360
vn -0.1218 -0.9455 0.3020
vn -0.0886 -0.8949 0.4373
vn -0.1289 -0.8953 0.4263
vn -0.1084 -0.8576 0.5028
vn -0.0162 -0.8492 0.5278
vn -0.0065 -0.8287 0.5596
vn 0.3854 -0.6904 0.6122
vn 0.4002 -0.6412 0.6547
vn 0.5502 -0.5358 0.6405
vn 0.5584 -0.4943 0.6663
vn 0.6128 -0.4451 0.6529
vn 0.2260 -0.9706 0.0824
vn 0.2917 -0.9514 0.0984
vn 0.3005 -0.9454 0.1261
vn 0.5739 -0.8014 0.1684
vn 0.5671 -0.8109 0.1445
vn 0.7210 -0.6751 0.1560
vn 0.7389 -0.6187 0.2668
vn 0.6550 -0.7082 0.2633
vn 0.6676 -0.6569 0.3504
vn 0.5176 -0.7831 0.3447
vn 0.5254 -0.7595 0.3835
vn 0.3770 -0.8465 0.3759
vn 0.3850 -0.8261 0.4116
vn 0.1952 -0.8976 0.3951
vn 0.2121 -0.8423 0.4955
vn -0.2667 -0.8833 0.3855
vn -0.2803 -0.9032 0.3251
vn -0.2056 -0.9146 0.3483
vn -0.1969 -0.9018 0.3847
vn -0.1836 -0.9028 0.3889
vn -0.1647 -0.8717 0.4616
vn -0.0380 -0.8654 0.4997
vn -0.0266 -0.8434 0.5366
vn 0.3350 -0.7338 0.5910
vn 0.3521 -0.6812 0.6419
vn 0.5120 -0.5797 0.6339
vn 0.5224 -0.5305 0.6676
vn 0.5940 -0.4697 0.6531
vn 0.5981 -0.4429 0.6679
vn 0.6504 -0.3909 0.6514
vt 0.181819 0.000000
vt 0.187501 0.009841
vt 0.176137 0.009841
vt 0.272728 0.157461
vt 0.278410 0.147620
vt 0.284092 0.157461
vt 0.909091 0.000000
vt 0.914773 0.009841
vt 0.903409 0.009841
vt 0.727273 0.000000
vt 0.732955 0.009841
vt 0.721591 0.009841
vt 0.545455 0.000000
vt 0.551137 0.009841
vt 0.539773 0.009841
vt 0.278410 0.167302
vt 0.090910 0.157461
vt 0.102274 0.157461
vt 0.096592 0.167302
vt 0.818182 0.157461
vt 0.829546 0.157461
vt 0.823864 0.167302
vt 0.636364 0.157461
vt 0.647728 0.157461
vt 0.642046 0.167302
vt 0.454546 0.157461
vt 0.465910 0.157461
vt 0.460228 0.167302
vt 0.267046 0.167302
vt 0.085228 0.167302
vt 0.812500 0.167302
vt 0.630682 0.167302
vt 0.448864 0.167302
vt 0.181819 0.314921
vt 0.193183 0.314921
vt 0.187501 0.324762
vt 0.000000 0.314921
vt 0.011364 0.314921
vt 0.005682 0.324762
vt 0.727273 0.314921
vt 0.738637 0.314921
vt 0.732955 0.324762
vt 0.545455 0.314921
vt 0.556819 0.314921
vt 0.551137 0.324762
vt 0.363637 0.314921
vt 0.375001 0.314921
vt 0.369319 0.324762
vt 0.448864 0.462541
vt 0.460228 0.462541
vt 0.454546 0.472382
vt 0.443182 0.452699
vt 0.454546 0.452699
vt 0.437501 0.442858
vt 0.448864 0.442858
vt 0.431819 0.433017
vt 0.443182 0.433017
vt 0.426137 0.423175
vt 0.437501 0.423176
vt 0.420455 0.413334
vt 0.431819 0.413334
vt 0.414773 0.403493
vt 0.426137 0.403493
vt 0.409092 0.393652
vt 0.420455 0.393652
vt 0.403410 0.383810
vt 0.414773 0.383810
vt 0.397728 0.373969
vt 0.409092 0.373969
vt 0.392046 0.364128
vt 0.403410 0.364128
vt 0.386364 0.354286
vt 0.397728 0.354286
vt 0.380682 0.344445
vt 0.392046 0.344445
vt 0.375001 0.334604
vt 0.386364 0.334604
vt 0.380682 0.324762
vt 0.465910 0.452699
vt 0.460228 0.442858
vt 0.471591 0.442858
vt 0.454546 0.433017
vt 0.465910 0.433017
vt 0.477273 0.433017
vt 0.448864 0.423175
vt 0.460228 0.423175
vt 0.471591 0.423175
vt 0.482955 0.423175
vt 0.443182 0.413334
vt 0.454546 0.413334
vt 0.465910 0.413334
vt 0.477273 0.413334
vt 0.488637 0.413334
vt 0.437501 0.403493
vt 0.448864 0.403493
vt 0.460228 0.403493
vt 0.471591 0.403493
vt 0.482955 0.403493
vt 0.494319 0.403493
vt 0.431819 0.393652
vt 0.443182 0.393652
vt 0.454546 0.393652
vt 0.465910 0.393652
vt 0.477273 0.393652
vt 0.488637 0.393652
vt 0.500000 0.393652
vt 0.426137 0.383810
vt 0.437501 0.383810
vt 0.448864 0.383810
vt 0.460228 0.383810
vt 0.471591 0.383810
vt 0.482955 0.383810
vt 0.494319 0.383810
vt 0.505682 0.383810
vt 0.420455 0.373969
vt 0.431819 0.373969
vt 0.443182 0.373969
vt 0.454546 0.373969
vt 0.465910 0.373969
vt 0.477273 0.373969
vt 0.488637 0.373969
vt 0.500000 0.373969
vt 0.511364 0.373969
vt 0.414773 0.364128
vt 0.426137 0.364128
vt 0.437501 0.364128
vt 0.448864 0.364128
vt 0.460228 0.364128
vt 0.471591 0.364128
vt 0.482955 0.364128
vt 0.494319 0.364128
vt 0.505682 0.364128
vt 0.517046 0.364128
vt 0.409092 0.354286
vt 0.420455 0.354286
vt 0.431819 0.354286
vt 0.443182 0.354286
vt 0.454546 0.354286
vt 0.465910 0.354286
vt 0.477273 0.354286
vt 0.488637 0.354286
vt 0.500000 0.354286
vt 0.511364 0.354286
vt 0.522728 0.354286
vt 0.403410 0.344445
vt 0.414773 0.344445
vt 0.426137 0.344445
vt 0.437501 0.344445
vt 0.448864 0.344445
vt 0.460228 0.344445
vt 0.471591 0.344445
vt 0.482955 0.344445
vt 0.494319 0.344445
vt 0.505682 0.344445
vt 0.517046 0.344445
vt 0.528410 0.344445
vt 0.397728 0.334604
vt 0.409092 0.334604
vt 0.420455 0.334604
vt 0.431819 0.334604
vt 0.443182 0.334604
vt 0.454546 0.334604
vt 0.465910 0.334604
vt 0.477273 0.334604
vt 0.488637 0.334604
vt 0.500000 0.334604
vt 0.511364 0.334604
vt 0.522728 0.334604
vt 0.534091 0.334604
vt 0.392046 0.324762
vt 0.403410 0.324762
vt 0.414773 0.324762
vt 0.426137 0.324762
vt 0.437501 0.324762
vt 0.448864 0.324762
vt 0.460228 0.324762
vt 0.471591 0.324762
vt 0.482955 0.324762
vt 0.494319 0.324762
vt 0.505682 0.324762
vt 0.517046 0.324762
vt 0.528410 0.324762
vt 0.539773 0.324762
vt 0.386364 0.314921
vt 0.397728 0.314921
vt 0.409092 0.314921
vt 0.420455 0.314921
vt 0.431819 0.314921
vt 0.443182 0.314921
vt 0.454546 0.314921
vt 0.465910 0.314921
vt 0.477273 0.314921
vt 0.488637 0.314921
vt 0.500000 0.314921
vt 0.511364 0.314921
vt 0.522728 0.314921
vt 0.534091 0.314921
vt 0.630682 0.462541
vt 0.642046 0.462541
vt 0.636364 0.472382
vt 0.625000 0.452699
vt 0.636364 0.452699
vt 0.619318 0.442858
vt 0.630682 0.442858
vt 0.613637 0.433017
vt 0.625000 0.433017
vt 0.607955 0.423175
vt 0.619318 0.423175
vt 0.602273 0.413334
vt 0.613637 0.413334
vt 0.596591 0.403493
vt 0.607955 0.403493
vt 0.590909 0.393652
vt 0.602273 0.393652
vt 0.585228 0.383810
vt 0.596591 0.383810
vt 0.579546 0.373969
vt 0.590909 0.373969
vt 0.573864 0.364128
vt 0.585228 0.364128
vt 0.568182 0.354286
vt 0.579546 0.354286
vt 0.562500 0.344445
vt 0.573864 0.344445
vt 0.556819 0.334604
vt 0.568182 0.334604
vt 0.562500 0.324762
vt 0.647728 0.452699
vt 0.642046 0.442858
vt 0.653409 0.442858
vt 0.636364 0.433017
vt 0.647728 0.433017
vt 0.659091 0.433017
vt 0.630682 0.423175
vt 0.642046 0.423175
vt 0.653409 0.423175
vt 0.664773 0.423175
vt 0.625000 0.413334
vt 0.636364 0.413334
vt 0.647728 0.413334
vt 0.659091 0.413334
vt 0.670455 0.413334
vt 0.619318 0.403493
vt 0.630682 0.403493
vt 0.642046 0.403493
vt 0.653409 0.403493
vt 0.664773 0.403493
vt 0.676137 0.403493
vt 0.613637 0.393652
vt 0.625000 0.393652
vt 0.636364 0.393652
vt 0.647728 0.393652
vt 0.659091 0.393652
vt 0.670455 0.393652
vt 0.681818 0.393652
vt 0.607955 0.383810
vt 0.619319 0.383810
vt 0.630682 0.383810
vt 0.642046 0.383810
vt 0.653409 0.383810
vt 0.664773 0.383810
vt 0.676137 0.383810
vt 0.687500 0.383810
vt 0.602273 0.373969
vt 0.613637 0.373969
vt 0.625000 0.373969
vt 0.636364 0.373969
vt 0.647728 0.373969
vt 0.659091 0.373969
vt 0.670455 0.373969
vt 0.681818 0.373969
vt 0.693182 0.373969
vt 0.596591 0.364128
vt 0.607955 0.364128
vt 0.619318 0.364128
vt 0.630682 0.364128
vt 0.642046 0.364128
vt 0.653409 0.364128
vt 0.664773 0.364128
vt 0.676137 0.364128
vt 0.687500 0.364128
vt 0.698864 0.364128
vt 0.590909 0.354286
vt 0.602273 0.354286
vt 0.613637 0.354286
vt 0.625000 0.354286
vt 0.636364 0.354286
vt 0.647728 0.354286
vt 0.659091 0.354286
vt 0.670455 0.354286
vt 0.681818 0.354286
vt 0.693182 0.354286
vt 0.704546 0.354286
vt 0.585228 0.344445
vt 0.596591 0.344445
vt 0.607955 0.344445
vt 0.619319 0.344445
vt 0.630682 0.344445
vt 0.642046 0.344445
vt 0.653409 0.344445
vt 0.664773 0.344445
vt 0.676137 0.344445
vt 0.687500 0.344445
vt 0.698864 0.344445
vt 0.710228 0.344445
vt 0.579546 0.334604
vt 0.590909 0.334604
vt 0.602273 0.334604
vt 0.613637 0.334604
vt 0.625000 0.334604
vt 0.636364 0.334604
vt 0.647728 0.334604
vt 0.659091 0.334604
vt 0.670455 0.334604
vt 0.681818 0.334604
vt 0.693182 0.334604
vt 0.704546 0.334604
vt 0.715909 0.334604
vt 0.573864 0.324762
vt 0.585228 0.324762
vt 0.596591 0.324762
vt 0.607955 0.324762
vt 0.619319 0.324762
vt 0.630682 0.324762
vt 0.642046 0.324762
vt 0.653409 0.324762
vt 0.664773 0.324762
vt 0.676137 0.324762
vt 0.687500 0.324762
vt 0.698864 0.324762
vt 0.710227 0.324762
vt 0.721591 0.324762
vt 0.568182 0.314921
vt 0.579546 0.314921
vt 0.590909 0.314921
vt 0.602273 0.314921
vt 0.613637 0.314921
vt 0.625000 0.314921
vt 0.636364 0.314921
vt 0.647728 0.314921
vt 0.659091 0.314921
vt 0.670455 0.314921
vt 0.681818 0.314921
vt 0.693182 0.314921
vt 0.704546 0.314921
vt 0.715909 0.314921
vt 0.812500 0.462541
vt 0.823864 0.462541
vt 0.818182 0.472382
vt 0.806818 0.452699
vt 0.818182 0.452699
vt 0.801137 0.442858
vt 0.812500 0.442858
vt 0.795455 0.433017
vt 0.806818 0.433017
vt 0.789773 0.423175
vt 0.801137 0.423175
vt 0.784091 0.413334
vt 0.795455 0.413334
vt 0.778409 0.403493
vt 0.789773 0.403493
vt 0.772727 0.393652
vt 0.784091 0.393652
vt 0.767046 0.383810
vt 0.778409 0.383810
vt 0.761364 0.373969
vt 0.772727 0.373969
vt 0.755682 0.364128
vt 0.767046 0.364128
vt 0.750000 0.354286
vt 0.761364 0.354286
vt 0.744318 0.344445
vt 0.755682 0.344445
vt 0.738637 0.334604
vt 0.750000 0.334604
vt 0.744318 0.324762
vt 0.829546 0.452699
vt 0.823864 0.442858
vt 0.835227 0.442858
vt 0.818182 0.433017
vt 0.829546 0.433017
vt 0.840909 0.433017
vt 0.812500 0.423175
vt 0.823864 0.423175
vt 0.835227 0.423175
vt 0.846591 0.423175
vt 0.806818 0.413334
vt 0.818182 0.413334
vt 0.829546 0.413334
vt 0.840909 0.413334
vt 0.852273 0.413334
vt 0.801137 0.403493
vt 0.812500 0.403493
vt 0.823864 0.403493
vt 0.835227 0.403493
vt 0.846591 0.403493
vt 0.857955 0.403493
vt 0.795455 0.393652
vt 0.806818 0.393652
vt 0.818182 0.393652
vt 0.829546 0.393652
vt 0.840909 0.393652
vt 0.852273 0.393652
vt 0.863636 0.393652
vt 0.789773 0.383810
vt 0.801137 0.383810
vt 0.812500 0.383810
vt 0.823864 0.383810
vt 0.835227 0.383810
vt 0.846591 0.383810
vt 0.857955 0.383810
vt 0.869318 0.383810
vt 0.784091 0.373969
vt 0.795455 0.373969
vt 0.806818 0.373969
vt 0.818182 0.373969
vt 0.829546 0.373969
vt 0.840909 0.373969
vt 0.852273 0.373969
vt 0.863636 0.373969
vt 0.875000 0.373969
vt 0.778409 0.364128
vt 0.789773 0.364128
vt 0.801136 0.364128
vt 0.812500 0.364128
vt 0.823864 0.364128
vt 0.835227 0.364128
vt 0.846591 0.364128
vt 0.857955 0.364128
vt 0.869318 0.364128
vt 0.880682 0.364128
vt 0.772727 0.354286
vt 0.784091 0.354286
vt 0.795455 0.354286
vt 0.806818 0.354286
vt 0.818182 0.354286
vt 0.829546 0.354286
vt 0.840909 0.354286
vt 0.852273 0.354286
vt 0.863636 0.354286
vt 0.875000 0.354286
vt 0.886364 0.354286
vt 0.767046 0.344445
vt 0.778409 0.344445
vt 0.789773 0.344445
vt 0.801136 0.344445
vt 0.812500 0.344445
vt 0.823864 0.344445
vt 0.835227 0.344445
vt 0.846591 0.344445
vt 0.857955 0.344445
vt 0.869318 0.344445
vt 0.880682 0.344445
vt 0.892046 0.344445
vt 0.761364 0.334604
vt 0.772727 0.334604
vt 0.784091 0.334604
vt 0.795455 0.334604
vt 0.806818 0.334604
vt 0.818182 0.334604
vt 0.829546 0.334604
vt 0.840909 0.334604
vt 0.852273 0.334604
vt 0.863636 0.334604
vt 0.875000 0.334604
vt 0.886364 0.334604
vt 0.897727 0.334604
vt 0.755682 0.324762
vt 0.767046 0.324762
vt 0.778409 0.324762
vt 0.789773 0.324762
vt 0.801137 0.324762
vt 0.812500 0.324762
vt 0.823864 0.324762
vt 0.835227 0.324762
vt 0.846591 0.324762
vt 0.857955 0.324762
vt 0.869318 0.324762
vt 0.880682 0.324762
vt 0.892045 0.324762
vt 0.903409 0.324762
vt 0.750000 0.314921
vt 0.761364 0.314921
vt 0.772727 0.314921
vt 0.784091 0.314921
vt 0.795455 0.314921
vt 0.806818 0.314921
vt 0.818182 0.314921
vt 0.829546 0.314921
vt 0.840909 0.314921
vt 0.852273 0.314921
vt 0.863636 0.314921
vt 0.875000 0.314921
vt 0.886364 0.314921
vt 0.897727 0.314921
vt 0.909091 0.314921
vt 0.085228 0.462541
vt 0.096592 0.462541
vt 0.090910 0.472382
vt 0.079546 0.452699
vt 0.090910 0.452699
vt 0.073864 0.442858
vt 0.085228 0.442858
vt 0.068183 0.433017
vt 0.079546 0.433017
vt 0.062501 0.423175
vt 0.073864 0.423175
vt 0.056819 0.413334
vt 0.068182 0.413334
vt 0.051137 0.403493
vt 0.062501 0.403493
vt 0.045455 0.393652
vt 0.056819 0.393652
vt 0.039773 0.383810
vt 0.051137 0.383810
vt 0.034091 0.373969
vt 0.045455 0.373969
vt 0.028409 0.364128
vt 0.039773 0.364128
vt 0.022728 0.354286
vt 0.034091 0.354286
vt 0.017046 0.344445
vt 0.028409 0.344445
vt 0.011364 0.334604
vt 0.022727 0.334604
vt 0.017046 0.324762
vt 0.102274 0.452699
vt 0.096592 0.442858
vt 0.107955 0.442858
vt 0.090910 0.433017
vt 0.102274 0.433017
vt 0.113637 0.433017
vt 0.085228 0.423175
vt 0.096592 0.423175
vt 0.107955 0.423175
vt 0.119319 0.423175
vt 0.079546 0.413334
vt 0.090910 0.413334
vt 0.102274 0.413334
vt 0.113637 0.413334
vt 0.125001 0.413334
vt 0.073864 0.403493
vt 0.085228 0.403493
vt 0.096592 0.403493
vt 0.107955 0.403493
vt 0.119319 0.403493
vt 0.130683 0.403493
vt 0.068182 0.393652
vt 0.079546 0.393652
vt 0.090910 0.393652
vt 0.102273 0.393652
vt 0.113637 0.393652
vt 0.125001 0.393652
vt 0.136365 0.393652
vt 0.062500 0.383810
vt 0.073864 0.383810
vt 0.085228 0.383810
vt 0.096592 0.383810
vt 0.107955 0.383810
vt 0.119319 0.383810
vt 0.130683 0.383810
vt 0.142046 0.383810
vt 0.056819 0.373969
vt 0.068182 0.373969
vt 0.079546 0.373969
vt 0.090910 0.373969
vt 0.102273 0.373969
vt 0.113637 0.373969
vt 0.125001 0.373969
vt 0.136364 0.373969
vt 0.147728 0.373969
vt 0.051137 0.364128
vt 0.062500 0.364128
vt 0.073864 0.364128
vt 0.085228 0.364128
vt 0.096592 0.364128
vt 0.107955 0.364128
vt 0.119319 0.364128
vt 0.130683 0.364128
vt 0.142046 0.364128
vt 0.153410 0.364128
vt 0.045455 0.354286
vt 0.056819 0.354286
vt 0.068182 0.354286
vt 0.079546 0.354286
vt 0.090910 0.354286
vt 0.102273 0.354286
vt 0.113637 0.354286
vt 0.125001 0.354286
vt 0.136364 0.354286
vt 0.147728 0.354286
vt 0.159092 0.354286
vt 0.039773 0.344445
vt 0.051137 0.344445
vt 0.062500 0.344445
vt 0.073864 0.344445
vt 0.085228 0.344445
vt 0.096591 0.344445
vt 0.107955 0.344445
vt 0.119319 0.344445
vt 0.130683 0.344445
vt 0.142046 0.344445
vt 0.153410 0.344445
vt 0.164774 0.344445
vt 0.034091 0.334604
vt 0.045455 0.334604
vt 0.056819 0.334604
vt 0.068182 0.334604
vt 0.079546 0.334604
vt 0.090910 0.334604
vt 0.102273 0.334604
vt 0.113637 0.334604
vt 0.125001 0.334604
vt 0.136364 0.334604
vt 0.147728 0.334604
vt 0.159092 0.334604
vt 0.170455 0.334604
vt 0.028409 0.324762
vt 0.039773 0.324762
vt 0.051137 0.324762
vt 0.062500 0.324762
vt 0.073864 0.324762
vt 0.085228 0.324762
vt 0.096591 0.324762
vt 0.107955 0.324762
vt 0.119319 0.324762
vt 0.130682 0.324762
vt 0.142046 0.324762
vt 0.153410 0.324762
vt 0.164773 0.324762
vt 0.176137 0.324762
vt 0.022727 0.314921
vt 0.034091 0.314921
vt 0.045455 0.314921
vt 0.056818 0.314921
vt 0.068182 0.314921
vt 0.079546 0.314921
vt 0.090910 0.314921
vt 0.102273 0.314921
vt 0.113637 0.314921
vt 0.125001 0.314921
vt 0.136364 0.314921
vt 0.147728 0.314921
vt 0.159092 0.314921
vt 0.170455 0.314921
vt 0.267046 0.462541
vt 0.278410 0.462541
vt 0.272728 0.472382
vt 0.261364 0.452699
vt 0.272728 0.452699
vt 0.255683 0.442858
vt 0.267046 0.442858
vt 0.250001 0.433017
vt 0.261364 0.433017
vt 0.244319 0.423175
vt 0.255683 0.423175
vt 0.238637 0.413334
vt 0.250001 0.413334
vt 0.232955 0.403493
vt 0.244319 0.403493
vt 0.227273 0.393652
vt 0.238637 0.393652
vt 0.221592 0.383810
vt 0.232955 0.383810
vt 0.215910 0.373969
vt 0.227273 0.373969
vt 0.210228 0.364128
vt 0.221592 0.364128
vt 0.204546 0.354286
vt 0.215910 0.354286
vt 0.198864 0.344445
vt 0.210228 0.344445
vt 0.193183 0.334604
vt 0.204546 0.334604
vt 0.198864 0.324762
vt 0.284092 0.452699
vt 0.278410 0.442858
vt 0.289773 0.442858
vt 0.272728 0.433017
vt 0.284092 0.433017
vt 0.295455 0.433017
vt 0.267046 0.423175
vt 0.278410 0.423175
vt 0.289773 0.423175
vt 0.301137 0.423175
vt 0.261364 0.413334
vt 0.272728 0.413334
vt 0.284092 0.413334
vt 0.295455 0.413334
vt 0.306819 0.413334
vt 0.255683 0.403493
vt 0.267046 0.403493
vt 0.278410 0.403493
vt 0.289773 0.403493
vt 0.301137 0.403493
vt 0.312501 0.403493
vt 0.250001 0.393652
vt 0.261364 0.393652
vt 0.272728 0.393652
vt 0.284092 0.393652
vt 0.295455 0.393652
vt 0.306819 0.393652
vt 0.318182 0.393652
vt 0.244319 0.383810
vt 0.255683 0.383810
vt 0.267046 0.383810
vt 0.278410 0.383810
vt 0.289773 0.383810
vt 0.301137 0.383810
vt 0.312501 0.383810
vt 0.323864 0.383810
vt 0.238637 0.373969
vt 0.250001 0.373969
vt 0.261364 0.373969
vt 0.272728 0.373969
vt 0.284092 0.373969
vt 0.295455 0.373969
vt 0.306819 0.373969
vt 0.318182 0.373969
vt 0.329546 0.373969
vt 0.232955 0.364128
vt 0.244319 0.364128
vt 0.255683 0.364128
vt 0.267046 0.364128
vt 0.278410 0.364128
vt 0.289773 0.364128
vt 0.301137 0.364128
vt 0.312501 0.364128
vt 0.323864 0.364128
vt 0.335228 0.364128
vt 0.227273 0.354286
vt 0.238637 0.354286
vt 0.250001 0.354286
vt 0.261364 0.354286
vt 0.272728 0.354286
vt 0.284092 0.354286
vt 0.295455 0.354286
vt 0.306819 0.354286
vt 0.318182 0.354286
vt 0.329546 0.354286
vt 0.340910 0.354286
vt 0.221592 0.344445
vt 0.232955 0.344445
vt 0.244319 0.344445
vt 0.255683 0.344445
vt 0.267046 0.344445
vt 0.278410 0.344445
vt 0.289773 0.344445
vt 0.301137 0.344445
vt 0.312501 0.344445
vt 0.323864 0.344445
vt 0.335228 0.344445
vt 0.346592 0.344445
vt 0.215910 0.334604
vt 0.227273 0.334604
vt 0.238637 0.334604
vt 0.250001 0.334604
vt 0.261364 0.334604
vt 0.272728 0.334604
vt 0.284092 0.334604
vt 0.295455 0.334604
vt 0.306819 0.334604
vt 0.318182 0.334604
vt 0.329546 0.334604
vt 0.340910 0.334604
vt 0.352273 0.334604
vt 0.210228 0.324762
vt 0.221592 0.324762
vt 0.232955 0.324762
vt 0.244319 0.324762
vt 0.255683 0.324762
vt 0.267046 0.324762
vt 0.278410 0.324762
vt 0.289773 0.324762
vt 0.301137 0.324762
vt 0.312501 0.324762
vt 0.323864 0.324762
vt 0.335228 0.324762
vt 0.346592 0.324762
vt 0.357955 0.324762
vt 0.204546 0.314921
vt 0.215910 0.314921
vt 0.227273 0.314921
vt 0.238637 0.314921
vt 0.250001 0.314921
vt 0.261364 0.314921
vt 0.272728 0.314921
vt 0.284092 0.314921
vt 0.295455 0.314921
vt 0.306819 0.314921
vt 0.318182 0.314921
vt 0.329546 0.314921
vt 0.340910 0.314921
vt 0.352273 0.314921
vt 0.369319 0.305080
vt 0.375001 0.295238
vt 0.380682 0.305080
vt 0.380682 0.285397
vt 0.386364 0.295238
vt 0.386364 0.275556
vt 0.392046 0.285397
vt 0.392046 0.265715
vt 0.397728 0.275556
vt 0.397728 0.255874
vt 0.403410 0.265715
vt 0.403410 0.246032
vt 0.409091 0.255874
vt 0.409091 0.236191
vt 0.414773 0.246032
vt 0.414773 0.226350
vt 0.420455 0.236191
vt 0.420455 0.216509
vt 0.426137 0.226350
vt 0.426137 0.206667
vt 0.431819 0.216509
vt 0.431819 0.196826
vt 0.437501 0.206667
vt 0.437501 0.186985
vt 0.443182 0.196826
vt 0.443182 0.177143
vt 0.448864 0.186985
vt 0.454546 0.177143
vt 0.392046 0.305080
vt 0.397728 0.295238
vt 0.403410 0.305080
vt 0.403410 0.285397
vt 0.409091 0.295238
vt 0.414773 0.305080
vt 0.409091 0.275556
vt 0.414773 0.285397
vt 0.420455 0.295238
vt 0.426137 0.305080
vt 0.414773 0.265715
vt 0.420455 0.275556
vt 0.426137 0.285397
vt 0.431819 0.295238
vt 0.437500 0.305080
vt 0.420455 0.255874
vt 0.426137 0.265715
vt 0.431819 0.275556
vt 0.437501 0.285397
vt 0.443182 0.295238
vt 0.448864 0.305080
vt 0.426137 0.246032
vt 0.431819 0.255874
vt 0.437501 0.265715
vt 0.443182 0.275556
vt 0.448864 0.285397
vt 0.454546 0.295238
vt 0.460228 0.305080
vt 0.431819 0.236191
vt 0.437501 0.246032
vt 0.443182 0.255874
vt 0.448864 0.265715
vt 0.454546 0.275556
vt 0.460228 0.285397
vt 0.465910 0.295238
vt 0.471591 0.305080
vt 0.437501 0.226350
vt 0.443182 0.236191
vt 0.448864 0.246032
vt 0.454546 0.255874
vt 0.460228 0.265715
vt 0.465910 0.275556
vt 0.471591 0.285397
vt 0.477273 0.295238
vt 0.482955 0.305080
vt 0.443182 0.216509
vt 0.448864 0.226350
vt 0.454546 0.236191
vt 0.460228 0.246032
vt 0.465910 0.255874
vt 0.471591 0.265715
vt 0.477273 0.275556
vt 0.482955 0.285397
vt 0.488637 0.295238
vt 0.494319 0.305080
vt 0.448864 0.206667
vt 0.454546 0.216509
vt 0.460228 0.226350
vt 0.465910 0.236191
vt 0.471591 0.246032
vt 0.477273 0.255874
vt 0.482955 0.265715
vt 0.488637 0.275556
vt 0.494319 0.285397
vt 0.500000 0.295238
vt 0.505682 0.305080
vt 0.454546 0.196826
vt 0.460228 0.206667
vt 0.465910 0.216509
vt 0.471591 0.226350
vt 0.477273 0.236191
vt 0.482955 0.246032
vt 0.488637 0.255874
vt 0.494319 0.265715
vt 0.500000 0.275556
vt 0.505682 0.285397
vt 0.511364 0.295238
vt 0.517046 0.305080
vt 0.460228 0.186985
vt 0.465910 0.196826
vt 0.471591 0.206667
vt 0.477273 0.216509
vt 0.482955 0.226350
vt 0.488637 0.236191
vt 0.494319 0.246032
vt 0.500000 0.255874
vt 0.505682 0.265715
vt 0.511364 0.275556
vt 0.517046 0.285397
vt 0.522728 0.295238
vt 0.528410 0.305080
vt 0.465910 0.177143
vt 0.471591 0.186985
vt 0.477273 0.196826
vt 0.482955 0.206667
vt 0.488637 0.216508
vt 0.494319 0.226350
vt 0.500000 0.236191
vt 0.505682 0.246032
vt 0.511364 0.255873
vt 0.517046 0.265715
vt 0.522728 0.275556
vt 0.528410 0.285397
vt 0.534091 0.295238
vt 0.539773 0.305080
vt 0.551137 0.305080
vt 0.556819 0.295238
vt 0.562500 0.305080
vt 0.562500 0.285397
vt 0.568182 0.295238
vt 0.568182 0.275556
vt 0.573864 0.285397
vt 0.573864 0.265715
vt 0.579546 0.275556
vt 0.579546 0.255874
vt 0.585228 0.265715
vt 0.585228 0.246032
vt 0.590909 0.255874
vt 0.590909 0.236191
vt 0.596591 0.246032
vt 0.596591 0.226350
vt 0.602273 0.236191
vt 0.602273 0.216509
vt 0.607955 0.226350
vt 0.607955 0.206667
vt 0.613637 0.216509
vt 0.613637 0.196826
vt 0.619318 0.206667
vt 0.619318 0.186985
vt 0.625000 0.196826
vt 0.625000 0.177143
vt 0.630682 0.186985
vt 0.636364 0.177143
vt 0.573864 0.305080
vt 0.579546 0.295238
vt 0.585228 0.305080
vt 0.585228 0.285397
vt 0.590909 0.295238
vt 0.596591 0.305080
vt 0.590909 0.275556
vt 0.596591 0.285397
vt 0.602273 0.295238
vt 0.607955 0.305080
vt 0.596591 0.265715
vt 0.602273 0.275556
vt 0.607955 0.285397
vt 0.613637 0.295238
vt 0.619318 0.305080
vt 0.602273 0.255874
vt 0.607955 0.265715
vt 0.613637 0.275556
vt 0.619318 0.285397
vt 0.625000 0.295238
vt 0.630682 0.305080
vt 0.607955 0.246032
vt 0.613637 0.255874
vt 0.619318 0.265715
vt 0.625000 0.275556
vt 0.630682 0.285397
vt 0.636364 0.295238
vt 0.642046 0.305080
vt 0.613637 0.236191
vt 0.619318 0.246032
vt 0.625000 0.255874
vt 0.630682 0.265715
vt 0.636364 0.275556
vt 0.642046 0.285397
vt 0.647727 0.295238
vt 0.653409 0.305080
vt 0.619318 0.226350
vt 0.625000 0.236191
vt 0.630682 0.246032
vt 0.636364 0.255874
vt 0.642046 0.265715
vt 0.647728 0.275556
vt 0.653409 0.285397
vt 0.659091 0.295238
vt 0.664773 0.305080
vt 0.625000 0.216509
vt 0.630682 0.226350
vt 0.636364 0.236191
vt 0.642046 0.246032
vt 0.647727 0.255874
vt 0.653409 0.265715
vt 0.659091 0.275556
vt 0.664773 0.285397
vt 0.670455 0.295238
vt 0.676137 0.305080
vt 0.630682 0.206667
vt 0.636364 0.216509
vt 0.642046 0.226350
vt 0.647727 0.236191
vt 0.653409 0.246032
vt 0.659091 0.255874
vt 0.664773 0.265715
vt 0.670455 0.275556
vt 0.676137 0.285397
vt 0.681818 0.295238
vt 0.687500 0.305080
vt 0.636364 0.196826
vt 0.642046 0.206667
vt 0.647728 0.216509
vt 0.653409 0.226350
vt 0.659091 0.236191
vt 0.664773 0.246032
vt 0.670455 0.255874
vt 0.676137 0.265715
vt 0.681819 0.275556
vt 0.687500 0.285397
vt 0.693182 0.295238
vt 0.698864 0.305080
vt 0.642046 0.186985
vt 0.647728 0.196826
vt 0.653409 0.206667
vt 0.659091 0.216509
vt 0.664773 0.226350
vt 0.670455 0.236191
vt 0.676137 0.246032
vt 0.681818 0.255874
vt 0.687500 0.265715
vt 0.693182 0.275556
vt 0.698864 0.285397
vt 0.704546 0.295238
vt 0.710228 0.305080
vt 0.647728 0.177143
vt 0.653409 0.186985
vt 0.659091 0.196826
vt 0.664773 0.206667
vt 0.670455 0.216508
vt 0.676137 0.226350
vt 0.681818 0.236191
vt 0.687500 0.246032
vt 0.693182 0.255873
vt 0.698864 0.265715
vt 0.704546 0.275556
vt 0.710228 0.285397
vt 0.715909 0.295238
vt 0.721591 0.305080
vt 0.732955 0.305080
vt 0.738637 0.295238
vt 0.744318 0.305080
vt 0.744318 0.285397
vt 0.750000 0.295238
vt 0.750000 0.275556
vt 0.755682 0.285397
vt 0.755682 0.265715
vt 0.761364 0.275556
vt 0.761364 0.255874
vt 0.767046 0.265715
vt 0.767046 0.246032
vt 0.772727 0.255874
vt 0.772727 0.236191
vt 0.778409 0.246032
vt 0.778409 0.226350
vt 0.784091 0.236191
vt 0.784091 0.216509
vt 0.789773 0.226350
vt 0.789773 0.206667
vt 0.795455 0.216509
vt 0.795455 0.196826
vt 0.801137 0.206667
vt 0.801137 0.186985
vt 0.806818 0.196826
vt 0.806818 0.177143
vt 0.812500 0.186985
vt 0.818182 0.177143
vt 0.755682 0.305080
vt 0.761364 0.295238
vt 0.767046 0.305080
vt 0.767046 0.285397
vt 0.772727 0.295238
vt 0.778409 0.305080
vt 0.772727 0.275556
vt 0.778409 0.285397
vt 0.784091 0.295238
vt 0.789773 0.305080
vt 0.778409 0.265715
vt 0.784091 0.275556
vt 0.789773 0.285397
vt 0.795455 0.295238
vt 0.801137 0.305080
vt 0.784091 0.255874
vt 0.789773 0.265715
vt 0.795455 0.275556
vt 0.801137 0.285397
vt 0.806818 0.295238
vt 0.812500 0.305080
vt 0.789773 0.246032
vt 0.795455 0.255874
vt 0.801137 0.265715
vt 0.806818 0.275556
vt 0.812500 0.285397
vt 0.818182 0.295238
vt 0.823864 0.305080
vt 0.795455 0.236191
vt 0.801136 0.246032
vt 0.806818 0.255874
vt 0.812500 0.265715
vt 0.818182 0.275556
vt 0.823864 0.285397
vt 0.829545 0.295238
vt 0.835227 0.305080
vt 0.801137 0.226350
vt 0.806818 0.236191
vt 0.812500 0.246032
vt 0.818182 0.255874
vt 0.823864 0.265715
vt 0.829546 0.275556
vt 0.835227 0.285397
vt 0.840909 0.295238
vt 0.846591 0.305080
vt 0.806818 0.216509
vt 0.812500 0.226350
vt 0.818182 0.236191
vt 0.823864 0.246032
vt 0.829546 0.255874
vt 0.835227 0.265715
vt 0.840909 0.275556
vt 0.846591 0.285397
vt 0.852273 0.295238
vt 0.857955 0.305080
vt 0.812500 0.206667
vt 0.818182 0.216509
vt 0.823864 0.226350
vt 0.829546 0.236191
vt 0.835227 0.246032
vt 0.840909 0.255874
vt 0.846591 0.265715
vt 0.852273 0.275556
vt 0.857955 0.285397
vt 0.863636 0.295238
vt 0.869318 0.305080
vt 0.818182 0.196826
vt 0.823864 0.206667
vt 0.829546 0.216509
vt 0.835227 0.226350
vt 0.840909 0.236191
vt 0.846591 0.246032
vt 0.852273 0.255874
vt 0.857955 0.265715
vt 0.863636 0.275556
vt 0.869318 0.285397
vt 0.875000 0.295238
vt 0.880682 0.305080
vt 0.823864 0.186985
vt 0.829546 0.196826
vt 0.835227 0.206667
vt 0.840909 0.216509
vt 0.846591 0.226350
vt 0.852273 0.236191
vt 0.857955 0.246032
vt 0.863636 0.255874
vt 0.869318 0.265715
vt 0.875000 0.275556
vt 0.880682 0.285397
vt 0.886364 0.295238
vt 0.892046 0.305080
vt 0.829546 0.177143
vt 0.835227 0.186985
vt 0.840909 0.196826
vt 0.846591 0.206667
vt 0.852273 0.216508
vt 0.857955 0.226350
vt 0.863636 0.236191
vt 0.869318 0.246032
vt 0.875000 0.255873
vt 0.880682 0.265715
vt 0.886364 0.275556
vt 0.892046 0.285397
vt 0.897727 0.295238
vt 0.903409 0.305080
vt 0.005682 0.305080
vt 0.011364 0.295238
vt 0.017046 0.305080
vt 0.017046 0.285397
vt 0.022727 0.295238
vt 0.022728 0.275556
vt 0.028409 0.285397
vt 0.028409 0.265715
vt 0.034091 0.275556
vt 0.034091 0.255874
vt 0.039773 0.265715
vt 0.039773 0.246032
vt 0.045455 0.255874
vt 0.045455 0.236191
vt 0.051137 0.246032
vt 0.051137 0.226350
vt 0.056819 0.236191
vt 0.056819 0.216509
vt 0.062501 0.226350
vt 0.062501 0.206667
vt 0.068182 0.216509
vt 0.068183 0.196826
vt 0.073864 0.206667
vt 0.073864 0.186985
vt 0.079546 0.196826
vt 0.079546 0.177143
vt 0.085228 0.186985
vt 0.090910 0.177143
vt 0.028409 0.305080
vt 0.034091 0.295238
vt 0.039773 0.305080
vt 0.039773 0.285397
vt 0.045455 0.295238
vt 0.051137 0.305080
vt 0.045455 0.275556
vt 0.051137 0.285397
vt 0.056819 0.295238
vt 0.062500 0.305080
vt 0.051137 0.265715
vt 0.056819 0.275556
vt 0.062500 0.285397
vt 0.068182 0.295238
vt 0.073864 0.305080
vt 0.056819 0.255874
vt 0.062500 0.265715
vt 0.068182 0.275556
vt 0.073864 0.285397
vt 0.079546 0.295238
vt 0.085228 0.305080
vt 0.062501 0.246032
vt 0.068182 0.255874
vt 0.073864 0.265715
vt 0.079546 0.275556
vt 0.085228 0.285397
vt 0.090910 0.295238
vt 0.096591 0.305080
vt 0.068182 0.236191
vt 0.073864 0.246032
vt 0.079546 0.255874
vt 0.085228 0.265715
vt 0.090910 0.275556
vt 0.096591 0.285397
vt 0.102273 0.295238
vt 0.107955 0.305080
vt 0.073864 0.226350
vt 0.079546 0.236191
vt 0.085228 0.246032
vt 0.090910 0.255874
vt 0.096592 0.265715
vt 0.102273 0.275556
vt 0.107955 0.285397
vt 0.113637 0.295238
vt 0.119319 0.305080
vt 0.079546 0.216509
vt 0.085228 0.226350
vt 0.090910 0.236191
vt 0.096592 0.246032
vt 0.102273 0.255874
vt 0.107955 0.265715
vt 0.113637 0.275556
vt 0.119319 0.285397
vt 0.125001 0.295238
vt 0.130682 0.305080
vt 0.085228 0.206667
vt 0.090910 0.216509
vt 0.096592 0.226350
vt 0.102273 0.236191
vt 0.107955 0.246032
vt 0.113637 0.255874
vt 0.119319 0.265715
vt 0.125001 0.275556
vt 0.130683 0.285397
vt 0.136364 0.295238
vt 0.142046 0.305080
vt 0.090910 0.196826
vt 0.096592 0.206667
vt 0.102274 0.216509
vt 0.107955 0.226350
vt 0.113637 0.236191
vt 0.119319 0.246032
vt 0.125001 0.255874
vt 0.130683 0.265715
vt 0.136364 0.275556
vt 0.142046 0.285397
vt 0.147728 0.295238
vt 0.153410 0.305080
vt 0.096592 0.186985
vt 0.102274 0.196826
vt 0.107955 0.206667
vt 0.113637 0.216509
vt 0.119319 0.226350
vt 0.125001 0.236191
vt 0.130683 0.246032
vt 0.136364 0.255874
vt 0.142046 0.265715
vt 0.147728 0.275556
vt 0.153410 0.285397
vt 0.159092 0.295238
vt 0.164773 0.305080
vt 0.102274 0.177143
vt 0.107955 0.186985
vt 0.113637 0.196826
vt 0.119319 0.206667
vt 0.125001 0.216508
vt 0.130683 0.226350
vt 0.136365 0.236191
vt 0.142046 0.246032
vt 0.147728 0.255873
vt 0.153410 0.265715
vt 0.159092 0.275556
vt 0.164774 0.285397
vt 0.170455 0.295238
vt 0.176137 0.305080
vt 0.187501 0.305080
vt 0.193183 0.295238
vt 0.198864 0.305080
vt 0.198864 0.285397
vt 0.204546 0.295238
vt 0.204546 0.275556
vt 0.210228 0.285397
vt 0.210228 0.265715
vt 0.215910 0.275556
vt 0.215910 0.255874
vt 0.221592 0.265715
vt 0.221592 0.246032
vt 0.227273 0.255874
vt 0.227273 0.236191
vt 0.232955 0.246032
vt 0.232955 0.226350
vt 0.238637 0.236191
vt 0.238637 0.216509
vt 0.244319 0.226350
vt 0.244319 0.206667
vt 0.250001 0.216509
vt 0.250001 0.196826
vt 0.255683 0.206667
vt 0.255683 0.186985
vt 0.261364 0.196826
vt 0.261364 0.177143
vt 0.267046 0.186985
vt 0.272728 0.177143
vt 0.210228 0.305080
vt 0.215910 0.295238
vt 0.221592 0.305080
vt 0.221592 0.285397
vt 0.227273 0.295238
vt 0.232955 0.305080
vt 0.227273 0.275556
vt 0.232955 0.285397
vt 0.238637 0.295238
vt 0.244319 0.305080
vt 0.232955 0.265715
vt 0.238637 0.275556
vt 0.244319 0.285397
vt 0.250001 0.295238
vt 0.255683 0.305080
vt 0.238637 0.255874
vt 0.244319 0.265715
vt 0.250001 0.275556
vt 0.255683 0.285397
vt 0.261364 0.295238
vt 0.267046 0.305080
vt 0.244319 0.246032
vt 0.250001 0.255874
vt 0.255683 0.265715
vt 0.261364 0.275556
vt 0.267046 0.285397
vt 0.272728 0.295238
vt 0.278410 0.305080
vt 0.250001 0.236191
vt 0.255683 0.246032
vt 0.261364 0.255874
vt 0.267046 0.265715
vt 0.272728 0.275556
vt 0.278410 0.285397
vt 0.284092 0.295238
vt 0.289773 0.305080
vt 0.255683 0.226350
vt 0.261364 0.236191
vt 0.267046 0.246032
vt 0.272728 0.255874
vt 0.278410 0.265715
vt 0.284092 0.275556
vt 0.289773 0.285397
vt 0.295455 0.295238
vt 0.301137 0.305080
vt 0.261364 0.216509
vt 0.267046 0.226350
vt 0.272728 0.236191
vt 0.278410 0.246032
vt 0.284092 0.255874
vt 0.289773 0.265715
vt 0.295455 0.275556
vt 0.301137 0.285397
vt 0.306819 0.295238
vt 0.312501 0.305080
vt 0.267046 0.206667
vt 0.272728 0.216509
vt 0.278410 0.226350
vt 0.284092 0.236191
vt 0.289773 0.246032
vt 0.295455 0.255874
vt 0.301137 0.265715
vt 0.306819 0.275556
vt 0.312501 0.285397
vt 0.318182 0.295238
vt 0.323864 0.305080
vt 0.272728 0.196826
vt 0.278410 0.206667
vt 0.284092 0.216509
vt 0.289773 0.226350
vt 0.295455 0.236191
vt 0.301137 0.246032
vt 0.306819 0.255874
vt 0.312501 0.265715
vt 0.318183 0.275556
vt 0.323864 0.285397
vt 0.329546 0.295238
vt 0.335228 0.305080
vt 0.278410 0.186985
vt 0.284092 0.196826
vt 0.289773 0.206667
vt 0.295455 0.216509
vt 0.301137 0.226350
vt 0.306819 0.236191
vt 0.312501 0.246032
vt 0.318182 0.255874
vt 0.323864 0.265715
vt 0.329546 0.275556
vt 0.335228 0.285397
vt 0.340910 0.295238
vt 0.346592 0.305080
vt 0.284092 0.177143
vt 0.289773 0.186985
vt 0.295455 0.196826
vt 0.301137 0.206667
vt 0.306819 0.216508
vt 0.312501 0.226350
vt 0.318182 0.236191
vt 0.323864 0.246032
vt 0.329546 0.255873
vt 0.335228 0.265715
vt 0.340910 0.275556
vt 0.346592 0.285397
vt 0.352273 0.295238
vt 0.357955 0.305080
vt 0.545455 0.295238
vt 0.539773 0.285397
vt 0.534091 0.275556
vt 0.528410 0.265715
vt 0.522728 0.255873
vt 0.517046 0.246032
vt 0.511364 0.236191
vt 0.505682 0.226350
vt 0.500000 0.216508
vt 0.494319 0.206667
vt 0.488637 0.196826
vt 0.482955 0.186985
vt 0.477273 0.177143
vt 0.471591 0.167302
vt 0.551137 0.285397
vt 0.545455 0.275556
vt 0.556819 0.275556
vt 0.539773 0.265715
vt 0.551137 0.265715
vt 0.562500 0.265715
vt 0.534091 0.255874
vt 0.545455 0.255874
vt 0.556819 0.255874
vt 0.568182 0.255874
vt 0.528409 0.246032
vt 0.539773 0.246032
vt 0.551137 0.246032
vt 0.562500 0.246032
vt 0.573864 0.246032
vt 0.522728 0.236191
vt 0.534091 0.236191
vt 0.545455 0.236191
vt 0.556819 0.236191
vt 0.568182 0.236191
vt 0.579546 0.236191
vt 0.517046 0.226350
vt 0.528410 0.226350
vt 0.539773 0.226350
vt 0.551137 0.226350
vt 0.562500 0.226350
vt 0.573864 0.226350
vt 0.585228 0.226350
vt 0.511364 0.216509
vt 0.522728 0.216509
vt 0.534091 0.216509
vt 0.545455 0.216509
vt 0.556819 0.216509
vt 0.568182 0.216509
vt 0.579546 0.216509
vt 0.590909 0.216509
vt 0.505682 0.206667
vt 0.517046 0.206667
vt 0.528409 0.206667
vt 0.539773 0.206667
vt 0.551137 0.206667
vt 0.562500 0.206667
vt 0.573864 0.206667
vt 0.585228 0.206667
vt 0.596591 0.206667
vt 0.500001 0.196826
vt 0.511364 0.196826
vt 0.522728 0.196826
vt 0.534091 0.196826
vt 0.545455 0.196826
vt 0.556819 0.196826
vt 0.568182 0.196826
vt 0.579546 0.196826
vt 0.590909 0.196826
vt 0.602273 0.196826
vt 0.494319 0.186985
vt 0.505682 0.186985
vt 0.517046 0.186985
vt 0.528409 0.186985
vt 0.539773 0.186985
vt 0.551137 0.186985
vt 0.562500 0.186985
vt 0.573864 0.186985
vt 0.585228 0.186985
vt 0.596591 0.186985
vt 0.607955 0.186985
vt 0.488637 0.177143
vt 0.500000 0.177143
vt 0.511364 0.177143
vt 0.522728 0.177143
vt 0.534091 0.177143
vt 0.545455 0.177143
vt 0.556819 0.177143
vt 0.568182 0.177143
vt 0.579546 0.177143
vt 0.590909 0.177143
vt 0.602273 0.177143
vt 0.613637 0.177143
vt 0.482955 0.167302
vt 0.494319 0.167302
vt 0.505682 0.167302
vt 0.517046 0.167302
vt 0.528410 0.167302
vt 0.539773 0.167302
vt 0.551137 0.167302
vt 0.562500 0.167302
vt 0.573864 0.167302
vt 0.585228 0.167302
vt 0.596591 0.167302
vt 0.607955 0.167302
vt 0.619319 0.167302
vt 0.477273 0.157461
vt 0.488637 0.157461
vt 0.500000 0.157461
vt 0.511364 0.157461
vt 0.522728 0.157461
vt 0.534091 0.157461
vt 0.545455 0.157461
vt 0.556819 0.157461
vt 0.568182 0.157461
vt 0.579546 0.157461
vt 0.590909 0.157461
vt 0.602273 0.157461
vt 0.613637 0.157461
vt 0.625000 0.157461
vt 0.727273 0.295238
vt 0.721591 0.285397
vt 0.715909 0.275556
vt 0.710228 0.265715
vt 0.704546 0.255873
vt 0.698864 0.246032
vt 0.693182 0.236191
vt 0.687500 0.226350
vt 0.681818 0.216508
vt 0.676137 0.206667
vt 0.670455 0.196826
vt 0.664773 0.186985
vt 0.659091 0.177143
vt 0.653409 0.167302
vt 0.732955 0.285397
vt 0.727273 0.275556
vt 0.738637 0.275556
vt 0.721591 0.265715
vt 0.732955 0.265715
vt 0.744318 0.265715
vt 0.715909 0.255874
vt 0.727273 0.255874
vt 0.738637 0.255874
vt 0.750000 0.255874
vt 0.710227 0.246032
vt 0.721591 0.246032
vt 0.732955 0.246032
vt 0.744318 0.246032
vt 0.755682 0.246032
vt 0.704546 0.236191
vt 0.715909 0.236191
vt 0.727273 0.236191
vt 0.738637 0.236191
vt 0.750000 0.236191
vt 0.761364 0.236191
vt 0.698864 0.226350
vt 0.710228 0.226350
vt 0.721591 0.226350
vt 0.732955 0.226350
vt 0.744318 0.226350
vt 0.755682 0.226350
vt 0.767046 0.226350
vt 0.693182 0.216509
vt 0.704546 0.216509
vt 0.715909 0.216509
vt 0.727273 0.216509
vt 0.738637 0.216509
vt 0.750000 0.216509
vt 0.761364 0.216509
vt 0.772727 0.216509
vt 0.687500 0.206667
vt 0.698864 0.206667
vt 0.710228 0.206667
vt 0.721591 0.206667
vt 0.732955 0.206667
vt 0.744318 0.206667
vt 0.755682 0.206667
vt 0.767046 0.206667
vt 0.778409 0.206667
vt 0.681818 0.196826
vt 0.693182 0.196826
vt 0.704546 0.196826
vt 0.715909 0.196826
vt 0.727273 0.196826
vt 0.738637 0.196826
vt 0.750000 0.196826
vt 0.761364 0.196826
vt 0.772727 0.196826
vt 0.784091 0.196826
vt 0.676137 0.186985
vt 0.687500 0.186985
vt 0.698864 0.186985
vt 0.710228 0.186985
vt 0.721591 0.186985
vt 0.732955 0.186985
vt 0.744318 0.186985
vt 0.755682 0.186985
vt 0.767046 0.186985
vt 0.778409 0.186985
vt 0.789773 0.186985
vt 0.670455 0.177143
vt 0.681819 0.177143
vt 0.693182 0.177143
vt 0.704546 0.177143
vt 0.715909 0.177143
vt 0.727273 0.177143
vt 0.738637 0.177143
vt 0.750000 0.177143
vt 0.761364 0.177143
vt 0.772728 0.177143
vt 0.784091 0.177143
vt 0.795455 0.177143
vt 0.664773 0.167302
vt 0.676137 0.167302
vt 0.687500 0.167302
vt 0.698864 0.167302
vt 0.710228 0.167302
vt 0.721591 0.167302
vt 0.732955 0.167302
vt 0.744318 0.167302
vt 0.755682 0.167302
vt 0.767046 0.167302
vt 0.778409 0.167302
vt 0.789773 0.167302
vt 0.801136 0.167302
vt 0.659091 0.157461
vt 0.670455 0.157461
vt 0.681818 0.157461
vt 0.693182 0.157461
vt 0.704546 0.157461
vt 0.715909 0.157461
vt 0.727273 0.157461
vt 0.738637 0.157461
vt 0.750000 0.157461
vt 0.761364 0.157461
vt 0.772727 0.157461
vt 0.784091 0.157461
vt 0.795455 0.157461
vt 0.806818 0.157461
vt 0.914773 0.305080
vt 0.909091 0.295238
vt 0.903409 0.285397
vt 0.897727 0.275556
vt 0.892046 0.265715
vt 0.886364 0.255873
vt 0.880682 0.246032
vt 0.875000 0.236191
vt 0.869318 0.226350
vt 0.863636 0.216508
vt 0.857955 0.206667
vt 0.852273 0.196826
vt 0.846591 0.186985
vt 0.840909 0.177143
vt 0.835227 0.167302
vt 0.920455 0.295238
vt 0.914773 0.285397
vt 0.926136 0.285397
vt 0.909091 0.275556
vt 0.920455 0.275556
vt 0.931818 0.275556
vt 0.903409 0.265715
vt 0.914773 0.265715
vt 0.926136 0.265715
vt 0.937500 0.265715
vt 0.897727 0.255874
vt 0.909091 0.255874
vt 0.920455 0.255874
vt 0.931818 0.255874
vt 0.943182 0.255874
vt 0.892045 0.246032
vt 0.903409 0.246032
vt 0.914773 0.246032
vt 0.926136 0.246032
vt 0.937500 0.246032
vt 0.948864 0.246032
vt 0.886364 0.236191
vt 0.897727 0.236191
vt 0.909091 0.236191
vt 0.920455 0.236191
vt 0.931818 0.236191
vt 0.943182 0.236191
vt 0.954545 0.236191
vt 0.880682 0.226350
vt 0.892046 0.226350
vt 0.903409 0.226350
vt 0.914773 0.226350
vt 0.926136 0.226350
vt 0.937500 0.226350
vt 0.948864 0.226350
vt 0.960227 0.226350
vt 0.875000 0.216509
vt 0.886364 0.216509
vt 0.897727 0.216509
vt 0.909091 0.216509
vt 0.920455 0.216509
vt 0.931818 0.216509
vt 0.943182 0.216509
vt 0.954545 0.216509
vt 0.965909 0.216509
vt 0.869318 0.206667
vt 0.880682 0.206667
vt 0.892046 0.206667
vt 0.903409 0.206667
vt 0.914773 0.206667
vt 0.926136 0.206667
vt 0.937500 0.206667
vt 0.948864 0.206667
vt 0.960227 0.206667
vt 0.971591 0.206667
vt 0.863636 0.196826
vt 0.875000 0.196826
vt 0.886364 0.196826
vt 0.897727 0.196826
vt 0.909091 0.196826
vt 0.920455 0.196826
vt 0.931818 0.196826
vt 0.943182 0.196826
vt 0.954545 0.196826
vt 0.965909 0.196826
vt 0.977273 0.196826
vt 0.857955 0.186985
vt 0.869318 0.186985
vt 0.880682 0.186985
vt 0.892046 0.186985
vt 0.903409 0.186985
vt 0.914773 0.186985
vt 0.926136 0.186985
vt 0.937500 0.186985
vt 0.948864 0.186985
vt 0.960227 0.186985
vt 0.971591 0.186985
vt 0.982955 0.186985
vt 0.852273 0.177143
vt 0.863636 0.177143
vt 0.875000 0.177143
vt 0.886364 0.177143
vt 0.897727 0.177143
vt 0.909091 0.177143
vt 0.920455 0.177143
vt 0.931818 0.177143
vt 0.943182 0.177143
vt 0.954545 0.177143
vt 0.965909 0.177143
vt 0.977273 0.177143
vt 0.988636 0.177143
vt 0.846591 0.167302
vt 0.857955 0.167302
vt 0.869318 0.167302
vt 0.880682 0.167302
vt 0.892046 0.167302
vt 0.903409 0.167302
vt 0.914773 0.167302
vt 0.926136 0.167302
vt 0.937500 0.167302
vt 0.948864 0.167302
vt 0.960227 0.167302
vt 0.971591 0.167302
vt 0.982955 0.167302
vt 0.994318 0.167302
vt 0.840909 0.157461
vt 0.852273 0.157461
vt 0.863636 0.157461
vt 0.875000 0.157461
vt 0.886364 0.157461
vt 0.897727 0.157461
vt 0.909091 0.157461
vt 0.920455 0.157461
vt 0.931818 0.157461
vt 0.943182 0.157461
vt 0.954545 0.157461
vt 0.965909 0.157461
vt 0.977273 0.157461
vt 0.988636 0.157461
vt 1.000000 0.157461
vt 0.181819 0.295238
vt 0.176137 0.285397
vt 0.170455 0.275556
vt 0.164774 0.265715
vt 0.159092 0.255873
vt 0.153410 0.246032
vt 0.147728 0.236191
vt 0.142046 0.226350
vt 0.136365 0.216508
vt 0.130683 0.206667
vt 0.125001 0.196826
vt 0.119319 0.186985
vt 0.113637 0.177143
vt 0.107955 0.167302
vt 0.187501 0.285397
vt 0.181819 0.275556
vt 0.193183 0.275556
vt 0.176137 0.265715
vt 0.187501 0.265715
vt 0.198864 0.265715
vt 0.170455 0.255874
vt 0.181819 0.255874
vt 0.193183 0.255874
vt 0.204546 0.255874
vt 0.164774 0.246032
vt 0.176137 0.246032
vt 0.187501 0.246032
vt 0.198864 0.246032
vt 0.210228 0.246032
vt 0.159092 0.236191
vt 0.170455 0.236191
vt 0.181819 0.236191
vt 0.193183 0.236191
vt 0.204546 0.236191
vt 0.215910 0.236191
vt 0.153410 0.226350
vt 0.164774 0.226350
vt 0.176137 0.226350
vt 0.187501 0.226350
vt 0.198864 0.226350
vt 0.210228 0.226350
vt 0.221592 0.226350
vt 0.147728 0.216509
vt 0.159092 0.216509
vt 0.170455 0.216509
vt 0.181819 0.216509
vt 0.193183 0.216509
vt 0.204546 0.216509
vt 0.215910 0.216509
vt 0.227273 0.216509
vt 0.142046 0.206667
vt 0.153410 0.206667
vt 0.164774 0.206667
vt 0.176137 0.206667
vt 0.187501 0.206667
vt 0.198864 0.206667
vt 0.210228 0.206667
vt 0.221592 0.206667
vt 0.232955 0.206667
vt 0.136364 0.196826
vt 0.147728 0.196826
vt 0.159092 0.196826
vt 0.170455 0.196826
vt 0.181819 0.196826
vt 0.193183 0.196826
vt 0.204546 0.196826
vt 0.215910 0.196826
vt 0.227273 0.196826
vt 0.238637 0.196826
vt 0.130683 0.186985
vt 0.142046 0.186985
vt 0.153410 0.186985
vt 0.164774 0.186985
vt 0.176137 0.186985
vt 0.187501 0.186985
vt 0.198864 0.186985
vt 0.210228 0.186985
vt 0.221592 0.186985
vt 0.232955 0.186985
vt 0.244319 0.186985
vt 0.125001 0.177143
vt 0.136364 0.177143
vt 0.147728 0.177143
vt 0.159092 0.177143
vt 0.170455 0.177143
vt 0.181819 0.177143
vt 0.193183 0.177143
vt 0.204546 0.177143
vt 0.215910 0.177143
vt 0.227273 0.177143
vt 0.238637 0.177143
vt 0.250001 0.177143
vt 0.119319 0.167302
vt 0.130683 0.167302
vt 0.142046 0.167302
vt 0.153410 0.167302
vt 0.164774 0.167302
vt 0.176137 0.167302
vt 0.187501 0.167302
vt 0.198864 0.167302
vt 0.210228 0.167302
vt 0.221592 0.167302
vt 0.232955 0.167302
vt 0.244319 0.167302
vt 0.255683 0.167302
vt 0.113637 0.157461
vt 0.125001 0.157461
vt 0.136364 0.157461
vt 0.147728 0.157461
vt 0.159092 0.157461
vt 0.170455 0.157461
vt 0.181819 0.157461
vt 0.193183 0.157461
vt 0.204546 0.157461
vt 0.215910 0.157461
vt 0.227273 0.157461
vt 0.238637 0.157461
vt 0.250001 0.157461
vt 0.261364 0.157461
vt 0.363637 0.295238
vt 0.357955 0.285397
vt 0.352273 0.275556
vt 0.346592 0.265715
vt 0.340910 0.255873
vt 0.335228 0.246032
vt 0.329546 0.236191
vt 0.323864 0.226350
vt 0.318182 0.216508
vt 0.312501 0.206667
vt 0.306819 0.196826
vt 0.301137 0.186985
vt 0.295455 0.177143
vt 0.289773 0.167302
vt 0.369319 0.285397
vt 0.363637 0.275556
vt 0.375001 0.275556
vt 0.357955 0.265715
vt 0.369319 0.265715
vt 0.380682 0.265715
vt 0.352273 0.255874
vt 0.363637 0.255874
vt 0.375001 0.255874
vt 0.386364 0.255874
vt 0.346592 0.246032
vt 0.357955 0.246032
vt 0.369319 0.246032
vt 0.380682 0.246032
vt 0.392046 0.246032
vt 0.340910 0.236191
vt 0.352273 0.236191
vt 0.363637 0.236191
vt 0.375001 0.236191
vt 0.386364 0.236191
vt 0.397728 0.236191
vt 0.335228 0.226350
vt 0.346592 0.226350
vt 0.357955 0.226350
vt 0.369319 0.226350
vt 0.380682 0.226350
vt 0.392046 0.226350
vt 0.403410 0.226350
vt 0.329546 0.216509
vt 0.340910 0.216509
vt 0.352273 0.216509
vt 0.363637 0.216509
vt 0.375001 0.216509
vt 0.386364 0.216509
vt 0.397728 0.216509
vt 0.409091 0.216509
vt 0.323864 0.206667
vt 0.335228 0.206667
vt 0.346592 0.206667
vt 0.357955 0.206667
vt 0.369319 0.206667
vt 0.380682 0.206667
vt 0.392046 0.206667
vt 0.403410 0.206667
vt 0.414773 0.206667
vt 0.318182 0.196826
vt 0.329546 0.196826
vt 0.340910 0.196826
vt 0.352273 0.196826
vt 0.363637 0.196826
vt 0.375001 0.196826
vt 0.386364 0.196826
vt 0.397728 0.196826
vt 0.409091 0.196826
vt 0.420455 0.196826
vt 0.312501 0.186985
vt 0.323864 0.186985
vt 0.335228 0.186985
vt 0.346592 0.186985
vt 0.357955 0.186985
vt 0.369319 0.186985
vt 0.380682 0.186985
vt 0.392046 0.186985
vt 0.403410 0.186985
vt 0.414773 0.186985
vt 0.426137 0.186985
vt 0.306819 0.177143
vt 0.318182 0.177143
vt 0.329546 0.177143
vt 0.340910 0.177143
vt 0.352273 0.177143
vt 0.363637 0.177143
vt 0.375001 0.177143
vt 0.386364 0.177143
vt 0.397728 0.177143
vt 0.409092 0.177143
vt 0.420455 0.177143
vt 0.431819 0.177143
vt 0.301137 0.167302
vt 0.312501 0.167302
vt 0.323864 0.167302
vt 0.335228 0.167302
vt 0.346592 0.167302
vt 0.357955 0.167302
vt 0.369319 0.167302
vt 0.380682 0.167302
vt 0.392046 0.167302
vt 0.403410 0.167302
vt 0.414773 0.167302
vt 0.426137 0.167302
vt 0.437501 0.167302
vt 0.295455 0.157461
vt 0.306819 0.157461
vt 0.318182 0.157461
vt 0.329546 0.157461
vt 0.340910 0.157461
vt 0.352273 0.157461
vt 0.363637 0.157461
vt 0.375001 0.157461
vt 0.386364 0.157461
vt 0.397728 0.157461
vt 0.409091 0.157461
vt 0.420455 0.157461
vt 0.431819 0.157461
vt 0.443182 0.157461
vt 0.460228 0.147620
vt 0.465910 0.137778
vt 0.471591 0.147620
vt 0.471591 0.127937
vt 0.477273 0.137778
vt 0.477273 0.118096
vt 0.482955 0.127937
vt 0.482955 0.108254
vt 0.488637 0.118096
vt 0.488637 0.098413
vt 0.494319 0.108254
vt 0.494319 0.088572
vt 0.500000 0.098413
vt 0.500000 0.078731
vt 0.505682 0.088572
vt 0.505682 0.068889
vt 0.511364 0.078731
vt 0.511364 0.059048
vt 0.517046 0.068889
vt 0.517046 0.049207
vt 0.522728 0.059048
vt 0.522728 0.039365
vt 0.528410 0.049207
vt 0.528410 0.029524
vt 0.534091 0.039365
vt 0.534091 0.019683
vt 0.539773 0.029524
vt 0.545455 0.019683
vt 0.482955 0.147620
vt 0.488637 0.137778
vt 0.494319 0.147620
vt 0.494319 0.127937
vt 0.500000 0.137778
vt 0.505682 0.147620
vt 0.500000 0.118096
vt 0.505682 0.127937
vt 0.511364 0.137778
vt 0.517046 0.147620
vt 0.505682 0.108254
vt 0.511364 0.118096
vt 0.517046 0.127937
vt 0.522728 0.137778
vt 0.528410 0.147620
vt 0.511364 0.098413
vt 0.517046 0.108254
vt 0.522728 0.118096
vt 0.528410 0.127937
vt 0.534091 0.137778
vt 0.539773 0.147620
vt 0.517046 0.088572
vt 0.522728 0.098413
vt 0.528410 0.108254
vt 0.534091 0.118096
vt 0.539773 0.127937
vt 0.545455 0.137778
vt 0.551137 0.147620
vt 0.522728 0.078731
vt 0.528410 0.088572
vt 0.534091 0.098413
vt 0.539773 0.108254
vt 0.545455 0.118096
vt 0.551137 0.127937
vt 0.556819 0.137778
vt 0.562500 0.147620
vt 0.528410 0.068889
vt 0.534091 0.078731
vt 0.539773 0.088572
vt 0.545455 0.098413
vt 0.551137 0.108254
vt 0.556819 0.118096
vt 0.562500 0.127937
vt 0.568182 0.137778
vt 0.573864 0.147620
vt 0.534091 0.059048
vt 0.539773 0.068889
vt 0.545455 0.078731
vt 0.551137 0.088572
vt 0.556819 0.098413
vt 0.562500 0.108254
vt 0.568182 0.118096
vt 0.573864 0.127937
vt 0.579546 0.137778
vt 0.585228 0.147620
vt 0.539773 0.049207
vt 0.545455 0.059048
vt 0.551137 0.068889
vt 0.556819 0.078731
vt 0.562500 0.088572
vt 0.568182 0.098413
vt 0.573864 0.108254
vt 0.579546 0.118096
vt 0.585228 0.127937
vt 0.590909 0.137778
vt 0.596591 0.147620
vt 0.545455 0.039365
vt 0.551137 0.049207
vt 0.556819 0.059048
vt 0.562500 0.068889
vt 0.568182 0.078731
vt 0.573864 0.088572
vt 0.579546 0.098413
vt 0.585228 0.108254
vt 0.590909 0.118096
vt 0.596591 0.127937
vt 0.602273 0.137778
vt 0.607955 0.147620
vt 0.551137 0.029524
vt 0.556819 0.039365
vt 0.562500 0.049207
vt 0.568182 0.059048
vt 0.573864 0.068889
vt 0.579546 0.078731
vt 0.585228 0.088572
vt 0.590909 0.098413
vt 0.596591 0.108254
vt 0.602273 0.118096
vt 0.607955 0.127937
vt 0.613637 0.137778
vt 0.619318 0.147620
vt 0.556819 0.019683
vt 0.562500 0.029524
vt 0.568182 0.039365
vt 0.573864 0.049207
vt 0.579546 0.059048
vt 0.585228 0.068889
vt 0.590909 0.078731
vt 0.596591 0.088572
vt 0.602273 0.098413
vt 0.607955 0.108254
vt 0.613637 0.118096
vt 0.619318 0.127937
vt 0.625000 0.137778
vt 0.630682 0.147620
vt 0.642046 0.147620
vt 0.647728 0.137778
vt 0.653409 0.147620
vt 0.653409 0.127937
vt 0.659091 0.137778
vt 0.659091 0.118096
vt 0.664773 0.127937
vt 0.664773 0.108254
vt 0.670455 0.118096
vt 0.670455 0.098413
vt 0.676137 0.108254
vt 0.676137 0.088572
vt 0.681818 0.098413
vt 0.681818 0.078731
vt 0.687500 0.088572
vt 0.687500 0.068889
vt 0.693182 0.078731
vt 0.693182 0.059048
vt 0.698864 0.068889
vt 0.698864 0.049207
vt 0.704546 0.059048
vt 0.704546 0.039365
vt 0.710228 0.049207
vt 0.710228 0.029524
vt 0.715909 0.039365
vt 0.715909 0.019683
vt 0.721591 0.029524
vt 0.727273 0.019683
vt 0.664773 0.147620
vt 0.670455 0.137778
vt 0.676137 0.147620
vt 0.676137 0.127937
vt 0.681818 0.137778
vt 0.687500 0.147620
vt 0.681818 0.118096
vt 0.687500 0.127937
vt 0.693182 0.137778
vt 0.698864 0.147620
vt 0.687500 0.108254
vt 0.693182 0.118096
vt 0.698864 0.127937
vt 0.704546 0.137778
vt 0.710228 0.147620
vt 0.693182 0.098413
vt 0.698864 0.108254
vt 0.704546 0.118096
vt 0.710228 0.127937
vt 0.715909 0.137778
vt 0.721591 0.147620
vt 0.698864 0.088572
vt 0.704546 0.098413
vt 0.710227 0.108254
vt 0.715909 0.118096
vt 0.721591 0.127937
vt 0.727273 0.137778
vt 0.732955 0.147620
vt 0.704546 0.078731
vt 0.710227 0.088572
vt 0.715909 0.098413
vt 0.721591 0.108254
vt 0.727273 0.118096
vt 0.732955 0.127937
vt 0.738636 0.137778
vt 0.744318 0.147620
vt 0.710227 0.068889
vt 0.715909 0.078731
vt 0.721591 0.088572
vt 0.727273 0.098413
vt 0.732955 0.108254
vt 0.738637 0.118096
vt 0.744318 0.127937
vt 0.750000 0.137778
vt 0.755682 0.147620
vt 0.715909 0.059048
vt 0.721591 0.068889
vt 0.727273 0.078731
vt 0.732955 0.088572
vt 0.738637 0.098413
vt 0.744318 0.108254
vt 0.750000 0.118096
vt 0.755682 0.127937
vt 0.761364 0.137778
vt 0.767046 0.147620
vt 0.721591 0.049207
vt 0.727273 0.059048
vt 0.732955 0.068889
vt 0.738637 0.078731
vt 0.744318 0.088572
vt 0.750000 0.098413
vt 0.755682 0.108254
vt 0.761364 0.118096
vt 0.767046 0.127937
vt 0.772727 0.137778
vt 0.778409 0.147620
vt 0.727273 0.039365
vt 0.732955 0.049207
vt 0.738637 0.059048
vt 0.744318 0.068889
vt 0.750000 0.078731
vt 0.755682 0.088572
vt 0.761364 0.098413
vt 0.767046 0.108254
vt 0.772728 0.118096
vt 0.778409 0.127937
vt 0.784091 0.137778
vt 0.789773 0.147620
vt 0.732955 0.029524
vt 0.738637 0.039365
vt 0.744318 0.049207
vt 0.750000 0.059048
vt 0.755682 0.068889
vt 0.761364 0.078731
vt 0.767046 0.088572
vt 0.772728 0.098413
vt 0.778409 0.108254
vt 0.784091 0.118096
vt 0.789773 0.127937
vt 0.795455 0.137778
vt 0.801137 0.147620
vt 0.738637 0.019683
vt 0.744318 0.029524
vt 0.750000 0.039365
vt 0.755682 0.049207
vt 0.761364 0.059048
vt 0.767046 0.068889
vt 0.772727 0.078731
vt 0.778409 0.088572
vt 0.784091 0.098413
vt 0.789773 0.108254
vt 0.795455 0.118096
vt 0.801137 0.127937
vt 0.806818 0.137778
vt 0.812500 0.147620
vt 0.823864 0.147620
vt 0.829546 0.137778
vt 0.835227 0.147620
vt 0.835227 0.127937
vt 0.840909 0.137778
vt 0.840909 0.118096
vt 0.846591 0.127937
vt 0.846591 0.108254
vt 0.852273 0.118096
vt 0.852273 0.098413
vt 0.857955 0.108254
vt 0.857955 0.088572
vt 0.863636 0.098413
vt 0.863636 0.078731
vt 0.869318 0.088572
vt 0.869318 0.068889
vt 0.875000 0.078731
vt 0.875000 0.059048
vt 0.880682 0.068889
vt 0.880682 0.049207
vt 0.886364 0.059048
vt 0.886364 0.039365
vt 0.892046 0.049207
vt 0.892046 0.029524
vt 0.897727 0.039365
vt 0.897727 0.019683
vt 0.903409 0.029524
vt 0.909091 0.019683
vt 0.846591 0.147620
vt 0.852273 0.137778
vt 0.857955 0.147620
vt 0.857955 0.127937
vt 0.863636 0.137778
vt 0.869318 0.147620
vt 0.863636 0.118096
vt 0.869318 0.127937
vt 0.875000 0.137778
vt 0.880682 0.147620
vt 0.869318 0.108254
vt 0.875000 0.118096
vt 0.880682 0.127937
vt 0.886364 0.137778
vt 0.892045 0.147620
vt 0.875000 0.098413
vt 0.880682 0.108254
vt 0.886364 0.118096
vt 0.892045 0.127937
vt 0.897727 0.137778
vt 0.903409 0.147620
vt 0.880682 0.088572
vt 0.886364 0.098413
vt 0.892045 0.108254
vt 0.897727 0.118096
vt 0.903409 0.127937
vt 0.909091 0.137778
vt 0.914773 0.147620
vt 0.886364 0.078731
vt 0.892045 0.088572
vt 0.897727 0.098413
vt 0.903409 0.108254
vt 0.909091 0.118096
vt 0.914773 0.127937
vt 0.920455 0.137778
vt 0.926136 0.147620
vt 0.892045 0.068889
vt 0.897727 0.078731
vt 0.903409 0.088572
vt 0.909091 0.098413
vt 0.914773 0.108254
vt 0.920455 0.118096
vt 0.926136 0.127937
vt 0.931818 0.137778
vt 0.937500 0.147620
vt 0.897727 0.059048
vt 0.903409 0.068889
vt 0.909091 0.078731
vt 0.914773 0.088572
vt 0.920455 0.098413
vt 0.926136 0.108254
vt 0.931818 0.118096
vt 0.937500 0.127937
vt 0.943182 0.137778
vt 0.948864 0.147620
vt 0.903409 0.049207
vt 0.909091 0.059048
vt 0.914773 0.068889
vt 0.920455 0.078731
vt 0.926136 0.088572
vt 0.931818 0.098413
vt 0.937500 0.108254
vt 0.943182 0.118096
vt 0.948864 0.127937
vt 0.954545 0.137778
vt 0.960227 0.147620
vt 0.909091 0.039365
vt 0.914773 0.049207
vt 0.920455 0.059048
vt 0.926136 0.068889
vt 0.931818 0.078731
vt 0.937500 0.088572
vt 0.943182 0.098413
vt 0.948864 0.108254
vt 0.954546 0.118096
vt 0.960227 0.127937
vt 0.965909 0.137778
vt 0.971591 0.147620
vt 0.914773 0.029524
vt 0.920455 0.039365
vt 0.926136 0.049207
vt 0.931818 0.059048
vt 0.937500 0.068889
vt 0.943182 0.078731
vt 0.948864 0.088572
vt 0.954545 0.098413
vt 0.960227 0.108254
vt 0.965909 0.118096
vt 0.971591 0.127937
vt 0.977273 0.137778
vt 0.982955 0.147620
vt 0.920455 0.019683
vt 0.926136 0.029524
vt 0.931818 0.039365
vt 0.937500 0.049207
vt 0.943182 0.059048
vt 0.948864 0.068889
vt 0.954545 0.078731
vt 0.960227 0.088572
vt 0.965909 0.098413
vt 0.971591 0.108254
vt 0.977273 0.118096
vt 0.982955 0.127937
vt 0.988636 0.137778
vt 0.994318 0.147620
vt 0.448864 0.147620
vt 0.437501 0.147620
vt 0.426137 0.147620
vt 0.414773 0.147620
vt 0.403410 0.147620
vt 0.392046 0.147620
vt 0.380682 0.147620
vt 0.369319 0.147620
vt 0.357955 0.147620
vt 0.346592 0.147620
vt 0.335228 0.147620
vt 0.323864 0.147620
vt 0.312501 0.147620
vt 0.301137 0.147620
vt 0.289773 0.147620
vt 0.443182 0.137778
vt 0.431819 0.137778
vt 0.437501 0.127937
vt 0.420455 0.137778
vt 0.426137 0.127937
vt 0.431819 0.118096
vt 0.409092 0.137778
vt 0.414773 0.127937
vt 0.420455 0.118096
vt 0.426137 0.108254
vt 0.397728 0.137778
vt 0.403410 0.127937
vt 0.409091 0.118096
vt 0.414773 0.108254
vt 0.420455 0.098413
vt 0.386364 0.137778
vt 0.392046 0.127937
vt 0.397728 0.118096
vt 0.403410 0.108254
vt 0.409091 0.098413
vt 0.414773 0.088572
vt 0.375001 0.137778
vt 0.380682 0.127937
vt 0.386364 0.118096
vt 0.392046 0.108254
vt 0.397728 0.098413
vt 0.403410 0.088572
vt 0.409092 0.078731
vt 0.363637 0.137778
vt 0.369319 0.127937
vt 0.375001 0.118096
vt 0.380682 0.108254
vt 0.386364 0.098413
vt 0.392046 0.088572
vt 0.397728 0.078730
vt 0.403410 0.068889
vt 0.352273 0.137778
vt 0.357955 0.127937
vt 0.363637 0.118096
vt 0.369319 0.108254
vt 0.375001 0.098413
vt 0.380682 0.088572
vt 0.386364 0.078731
vt 0.392046 0.068889
vt 0.397728 0.059048
vt 0.340910 0.137778
vt 0.346592 0.127937
vt 0.352273 0.118096
vt 0.357955 0.108254
vt 0.363637 0.098413
vt 0.369319 0.088572
vt 0.375001 0.078731
vt 0.380682 0.068889
vt 0.386364 0.059048
vt 0.392046 0.049207
vt 0.329546 0.137778
vt 0.335228 0.127937
vt 0.340910 0.118096
vt 0.346592 0.108254
vt 0.352273 0.098413
vt 0.357955 0.088572
vt 0.363637 0.078731
vt 0.369319 0.068889
vt 0.375001 0.059048
vt 0.380682 0.049207
vt 0.386364 0.039365
vt 0.318182 0.137778
vt 0.323864 0.127937
vt 0.329546 0.118096
vt 0.335228 0.108254
vt 0.340910 0.098413
vt 0.346592 0.088572
vt 0.352273 0.078731
vt 0.357955 0.068889
vt 0.363637 0.059048
vt 0.369319 0.049207
vt 0.375001 0.039365
vt 0.380682 0.029524
vt 0.306819 0.137778
vt 0.312501 0.127937
vt 0.318182 0.118096
vt 0.323864 0.108254
vt 0.329546 0.098413
vt 0.335228 0.088572
vt 0.340910 0.078731
vt 0.346592 0.068889
vt 0.352273 0.059048
vt 0.357955 0.049207
vt 0.363637 0.039365
vt 0.369319 0.029524
vt 0.375001 0.019683
vt 0.295455 0.137778
vt 0.301137 0.127937
vt 0.306819 0.118096
vt 0.312501 0.108254
vt 0.318182 0.098413
vt 0.323864 0.088572
vt 0.329546 0.078730
vt 0.335228 0.068889
vt 0.340910 0.059048
vt 0.346592 0.049207
vt 0.352273 0.039365
vt 0.357955 0.029524
vt 0.363637 0.019683
vt 0.369319 0.009841
vt 0.284092 0.137778
vt 0.289773 0.127937
vt 0.295455 0.118096
vt 0.301137 0.108254
vt 0.306819 0.098413
vt 0.312501 0.088572
vt 0.318182 0.078731
vt 0.323864 0.068889
vt 0.329546 0.059048
vt 0.335228 0.049207
vt 0.340910 0.039365
vt 0.346592 0.029524
vt 0.352273 0.019683
vt 0.357955 0.009841
vt 0.363637 0.000000
vt 0.096592 0.147620
vt 0.102274 0.137778
vt 0.107955 0.147620
vt 0.107955 0.127937
vt 0.113637 0.137778
vt 0.113637 0.118096
vt 0.119319 0.127937
vt 0.119319 0.108254
vt 0.125001 0.118096
vt 0.125001 0.098413
vt 0.130683 0.108254
vt 0.130683 0.088572
vt 0.136365 0.098413
vt 0.136365 0.078731
vt 0.142046 0.088572
vt 0.142046 0.068889
vt 0.147728 0.078731
vt 0.147728 0.059048
vt 0.153410 0.068889
vt 0.153410 0.049207
vt 0.159092 0.059048
vt 0.159092 0.039365
vt 0.164774 0.049207
vt 0.164774 0.029524
vt 0.170455 0.039365
vt 0.170455 0.019683
vt 0.176137 0.029524
vt 0.181819 0.019683
vt 0.119319 0.147620
vt 0.125001 0.137778
vt 0.130683 0.147620
vt 0.130683 0.127937
vt 0.136364 0.137778
vt 0.142046 0.147620
vt 0.136364 0.118096
vt 0.142046 0.127937
vt 0.147728 0.137778
vt 0.153410 0.147620
vt 0.142046 0.108254
vt 0.147728 0.118096
vt 0.153410 0.127937
vt 0.159092 0.137778
vt 0.164774 0.147620
vt 0.147728 0.098413
vt 0.153410 0.108254
vt 0.159092 0.118096
vt 0.164774 0.127937
vt 0.170455 0.137778
vt 0.176137 0.147620
vt 0.153410 0.088572
vt 0.159092 0.098413
vt 0.164774 0.108254
vt 0.170455 0.118096
vt 0.176137 0.127937
vt 0.181819 0.137778
vt 0.187501 0.147620
vt 0.159092 0.078731
vt 0.164774 0.088572
vt 0.170455 0.098413
vt 0.176137 0.108254
vt 0.181819 0.118096
vt 0.187501 0.127937
vt 0.193183 0.137778
vt 0.198864 0.147620
vt 0.164774 0.068889
vt 0.170455 0.078731
vt 0.176137 0.088572
vt 0.181819 0.098413
vt 0.187501 0.108254
vt 0.193183 0.118096
vt 0.198864 0.127937
vt 0.204546 0.137778
vt 0.210228 0.147620
vt 0.170455 0.059048
vt 0.176137 0.068889
vt 0.181819 0.078731
vt 0.187501 0.088572
vt 0.193183 0.098413
vt 0.198864 0.108254
vt 0.204546 0.118096
vt 0.210228 0.127937
vt 0.215910 0.137778
vt 0.221592 0.147620
vt 0.176137 0.049207
vt 0.181819 0.059048
vt 0.187501 0.068889
vt 0.193183 0.078731
vt 0.198864 0.088572
vt 0.204546 0.098413
vt 0.210228 0.108254
vt 0.215910 0.118096
vt 0.221592 0.127937
vt 0.227273 0.137778
vt 0.232955 0.147620
vt 0.181819 0.039365
vt 0.187501 0.049207
vt 0.193183 0.059048
vt 0.198864 0.068889
vt 0.204546 0.078731
vt 0.210228 0.088572
vt 0.215910 0.098413
vt 0.221592 0.108254
vt 0.227273 0.118096
vt 0.232955 0.127937
vt 0.238637 0.137778
vt 0.244319 0.147620
vt 0.187501 0.029524
vt 0.193183 0.039365
vt 0.198864 0.049207
vt 0.204546 0.059048
vt 0.210228 0.068889
vt 0.215910 0.078731
vt 0.221592 0.088572
vt 0.227273 0.098413
vt 0.232955 0.108254
vt 0.238637 0.118096
vt 0.244319 0.127937
vt 0.250001 0.137778
vt 0.255683 0.147620
vt 0.193183 0.019683
vt 0.198864 0.029524
vt 0.204546 0.039365
vt 0.210228 0.049207
vt 0.215910 0.059048
vt 0.221592 0.068889
vt 0.227274 0.078731
vt 0.232955 0.088572
vt 0.238637 0.098413
vt 0.244319 0.108254
vt 0.250001 0.118096
vt 0.255683 0.127937
vt 0.261364 0.137778
vt 0.267046 0.147620
s 0
f 1/1/1 28/2/1 27/3/1
f 2/4/2 42/5/2 72/6/2
f 1/7/3 27/8/3 102/9/3
f 1/10/4 102/11/4 132/12/4
f 1/13/5 132/14/5 73/15/5
f 2/4/6 72/6/6 177/16/6
f 3/17/7 57/18/7 207/19/7
f 4/20/8 117/21/8 237/22/8
f 5/23/9 147/24/9 267/25/9
f 6/26/10 162/27/10 297/28/10
f 2/4/11 177/16/11 208/29/11
f 3/17/12 207/19/12 238/30/12
f 4/20/13 237/22/13 268/31/13
f 5/23/14 267/25/14 298/32/14
f 6/26/15 297/28/15 178/33/15
f 7/34/16 327/35/16 402/36/16
f 8/37/17 342/38/17 432/39/17
f 9/40/18 357/41/18 447/42/18
f 10/43/19 372/44/19 462/45/19
f 11/46/20 387/47/20 403/48/20
f 417/49/21 448/50/21 12/51/21
f 416/52/22 463/53/22 417/49/22
f 415/54/23 464/55/23 416/52/23
f 414/56/24 466/57/24 415/54/24
f 413/58/25 469/59/25 414/56/25
f 412/60/26 473/61/26 413/58/26
f 411/62/27 478/63/27 412/60/27
f 410/64/28 484/65/28 411/62/28
f 409/66/29 491/67/29 410/64/29
f 408/68/30 499/69/30 409/66/30
f 407/70/31 508/71/31 408/68/31
f 406/72/32 518/73/32 407/70/32
f 405/74/33 529/75/33 406/72/33
f 404/76/34 541/77/34 405/74/34
f 403/48/35 554/78/35 404/76/35
f 417/49/36 463/53/36 448/50/36
f 463/53/37 449/79/37 448/50/37
f 416/52/38 464/55/38 463/53/38
f 464/55/39 465/80/39 463/53/39
f 463/53/40 465/80/40 449/79/40
f 465/80/41 450/81/41 449/79/41
f 415/54/42 466/57/42 464/55/42
f 466/57/43 467/82/43 464/55/43
f 464/55/44 467/82/44 465/80/44
f 467/82/45 468/83/45 465/80/45
f 465/80/46 468/83/46 450/81/46
f 468/83/47 451/84/47 450/81/47
f 414/56/48 469/59/48 466/57/48
f 469/59/49 470/85/49 466/57/49
f 466/57/50 470/85/50 467/82/50
f 470/85/51 471/86/51 467/82/51
f 467/82/52 471/86/52 468/83/52
f 471/86/53 472/87/53 468/83/53
f 468/83/54 472/87/54 451/84/54
f 472/87/55 452/88/55 451/84/55
f 413/58/56 473/61/56 469/59/56
f 473/61/57 474/89/57 469/59/57
f 469/59/58 474/89/58 470/85/58
f 474/89/59 475/90/59 470/85/59
f 470/85/60 475/90/60 471/86/60
f 475/90/61 476/91/61 471/86/61
f 471/86/62 476/91/62 472/87/62
f 476/91/63 477/92/63 472/87/63
f 472/87/64 477/92/64 452/88/64
f 477/92/65 453/93/65 452/88/65
f 412/60/66 478/63/66 473/61/66
f 478/63/67 479/94/67 473/61/67
f 473/61/68 479/94/68 474/89/68
f 479/94/69 480/95/69 474/89/69
f 474/89/70 480/95/70 475/90/70
f 480/95/71 481/96/71 475/90/71
f 475/90/72 481/96/72 476/91/72
f 481/96/73 482/97/73 476/91/73
f 476/91/74 482/97/74 477/92/74
f 482/97/75 483/98/75 477/92/75
f 477/92/76 483/98/76 453/93/76
f 483/98/77 454/99/77 453/93/77
f 411/62/78 484/65/78 478/63/78
f 484/65/79 485/100/79 478/63/79
f 478/63/80 485/100/80 479/94/80
f 485/100/81 486/101/81 479/94/81
f 479/94/82 486/101/82 480/95/82
f 486/101/83 487/102/83 480/95/83
f 480/95/84 487/102/84 481/96/84
f 487/102/85 488/103/85 481/96/85
f 481/96/86 488/103/86 482/97/86
f 488/103/87 489/104/87 482/97/87
f 482/97/88 489/104/88 483/98/88
f 489/104/89 490/105/89 483/98/89
f 483/98/90 490/105/90 454/99/90
f 490/105/91 455/106/91 454/99/91
f 410/64/92 491/67/92 484/65/92
f 491/67/93 492/107/93 484/65/93
f 484/65/94 492/107/94 485/100/94
f 492/107/95 493/108/95 485/100/95
f 485/100/96 493/108/96 486/101/96
f 493/108/97 494/109/97 486/101/97
f 486/101/98 494/109/98 487/102/98
f 494/109/99 495/110/99 487/102/99
f 487/102/100 495/110/100 488/103/100
f 495/110/101 496/111/101 488/103/101
f 488/103/102 496/111/102 489/104/102
f 496/111/103 497/112/103 489/104/103
f 489/104/104 497/112/104 490/105/104
f 497/112/105 498/113/105 490/105/105
f 490/105/106 498/113/106 455/106/106
f 498/113/107 456/114/107 455/106/107
f 409/66/108 499/69/108 491/67/108
f 499/69/109 500/115/109 491/67/109
f 491/67/110 500/115/110 492/107/110
f 500/115/111 501/116/111 492/107/111
f 492/107/112 501/116/112 493/108/112
f 501/116/113 502/117/113 493/108/113
f 493/108/114 502/117/114 494/109/114
f 502/117/115 503/118/115 494/109/115
f 494/109/116 503/118/116 495/110/116
f 503/118/117 504/119/117 495/110/117
f 495/110/118 504/119/118 496/111/118
f 504/119/119 505/120/119 496/111/119
f 496/111/120 505/120/120 497/112/120
f 505/120/121 506/121/121 497/112/121
f 497/112/122 506/121/122 498/113/122
f 506/121/123 507/122/123 498/113/123
f 498/113/124 507/122/124 456/114/124
f 507/122/125 457/123/125 456/114/125
f 408/68/126 508/71/126 499/69/126
f 508/71/127 509/124/127 499/69/127
f 499/69/128 509/124/128 500/115/128
f 509/124/129 510/125/129 500/115/129
f 500/115/130 510/125/130 501/116/130
f 510/125/131 511/126/131 501/116/131
f 501/116/132 511/126/132 502/117/132
f 511/126/133 512/127/133 502/117/133
f 502/117/134 512/127/134 503/118/134
f 512/127/135 513/128/135 503/118/135
f 503/118/136 513/128/136 504/119/136
f 513/128/137 514/129/137 504/119/137
f 504/119/138 514/129/138 505/120/138
f 514/129/139 515/130/139 505/120/139
f 505/120/140 515/130/140 506/121/140
f 515/130/141 516/131/141 506/121/141
f 506/121/142 516/131/142 507/122/142
f 516/131/143 517/132/143 507/122/143
f 507/122/144 517/132/144 457/123/144
f 517/132/145 458/133/145 457/123/145
f 407/70/146 518/73/146 508/71/146
f 518/73/147 519/134/147 508/71/147
f 508/71/148 519/134/148 509/124/148
f 519/134/149 520/135/149 509/124/149
f 509/124/150 520/135/150 510/125/150
f 520/135/151 521/136/151 510/125/151
f 510/125/152 521/136/152 511/126/152
f 521/136/153 522/137/153 511/126/153
f 511/126/154 522/137/154 512/127/154
f 522/137/155 523/138/155 512/127/155
f 512/127/156 523/138/156 513/128/156
f 523/138/157 524/139/157 513/128/157
f 513/128/158 524/139/158 514/129/158
f 524/139/159 525/140/159 514/129/159
f 514/129/160 525/140/160 515/130/160
f 525/140/161 526/141/161 515/130/161
f 515/130/162 526/141/162 516/131/162
f 526/141/163 527/142/163 516/131/163
f 516/131/164 527/142/164 517/132/164
f 527/142/165 528/143/165 517/132/165
f 517/132/166 528/143/166 458/133/166
f 528/143/167 459/144/167 458/133/167
f 406/72/168 529/75/168 518/73/168
f 529/75/169 530/145/169 518/73/169
f 518/73/170 530/145/170 519/134/170
f 530/145/171 531/146/171 519/134/171
f 519/134/172 531/146/172 520/135/172
f 531/146/173 532/147/173 520/135/173
f 520/135/174 532/147/174 521/136/174
f 532/147/175 533/148/175 521/136/175
f 521/136/176 533/148/176 522/137/176
f 533/148/177 534/149/177 522/137/177
f 522/137/178 534/149/178 523/138/178
f 534/149/179 535/150/179 523/138/179
f 523/138/180 535/150/180 524/139/180
f 535/150/181 536/151/181 524/139/181
f 524/139/182 536/151/182 525/140/182
f 536/151/183 537/152/183 525/140/183
f 525/140/184 537/152/184 526/141/184
f 537/152/185 538/153/185 526/141/185
f 526/141/186 538/153/186 527/142/186
f 538/153/187 539/154/187 527/142/187
f 527/142/188 539/154/188 528/143/188
f 539/154/189 540/155/189 528/143/189
f 528/143/190 540/155/190 459/144/190
f 540/155/191 460/156/191 459/144/191
f 405/74/192 541/77/192 529/75/192
f 541/77/193 542/157/193 529/75/193
f 529/75/194 542/157/194 530/145/194
f 542/157/195 543/158/195 530/145/195
f 530/145/196 543/158/196 531/146/196
f 543/158/197 544/159/197 531/146/197
f 531/146/198 544/159/198 532/147/198
f 544/159/199 545/160/199 532/147/199
f 532/147/200 545/160/200 533/148/200
f 545/160/201 546/161/201 533/148/201
f 533/148/202 546/161/202 534/149/202
f 546/161/203 547/162/203 534/149/203
f 534/149/204 547/162/204 535/150/204
f 547/162/205 548/163/205 535/150/205
f 535/150/206 548/163/206 536/151/206
f 548/163/207 549/164/207 536/151/207
f 536/151/208 549/164/208 537/152/208
f 549/164/209 550/165/209 537/152/209
f 537/152/210 550/165/210 538/153/210
f 550/165/211 551/166/211 538/153/211
f 538/153/212 551/166/212 539/154/212
f 551/166/213 552/167/213 539/154/213
f 539/154/214 552/167/214 540/155/214
f 552/167/215 553/168/215 540/155/215
f 540/155/216 553/168/216 460/156/216
f 553/168/217 461/169/217 460/156/217
f 404/76/218 554/78/218 541/77/218
f 554/78/219 555/170/219 541/77/219
f 541/77/220 555/170/220 542/157/220
f 555/170/221 556/171/221 542/157/221
f 542/157/222 556/171/222 543/158/222
f 556/171/223 557/172/223 543/158/223
f 543/158/224 557/172/224 544/159/224
f 557/172/225 558/173/225 544/159/225
f 544/159/226 558/173/226 545/160/226
f 558/173/227 559/174/227 545/160/227
f 545/160/228 559/174/228 546/161/228
f 559/174/229 560/175/229 546/161/229
f 546/161/230 560/175/230 547/162/230
f 560/175/231 561/176/231 547/162/231
f 547/162/232 561/176/232 548/163/232
f 561/176/233 562/177/233 548/163/233
f 548/163/234 562/177/234 549/164/234
f 562/177/235 563/178/235 549/164/235
f 549/164/236 563/178/236 550/165/236
f 563/178/237 564/179/237 550/165/237
f 550/165/238 564/179/238 551/166/238
f 564/179/239 565/180/239 551/166/239
f 551/166/240 565/180/240 552/167/240
f 565/180/241 566/181/241 552/167/241
f 552/167/242 566/181/242 553/168/242
f 566/181/243 567/182/243 553/168/243
f 553/168/244 567/182/244 461/169/244
f 567/182/245 462/183/245 461/169/245
f 403/48/246 387/47/246 554/78/246
f 387/47/247 386/184/247 554/78/247
f 554/78/248 386/184/248 555/170/248
f 386/184/249 385/185/249 555/170/249
f 555/170/250 385/185/250 556/171/250
f 385/185/251 384/186/251 556/171/251
f 556/171/252 384/186/252 557/172/252
f 384/186/253 383/187/253 557/172/253
f 557/172/254 383/187/254 558/173/254
f 383/187/255 382/188/255 558/173/255
f 558/173/256 382/188/256 559/174/256
f 382/188/257 381/189/257 559/174/257
f 559/174/258 381/189/258 560/175/258
f 381/189/259 380/190/259 560/175/259
f 560/175/260 380/190/260 561/176/260
f 380/190/261 379/191/261 561/176/261
f 561/176/262 379/191/262 562/177/262
f 379/191/263 378/192/263 562/177/263
f 562/177/264 378/192/264 563/178/264
f 378/192/265 377/193/265 563/178/265
f 563/178/266 377/193/266 564/179/266
f 377/193/267 376/194/267 564/179/267
f 564/179/268 376/194/268 565/180/268
f 376/194/269 375/195/269 565/180/269
f 565/180/270 375/195/270 566/181/270
f 375/195/271 374/196/271 566/181/271
f 566/181/272 374/196/272 567/182/272
f 374/196/273 373/197/273 567/182/273
f 567/182/274 373/197/274 462/183/274
f 373/197/275 10/43/275 462/183/275
f 448/198/276 433/199/276 12/200/276
f 449/201/277 568/202/277 448/198/277
f 450/203/278 569/204/278 449/201/278
f 451/205/279 571/206/279 450/203/279
f 452/207/280 574/208/280 451/205/280
f 453/209/281 578/210/281 452/207/281
f 454/211/282 583/212/282 453/209/282
f 455/213/283 589/214/283 454/211/283
f 456/215/284 596/216/284 455/213/284
f 457/217/285 604/218/285 456/215/285
f 458/219/286 613/220/286 457/217/286
f 459/221/287 623/222/287 458/219/287
f 460/223/288 634/224/288 459/221/288
f 461/225/289 646/226/289 460/223/289
f 462/45/290 659/227/290 461/225/290
f 448/198/291 568/202/291 433/199/291
f 568/202/292 434/228/292 433/199/292
f 449/201/293 569/204/293 568/202/293
f 569/204/294 570/229/294 568/202/294
f 568/202/295 570/229/295 434/228/295
f 570/229/296 435/230/296 434/228/296
f 450/203/297 571/206/297 569/204/297
f 571/206/298 572/231/298 569/204/298
f 569/204/299 572/231/299 570/229/299
f 572/231/300 573/232/300 570/229/300
f 570/229/301 573/232/301 435/230/301
f 573/232/302 436/233/302 435/230/302
f 451/205/303 574/208/303 571/206/303
f 574/208/304 575/234/304 571/206/304
f 571/206/305 575/234/305 572/231/305
f 575/234/306 576/235/306 572/231/306
f 572/231/307 576/235/307 573/232/307
f 576/235/308 577/236/308 573/232/308
f 573/232/309 577/236/309 436/233/309
f 577/236/310 437/237/310 436/233/310
f 452/207/311 578/210/311 574/208/311
f 578/210/312 579/238/312 574/208/312
f 574/208/313 579/238/313 575/234/313
f 579/238/314 580/239/314 575/234/314
f 575/234/315 580/239/315 576/235/315
f 580/239/316 581/240/316 576/235/316
f 576/235/317 581/240/317 577/236/317
f 581/240/318 582/241/318 577/236/318
f 577/236/319 582/241/319 437/237/319
f 582/241/320 438/242/320 437/237/320
f 453/209/321 583/212/321 578/210/321
f 583/212/322 584/243/322 578/210/322
f 578/210/323 584/243/323 579/238/323
f 584/243/324 585/244/324 579/238/324
f 579/238/325 585/244/325 580/239/325
f 585/244/326 586/245/326 580/239/326
f 580/239/327 586/245/327 581/240/327
f 586/245/328 587/246/328 581/240/328
f 581/240/329 587/246/329 582/241/329
f 587/246/330 588/247/330 582/241/330
f 582/241/331 588/247/331 438/242/331
f 588/247/332 439/248/332 438/242/332
f 454/211/333 589/214/333 583/212/333
f 589/214/334 590/249/334 583/212/334
f 583/212/335 590/249/335 584/243/335
f 590/249/336 591/250/336 584/243/336
f 584/243/337 591/250/337 585/244/337
f 591/250/338 592/251/338 585/244/338
f 585/244/339 592/251/339 586/245/339
f 592/251/340 593/252/340 586/245/340
f 586/245/341 593/252/341 587/246/341
f 593/252/342 594/253/342 587/246/342
f 587/246/343 594/253/343 588/247/343
f 594/253/344 595/254/344 588/247/344
f 588/247/345 595/254/345 439/248/345
f 595/254/346 440/255/346 439/248/346
f 455/213/347 596/216/347 589/214/347
f 596/216/348 597/256/348 589/214/348
f 589/214/349 597/256/349 590/249/349
f 597/256/350 598/257/350 590/249/350
f 590/249/351 598/257/351 591/250/351
f 598/257/352 599/258/352 591/250/352
f 591/250/353 599/258/353 592/251/353
f 599/258/354 600/259/354 592/251/354
f 592/251/355 600/259/355 593/252/355
f 600/259/356 601/260/356 593/252/356
f 593/252/357 601/260/357 594/253/357
f 601/260/358 602/261/358 594/253/358
f 594/253/359 602/261/359 595/254/359
f 602/261/360 603/262/360 595/254/360
f 595/254/361 603/262/361 440/255/361
f 603/262/362 441/263/362 440/255/362
f 456/215/363 604/218/363 596/216/363
f 604/218/364 605/264/364 596/216/364
f 596/216/365 605/264/365 597/256/365
f 605/264/366 606/265/366 597/256/366
f 597/256/367 606/265/367 598/257/367
f 606/265/368 607/266/368 598/257/368
f 598/257/369 607/266/369 599/258/369
f 607/266/370 608/267/370 599/258/370
f 599/258/371 608/267/371 600/259/371
f 608/267/372 609/268/372 600/259/372
f 600/259/373 609/268/373 601/260/373
f 609/268/374 610/269/374 601/260/374
f 601/260/375 610/269/375 602/261/375
f 610/269/376 611/270/376 602/261/376
f 602/261/377 611/270/377 603/262/377
f 611/270/378 612/271/378 603/262/378
f 603/262/379 612/271/379 441/263/379
f 612/271/380 442/272/380 441/263/380
f 457/217/381 613/220/381 604/218/381
f 613/220/382 614/273/382 604/218/382
f 604/218/383 614/273/383 605/264/383
f 614/273/384 615/274/384 605/264/384
f 605/264/385 615/274/385 606/265/385
f 615/274/386 616/275/386 606/265/386
f 606/265/387 616/275/387 607/266/387
f 616/275/388 617/276/388 607/266/388
f 607/266/389 617/276/389 608/267/389
f 617/276/390 618/277/390 608/267/390
f 608/267/391 618/277/391 609/268/391
f 618/277/392 619/278/392 609/268/392
f 609/268/393 619/278/393 610/269/393
f 619/278/394 620/279/394 610/269/394
f 610/269/395 620/279/395 611/270/395
f 620/279/396 621/280/396 611/270/396
f 611/270/397 621/280/397 612/271/397
f 621/280/398 622/281/398 612/271/398
f 612/271/399 622/281/399 442/272/399
f 622/281/400 443/282/400 442/272/400
f 458/219/401 623/222/401 613/220/401
f 623/222/402 624/283/402 613/220/402
f 613/220/403 624/283/403 614/273/403
f 624/283/404 625/284/404 614/273/404
f 614/273/405 625/284/405 615/274/405
f 625/284/406 626/285/406 615/274/406
f 615/274/407 626/285/407 616/275/407
f 626/285/408 627/286/408 616/275/408
f 616/275/409 627/286/409 617/276/409
f 627/286/410 628/287/410 617/276/410
f 617/276/411 628/287/411 618/277/411
f 628/287/412 629/288/412 618/277/412
f 618/277/413 629/288/413 619/278/413
f 629/288/414 630/289/414 619/278/414
f 619/278/415 630/289/415 620/279/415
f 630/289/416 631/290/416 620/279/416
f 620/279/417 631/290/417 621/280/417
f 631/290/418 632/291/418 621/280/418
f 621/280/419 632/291/419 622/281/419
f 632/291/420 633/292/420 622/281/420
f 622/281/421 633/292/421 443/282/421
f 633/292/422 444/293/422 443/282/422
f 459/221/423 634/224/423 623/222/423
f 634/224/424 635/294/424 623/222/424
f 623/222/425 635/294/425 624/283/425
f 635/294/426 636/295/426 624/283/426
f 624/283/427 636/295/427 625/284/427
f 636/295/428 637/296/428 625/284/428
f 625/284/429 637/296/429 626/285/429
f 637/296/430 638/297/430 626/285/430
f 626/285/431 638/297/431 627/286/431
f 638/297/432 639/298/432 627/286/432
f 627/286/433 639/298/433 628/287/433
f 639/298/434 640/299/434 628/287/434
f 628/287/435 640/299/435 629/288/435
f 640/299/436 641/300/436 629/288/436
f 629/288/437 641/300/437 630/289/437
f 641/300/438 642/301/438 630/289/438
f 630/289/439 642/301/439 631/290/439
f 642/301/440 643/302/440 631/290/440
f 631/290/441 643/302/441 632/291/441
f 643/302/442 644/303/442 632/291/442
f 632/291/443 644/303/443 633/292/443
f 644/303/444 645/304/444 633/292/444
f 633/292/445 645/304/445 444/293/445
f 645/304/446 445/305/446 444/293/446
f 460/223/447 646/226/447 634/224/447
f 646/226/448 647/306/448 634/224/448
f 634/224/449 647/306/449 635/294/449
f 647/306/450 648/307/450 635/294/450
f 635/294/451 648/307/451 636/295/451
f 648/307/452 649/308/452 636/295/452
f 636/295/453 649/308/453 637/296/453
f 649/308/454 650/309/454 637/296/454
f 637/296/455 650/309/455 638/297/455
f 650/309/456 651/310/456 638/297/456
f 638/297/457 651/310/457 639/298/457
f 651/310/458 652/311/458 639/298/458
f 639/298/459 652/311/459 640/299/459
f 652/311/460 653/312/460 640/299/460
f 640/299/461 653/312/461 641/300/461
f 653/312/462 654/313/462 641/300/462
f 641/300/463 654/313/463 642/301/463
f 654/313/464 655/314/464 642/301/464
f 642/301/465 655/314/465 643/302/465
f 655/314/466 656/315/466 643/302/466
f 643/302/467 656/315/467 644/303/467
f 656/315/468 657/316/468 644/303/468
f 644/303/469 657/316/469 645/304/469
f 657/316/470 658/317/470 645/304/470
f 645/304/471 658/317/471 445/305/471
f 658/317/472 446/318/472 445/305/472
f 461/225/473 659/227/473 646/226/473
f 659/227/474 660/319/474 646/226/474
f 646/226/475 660/319/475 647/306/475
f 660/319/476 661/320/476 647/306/476
f 647/306/477 661/320/477 648/307/477
f 661/320/478 662/321/478 648/307/478
f 648/307/479 662/321/479 649/308/479
f 662/321/480 663/322/480 649/308/480
f 649/308/481 663/322/481 650/309/481
f 663/322/482 664/323/482 650/309/482
f 650/309/483 664/323/483 651/310/483
f 664/323/484 665/324/484 651/310/484
f 651/310/485 665/324/485 652/311/485
f 665/324/486 666/325/486 652/311/486
f 652/311/487 666/325/487 653/312/487
f 666/325/488 667/326/488 653/312/488
f 653/312/489 667/326/489 654/313/489
f 667/326/490 668/327/490 654/313/490
f 654/313/491 668/327/491 655/314/491
f 668/327/492 669/328/492 655/314/492
f 655/314/493 669/328/493 656/315/493
f 669/328/494 670/329/494 656/315/494
f 656/315/495 670/329/495 657/316/495
f 670/329/496 671/330/496 657/316/496
f 657/316/497 671/330/497 658/317/497
f 671/330/498 672/331/498 658/317/498
f 658/317/499 672/331/499 446/318/499
f 672/331/500 447/332/500 446/318/500
f 462/45/501 372/44/501 659/227/501
f 372/44/502 371/333/502 659/227/502
f 659/227/503 371/333/503 660/319/503
f 371/333/504 370/334/504 660/319/504
f 660/319/505 370/334/505 661/320/505
f 370/334/506 369/335/506 661/320/506
f 661/320/507 369/335/507 662/321/507
f 369/335/508 368/336/508 662/321/508
f 662/321/509 368/336/509 663/322/509
f 368/336/510 367/337/510 663/322/510
f 663/322/511 367/337/511 664/323/511
f 367/337/512 366/338/512 664/323/512
f 664/323/513 366/338/513 665/324/513
f 366/338/514 365/339/514 665/324/514
f 665/324/515 365/339/515 666/325/515
f 365/339/516 364/340/516 666/325/516
f 666/325/517 364/340/517 667/326/517
f 364/340/518 363/341/518 667/326/518
f 667/326/519 363/341/519 668/327/519
f 363/341/520 362/342/520 668/327/520
f 668/327/521 362/342/521 669/328/521
f 362/342/522 361/343/522 669/328/522
f 669/328/523 361/343/523 670/329/523
f 361/343/524 360/344/524 670/329/524
f 670/329/525 360/344/525 671/330/525
f 360/344/526 359/345/526 671/330/526
f 671/330/527 359/345/527 672/331/527
f 359/345/528 358/346/528 672/331/528
f 672/331/529 358/346/529 447/332/529
f 358/346/530 9/40/530 447/332/530
f 433/347/531 418/348/531 12/349/531
f 434/350/532 673/351/532 433/347/532
f 435/352/533 674/353/533 434/350/533
f 436/354/534 676/355/534 435/352/534
f 437/356/535 679/357/535 436/354/535
f 438/358/536 683/359/536 437/356/536
f 439/360/537 688/361/537 438/358/537
f 440/362/538 694/363/538 439/360/538
f 441/364/539 701/365/539 440/362/539
f 442/366/540 709/367/540 441/364/540
f 443/368/541 718/369/541 442/366/541
f 444/370/542 728/371/542 443/368/542
f 445/372/543 739/373/543 444/370/543
f 446/374/544 751/375/544 445/372/544
f 447/42/545 764/376/545 446/374/545
f 433/347/546 673/351/546 418/348/546
f 673/351/547 419/377/547 418/348/547
f 434/350/548 674/353/548 673/351/548
f 674/353/549 675/378/549 673/351/549
f 673/351/550 675/378/550 419/377/550
f 675/378/551 420/379/551 419/377/551
f 435/352/552 676/355/552 674/353/552
f 676/355/553 677/380/553 674/353/553
f 674/353/554 677/380/554 675/378/554
f 677/380/555 678/381/555 675/378/555
f 675/378/556 678/381/556 420/379/556
f 678/381/557 421/382/557 420/379/557
f 436/354/558 679/357/558 676/355/558
f 679/357/559 680/383/559 676/355/559
f 676/355/560 680/383/560 677/380/560
f 680/383/561 681/384/561 677/380/561
f 677/380/562 681/384/562 678/381/562
f 681/384/563 682/385/563 678/381/563
f 678/381/564 682/385/564 421/382/564
f 682/385/565 422/386/565 421/382/565
f 437/356/566 683/359/566 679/357/566
f 683/359/567 684/387/567 679/357/567
f 679/357/568 684/387/568 680/383/568
f 684/387/569 685/388/569 680/383/569
f 680/383/570 685/388/570 681/384/570
f 685/388/571 686/389/571 681/384/571
f 681/384/572 686/389/572 682/385/572
f 686/389/573 687/390/573 682/385/573
f 682/385/574 687/390/574 422/386/574
f 687/390/575 423/391/575 422/386/575
f 438/358/576 688/361/576 683/359/576
f 688/361/577 689/392/577 683/359/577
f 683/359/578 689/392/578 684/387/578
f 689/392/579 690/393/579 684/387/579
f 684/387/580 690/393/580 685/388/580
f 690/393/581 691/394/581 685/388/581
f 685/388/582 691/394/582 686/389/582
f 691/394/583 692/395/583 686/389/583
f 686/389/584 692/395/584 687/390/584
f 692/395/585 693/396/585 687/390/585
f 687/390/586 693/396/586 423/391/586
f 693/396/587 424/397/587 423/391/587
f 439/360/588 694/363/588 688/361/588
f 694/363/589 695/398/589 688/361/589
f 688/361/590 695/398/590 689/392/590
f 695/398/591 696/399/591 689/392/591
f 689/392/592 696/399/592 690/393/592
f 696/399/593 697/400/593 690/393/593
f 690/393/594 697/400/594 691/394/594
f 697/400/595 698/401/595 691/394/595
f 691/394/596 698/401/596 692/395/596
f 698/401/597 699/402/597 692/395/597
f 692/395/598 699/402/598 693/396/598
f 699/402/599 700/403/599 693/396/599
f 693/396/600 700/403/600 424/397/600
f 700/403/601 425/404/601 424/397/601
f 440/362/602 701/365/602 694/363/602
f 701/365/603 702/405/603 694/363/603
f 694/363/604 702/405/604 695/398/604
f 702/405/605 703/406/605 695/398/605
f 695/398/606 703/406/606 696/399/606
f 703/406/607 704/407/607 696/399/607
f 696/399/608 704/407/608 697/400/608
f 704/407/609 705/408/609 697/400/609
f 697/400/610 705/408/610 698/401/610
f 705/408/611 706/409/611 698/401/611
f 698/401/612 706/409/612 699/402/612
f 706/409/613 707/410/613 699/402/613
f 699/402/614 707/410/614 700/403/614
f 707/410/615 708/411/615 700/403/615
f 700/403/616 708/411/616 425/404/616
f 708/411/617 426/412/617 425/404/617
f 441/364/618 709/367/618 701/365/618
f 709/367/619 710/413/619 701/365/619
f 701/365/620 710/413/620 702/405/620
f 710/413/621 711/414/621 702/405/621
f 702/405/622 711/414/622 703/406/622
f 711/414/623 712/415/623 703/406/623
f 703/406/624 712/415/624 704/407/624
f 712/415/625 713/416/625 704/407/625
f 704/407/626 713/416/626 705/408/626
f 713/416/627 714/417/627 705/408/627
f 705/408/628 714/417/628 706/409/628
f 714/417/629 715/418/629 706/409/629
f 706/409/630 715/418/630 707/410/630
f 715/418/631 716/419/631 707/410/631
f 707/410/632 716/419/632 708/411/632
f 716/419/633 717/420/633 708/411/633
f 708/411/634 717/420/634 426/412/634
f 717/420/635 427/421/635 426/412/635
f 442/366/636 718/369/636 709/367/636
f 718/369/637 719/422/637 709/367/637
f 709/367/638 719/422/638 710/413/638
f 719/422/639 720/423/639 710/413/639
f 710/413/640 720/423/640 711/414/640
f 720/423/641 721/424/641 711/414/641
f 711/414/642 721/424/642 712/415/642
f 721/424/643 722/425/643 712/415/643
f 712/415/644 722/425/644 713/416/644
f 722/425/645 723/426/645 713/416/645
f 713/416/646 723/426/646 714/417/646
f 723/426/647 724/427/647 714/417/647
f 714/417/648 724/427/648 715/418/648
f 724/427/649 725/428/649 715/418/649
f 715/418/650 725/428/650 716/419/650
f 725/428/651 726/429/651 716/419/651
f 716/419/652 726/429/652 717/420/652
f 726/429/653 727/430/653 717/420/653
f 717/420/654 727/430/654 427/421/654
f 727/430/655 428/431/655 427/421/655
f 443/368/656 728/371/656 718/369/656
f 728/371/657 729/432/657 718/369/657
f 718/369/658 729/432/658 719/422/658
f 729/432/659 730/433/659 719/422/659
f 719/422/660 730/433/660 720/423/660
f 730/433/661 731/434/661 720/423/661
f 720/423/662 731/434/662 721/424/662
f 731/434/663 732/435/663 721/424/663
f 721/424/664 732/435/664 722/425/664
f 732/435/665 733/436/665 722/425/665
f 722/425/666 733/436/666 723/426/666
f 733/436/667 734/437/667 723/426/667
f 723/426/668 734/437/668 724/427/668
f 734/437/669 735/438/669 724/427/669
f 724/427/670 735/438/670 725/428/670
f 735/438/671 736/439/671 725/428/671
f 725/428/672 736/439/672 726/429/672
f 736/439/673 737/440/673 726/429/673
f 726/429/674 737/440/674 727/430/674
f 737/440/675 738/441/675 727/430/675
f 727/430/676 738/441/676 428/431/676
f 738/441/677 429/442/677 428/431/677
f 444/370/678 739/373/678 728/371/678
f 739/373/679 740/443/679 728/371/679
f 728/371/680 740/443/680 729/432/680
f 740/443/681 741/444/681 729/432/681
f 729/432/682 741/444/682 730/433/682
f 741/444/683 742/445/683 730/433/683
f 730/433/684 742/445/684 731/434/684
f 742/445/685 743/446/685 731/434/685
f 731/434/686 743/446/686 732/435/686
f 743/446/687 744/447/687 732/435/687
f 732/435/688 744/447/688 733/436/688
f 744/447/689 745/448/689 733/436/689
f 733/436/690 745/448/690 734/437/690
f 745/448/691 746/449/691 734/437/691
f 734/437/692 746/449/692 735/438/692
f 746/449/693 747/450/693 735/438/693
f 735/438/694 747/450/694 736/439/694
f 747/450/695 748/451/695 736/439/695
f 736/439/696 748/451/696 737/440/696
f 748/451/697 749/452/697 737/440/697
f 737/440/698 749/452/698 738/441/698
f 749/452/699 750/453/699 738/441/699
f 738/441/700 750/453/700 429/442/700
f 750/453/701 430/454/701 429/442/701
f 445/372/702 751/375/702 739/373/702
f 751/375/703 752/455/703 739/373/703
f 739/373/704 752/455/704 740/443/704
f 752/455/705 753/456/705 740/443/705
f 740/443/706 753/456/706 741/444/706
f 753/456/707 754/457/707 741/444/707
f 741/444/708 754/457/708 742/445/708
f 754/457/709 755/458/709 742/445/709
f 742/445/710 755/458/710 743/446/710
f 755/458/711 756/459/711 743/446/711
f 743/446/712 756/459/712 744/447/712
f 756/459/713 757/460/713 744/447/713
f 744/447/714 757/460/714 745/448/714
f 757/460/715 758/461/715 745/448/715
f 745/448/716 758/461/716 746/449/716
f 758/461/717 759/462/717 746/449/717
f 746/449/718 759/462/718 747/450/718
f 759/462/719 760/463/719 747/450/719
f 747/450/720 760/463/720 748/451/720
f 760/463/721 761/464/721 748/451/721
f 748/451/722 761/464/722 749/452/722
f 761/464/723 762/465/723 749/452/723
f 749/452/724 762/465/724 750/453/724
f 762/465/725 763/466/725 750/453/725
f 750/453/726 763/466/726 430/454/726
f 763/466/727 431/467/727 430/454/727
f 446/374/728 764/376/728 751/375/728
f 764/376/729 765/468/729 751/375/729
f 751/375/730 765/468/730 752/455/730
f 765/468/731 766/469/731 752/455/731
f 752/455/732 766/469/732 753/456/732
f 766/469/733 767/470/733 753/456/733
f 753/456/734 767/470/734 754/457/734
f 767/470/735 768/471/735 754/457/735
f 754/457/736 768/471/736 755/458/736
f 768/471/737 769/472/737 755/458/737
f 755/458/738 769/472/738 756/459/738
f 769/472/739 770/473/739 756/459/739
f 756/459/740 770/473/740 757/460/740
f 770/473/741 771/474/741 757/460/741
f 757/460/742 771/474/742 758/461/742
f 771/474/743 772/475/743 758/461/743
f 758/461/744 772/475/744 759/462/744
f 772/475/745 773/476/745 759/462/745
f 759/462/746 773/476/746 760/463/746
f 773/476/747 774/477/747 760/463/747
f 760/463/748 774/477/748 761/464/748
f 774/477/749 775/478/749 761/464/749
f 761/464/750 775/478/750 762/465/750
f 775/478/751 776/479/751 762/465/751
f 762/465/752 776/479/752 763/466/752
f 776/479/753 777/480/753 763/466/753
f 763/466/754 777/480/754 431/467/754
f 777/480/755 432/481/755 431/467/755
f 447/42/756 357/41/756 764/376/756
f 357/41/757 356/482/757 764/376/757
f 764/376/758 356/482/758 765/468/758
f 356/482/759 355/483/759 765/468/759
f 765/468/760 355/483/760 766/469/760
f 355/483/761 354/484/761 766/469/761
f 766/469/762 354/484/762 767/470/762
f 354/484/763 353/485/763 767/470/763
f 767/470/764 353/485/764 768/471/764
f 353/485/765 352/486/765 768/471/765
f 768/471/766 352/486/766 769/472/766
f 352/486/767 351/487/767 769/472/767
f 769/472/768 351/487/768 770/473/768
f 351/487/769 350/488/769 770/473/769
f 770/473/770 350/488/770 771/474/770
f 350/488/771 349/489/771 771/474/771
f 771/474/772 349/489/772 772/475/772
f 349/489/773 348/490/773 772/475/773
f 772/475/774 348/490/774 773/476/774
f 348/490/775 347/491/775 773/476/775
f 773/476/776 347/491/776 774/477/776
f 347/491/777 346/492/777 774/477/777
f 774/477/778 346/492/778 775/478/778
f 346/492/779 345/493/779 775/478/779
f 775/478/780 345/493/780 776/479/780
f 345/493/781 344/494/781 776/479/781
f 776/479/782 344/494/782 777/480/782
f 344/494/783 343/495/783 777/480/783
f 777/480/784 343/495/784 432/481/784
f 343/495/785 8/496/785 432/481/785
f 418/497/786 388/498/786 12/499/786
f 419/500/787 778/501/787 418/497/787
f 420/502/788 779/503/788 419/500/788
f 421/504/789 781/505/789 420/502/789
f 422/506/790 784/507/790 421/504/790
f 423/508/791 788/509/791 422/506/791
f 424/510/792 793/511/792 423/508/792
f 425/512/793 799/513/793 424/510/793
f 426/514/794 806/515/794 425/512/794
f 427/516/795 814/517/795 426/514/795
f 428/518/796 823/519/796 427/516/796
f 429/520/797 833/521/797 428/518/797
f 430/522/798 844/523/798 429/520/798
f 431/524/799 856/525/799 430/522/799
f 432/39/800 869/526/800 431/524/800
f 418/497/801 778/501/801 388/498/801
f 778/501/802 389/527/802 388/498/802
f 419/500/803 779/503/803 778/501/803
f 779/503/804 780/528/804 778/501/804
f 778/501/805 780/528/805 389/527/805
f 780/528/806 390/529/806 389/527/806
f 420/502/807 781/505/807 779/503/807
f 781/505/808 782/530/808 779/503/808
f 779/503/809 782/530/809 780/528/809
f 782/530/810 783/531/810 780/528/810
f 780/528/811 783/531/811 390/529/811
f 783/531/812 391/532/812 390/529/812
f 421/504/813 784/507/813 781/505/813
f 784/507/814 785/533/814 781/505/814
f 781/505/815 785/533/815 782/530/815
f 785/533/816 786/534/816 782/530/816
f 782/530/817 786/534/817 783/531/817
f 786/534/818 787/535/818 783/531/818
f 783/531/819 787/535/819 391/532/819
f 787/535/820 392/536/820 391/532/820
f 422/506/821 788/509/821 784/507/821
f 788/509/822 789/537/822 784/507/822
f 784/507/823 789/537/823 785/533/823
f 789/537/824 790/538/824 785/533/824
f 785/533/825 790/538/825 786/534/825
f 790/538/826 791/539/826 786/534/826
f 786/534/827 791/539/827 787/535/827
f 791/539/828 792/540/828 787/535/828
f 787/535/829 792/540/829 392/536/829
f 792/540/830 393/541/830 392/536/830
f 423/508/831 793/511/831 788/509/831
f 793/511/832 794/542/832 788/509/832
f 788/509/833 794/542/833 789/537/833
f 794/542/834 795/543/834 789/537/834
f 789/537/835 795/543/835 790/538/835
f 795/543/836 796/544/836 790/538/836
f 790/538/837 796/544/837 791/539/837
f 796/544/838 797/545/838 791/539/838
f 791/539/839 797/545/839 792/540/839
f 797/545/840 798/546/840 792/540/840
f 792/540/841 798/546/841 393/541/841
f 798/546/842 394/547/842 393/541/842
f 424/510/843 799/513/843 793/511/843
f 799/513/844 800/548/844 793/511/844
f 793/511/845 800/548/845 794/542/845
f 800/548/846 801/549/846 794/542/846
f 794/542/847 801/549/847 795/543/847
f 801/549/848 802/550/848 795/543/848
f 795/543/849 802/550/849 796/544/849
f 802/550/850 803/551/850 796/544/850
f 796/544/851 803/551/851 797/545/851
f 803/551/852 804/552/852 797/545/852
f 797/545/853 804/552/853 798/546/853
f 804/552/854 805/553/854 798/546/854
f 798/546/855 805/553/855 394/547/855
f 805/553/856 395/554/856 394/547/856
f 425/512/857 806/515/857 799/513/857
f 806/515/858 807/555/858 799/513/858
f 799/513/859 807/555/859 800/548/859
f 807/555/860 808/556/860 800/548/860
f 800/548/861 808/556/861 801/549/861
f 808/556/862 809/557/862 801/549/862
f 801/549/863 809/557/863 802/550/863
f 809/557/864 810/558/864 802/550/864
f 802/550/865 810/558/865 803/551/865
f 810/558/866 811/559/866 803/551/866
f 803/551/867 811/559/867 804/552/867
f 811/559/868 812/560/868 804/552/868
f 804/552/869 812/560/869 805/553/869
f 812/560/870 813/561/870 805/553/870
f 805/553/871 813/561/871 395/554/871
f 813/561/872 396/562/872 395/554/872
f 426/514/873 814/517/873 806/515/873
f 814/517/874 815/563/874 806/515/874
f 806/515/875 815/563/875 807/555/875
f 815/563/876 816/564/876 807/555/876
f 807/555/877 816/564/877 808/556/877
f 816/564/878 817/565/878 808/556/878
f 808/556/879 817/565/879 809/557/879
f 817/565/880 818/566/880 809/557/880
f 809/557/881 818/566/881 810/558/881
f 818/566/882 819/567/882 810/558/882
f 810/558/883 819/567/883 811/559/883
f 819/567/884 820/568/884 811/559/884
f 811/559/885 820/568/885 812/560/885
f 820/568/886 821/569/886 812/560/886
f 812/560/887 821/569/887 813/561/887
f 821/569/888 822/570/888 813/561/888
f 813/561/889 822/570/889 396/562/889
f 822/570/890 397/571/890 396/562/890
f 427/516/891 823/519/891 814/517/891
f 823/519/892 824/572/892 814/517/892
f 814/517/893 824/572/893 815/563/893
f 824/572/894 825/573/894 815/563/894
f 815/563/895 825/573/895 816/564/895
f 825/573/896 826/574/896 816/564/896
f 816/564/897 826/574/897 817/565/897
f 826/574/898 827/575/898 817/565/898
f 817/565/899 827/575/899 818/566/899
f 827/575/900 828/576/900 818/566/900
f 818/566/901 828/576/901 819/567/901
f 828/576/902 829/577/902 819/567/902
f 819/567/903 829/577/903 820/568/903
f 829/577/904 830/578/904 820/568/904
f 820/568/905 830/578/905 821/569/905
f 830/578/906 831/579/906 821/569/906
f 821/569/907 831/579/907 822/570/907
f 831/579/908 832/580/908 822/570/908
f 822/570/909 832/580/909 397/571/909
f 832/580/910 398/581/910 397/571/910
f 428/518/911 833/521/911 823/519/911
f 833/521/912 834/582/912 823/519/912
f 823/519/913 834/582/913 824/572/913
f 834/582/914 835/583/914 824/572/914
f 824/572/915 835/583/915 825/573/915
f 835/583/916 836/584/916 825/573/916
f 825/573/917 836/584/917 826/574/917
f 836/584/918 837/585/918 826/574/918
f 826/574/919 837/585/919 827/575/919
f 837/585/920 838/586/920 827/575/920
f 827/575/921 838/586/921 828/576/921
f 838/586/922 839/587/922 828/576/922
f 828/576/923 839/587/923 829/577/923
f 839/587/924 840/588/924 829/577/924
f 829/577/925 840/588/925 830/578/925
f 840/588/926 841/589/926 830/578/926
f 830/578/927 841/589/927 831/579/927
f 841/589/928 842/590/928 831/579/928
f 831/579/929 842/590/929 832/580/929
f 842/590/930 843/591/930 832/580/930
f 832/580/931 843/591/931 398/581/931
f 843/591/932 399/592/932 398/581/932
f 429/520/933 844/523/933 833/521/933
f 844/523/934 845/593/934 833/521/934
f 833/521/935 845/593/935 834/582/935
f 845/593/936 846/594/936 834/582/936
f 834/582/937 846/594/937 835/583/937
f 846/594/938 847/595/938 835/583/938
f 835/583/939 847/595/939 836/584/939
f 847/595/940 848/596/940 836/584/940
f 836/584/941 848/596/941 837/585/941
f 848/596/942 849/597/942 837/585/942
f 837/585/943 849/597/943 838/586/943
f 849/597/944 850/598/944 838/586/944
f 838/586/945 850/598/945 839/587/945
f 850/598/946 851/599/946 839/587/946
f 839/587/947 851/599/947 840/588/947
f 851/599/948 852/600/948 840/588/948
f 840/588/949 852/600/949 841/589/949
f 852/600/950 853/601/950 841/589/950
f 841/589/951 853/601/951 842/590/951
f 853/601/952 854/602/952 842/590/952
f 842/590/953 854/602/953 843/591/953
f 854/602/954 855/603/954 843/591/954
f 843/591/955 855/603/955 399/592/955
f 855/603/956 400/604/956 399/592/956
f 430/522/957 856/525/957 844/523/957
f 856/525/958 857/605/958 844/523/958
f 844/523/959 857/605/959 845/593/959
f 857/605/960 858/606/960 845/593/960
f 845/593/961 858/606/961 846/594/961
f 858/606/962 859/607/962 846/594/962
f 846/594/963 859/607/963 847/595/963
f 859/607/964 860/608/964 847/595/964
f 847/595/965 860/608/965 848/596/965
f 860/608/966 861/609/966 848/596/966
f 848/596/967 861/609/967 849/597/967
f 861/609/968 862/610/968 849/597/968
f 849/597/969 862/610/969 850/598/969
f 862/610/970 863/611/970 850/598/970
f 850/598/971 863/611/971 851/599/971
f 863/611/972 864/612/972 851/599/972
f 851/599/973 864/612/973 852/600/973
f 864/612/974 865/613/974 852/600/974
f 852/600/975 865/613/975 853/601/975
f 865/613/976 866/614/976 853/601/976
f 853/601/977 866/614/977 854/602/977
f 866/614/978 867/615/978 854/602/978
f 854/602/979 867/615/979 855/603/979
f 867/615/980 868/616/980 855/603/980
f 855/603/981 868/616/981 400/604/981
f 868/616/982 401/617/982 400/604/982
f 431/524/983 869/526/983 856/525/983
f 869/526/984 870/618/984 856/525/984
f 856/525/985 870/618/985 857/605/985
f 870/618/986 871/619/986 857/605/986
f 857/605/987 871/619/987 858/606/987
f 871/619/988 872/620/988 858/606/988
f 858/606/989 872/620/989 859/607/989
f 872/620/990 873/621/990 859/607/990
f 859/607/991 873/621/991 860/608/991
f 873/621/992 874/622/992 860/608/992
f 860/608/993 874/622/993 861/609/993
f 874/622/994 875/623/994 861/609/994
f 861/609/995 875/623/995 862/610/995
f 875/623/996 876/624/996 862/610/996
f 862/610/997 876/624/997 863/611/997
f 876/624/998 877/625/998 863/611/998
f 863/611/999 877/625/999 864/612/999
f 877/625/1000 878/626/1000 864/612/1000
f 864/612/1001 878/626/1001 865/613/1001
f 878/626/1002 879/627/1002 865/613/1002
f 865/613/1003 879/627/1003 866/614/1003
f 879/627/1004 880/628/1004 866/614/1004
f 866/614/1005 880/628/1005 867/615/1005
f 880/628/1006 881/629/1006 867/615/1006
f 867/615/1007 881/629/1007 868/616/1007
f 881/629/1008 882/630/1008 868/616/1008
f 868/616/1009 882/630/1009 401/617/1009
f 882/630/1010 402/631/1010 401/617/1010
f 432/39/1011 342/38/1011 869/526/1011
f 342/38/1012 341/632/1012 869/526/1012
f 869/526/1013 341/632/1013 870/618/1013
f 341/632/1014 340/633/1014 870/618/1014
f 870/618/1015 340/633/1015 871/619/1015
f 340/633/1016 339/634/1016 871/619/1016
f 871/619/1017 339/634/1017 872/620/1017
f 339/634/1018 338/635/1018 872/620/1018
f 872/620/1019 338/635/1019 873/621/1019
f 338/635/1020 337/636/1020 873/621/1020
f 873/621/1021 337/636/1021 874/622/1021
f 337/636/1022 336/637/1022 874/622/1022
f 874/622/1023 336/637/1023 875/623/1023
f 336/637/1024 335/638/1024 875/623/1024
f 875/623/1025 335/638/1025 876/624/1025
f 335/638/1026 334/639/1026 876/624/1026
f 876/624/1027 334/639/1027 877/625/1027
f 334/639/1028 333/640/1028 877/625/1028
f 877/625/1029 333/640/1029 878/626/1029
f 333/640/1030 332/641/1030 878/626/1030
f 878/626/1031 332/641/1031 879/627/1031
f 332/641/1032 331/642/1032 879/627/1032
f 879/627/1033 331/642/1033 880/628/1033
f 331/642/1034 330/643/1034 880/628/1034
f 880/628/1035 330/643/1035 881/629/1035
f 330/643/1036 329/644/1036 881/629/1036
f 881/629/1037 329/644/1037 882/630/1037
f 329/644/1038 328/645/1038 882/630/1038
f 882/630/1039 328/645/1039 402/631/1039
f 328/645/1040 7/34/1040 402/631/1040
f 388/646/1041 417/647/1041 12/648/1041
f 389/649/1042 883/650/1042 388/646/1042
f 390/651/1043 884/652/1043 389/649/1043
f 391/653/1044 886/654/1044 390/651/1044
f 392/655/1045 889/656/1045 391/653/1045
f 393/657/1046 893/658/1046 392/655/1046
f 394/659/1047 898/660/1047 393/657/1047
f 395/661/1048 904/662/1048 394/659/1048
f 396/663/1049 911/664/1049 395/661/1049
f 397/665/1050 919/666/1050 396/663/1050
f 398/667/1051 928/668/1051 397/665/1051
f 399/669/1052 938/670/1052 398/667/1052
f 400/671/1053 949/672/1053 399/669/1053
f 401/673/1054 961/674/1054 400/671/1054
f 402/36/1055 974/675/1055 401/673/1055
f 388/646/1056 883/650/1056 417/647/1056
f 883/650/1057 416/676/1057 417/647/1057
f 389/649/1058 884/652/1058 883/650/1058
f 884/652/1059 885/677/1059 883/650/1059
f 883/650/1060 885/677/1060 416/676/1060
f 885/677/1061 415/678/1061 416/676/1061
f 390/651/1062 886/654/1062 884/652/1062
f 886/654/1063 887/679/1063 884/652/1063
f 884/652/1064 887/679/1064 885/677/1064
f 887/679/1065 888/680/1065 885/677/1065
f 885/677/1066 888/680/1066 415/678/1066
f 888/680/1067 414/681/1067 415/678/1067
f 391/653/1068 889/656/1068 886/654/1068
f 889/656/1069 890/682/1069 886/654/1069
f 886/654/1070 890/682/1070 887/679/1070
f 890/682/1071 891/683/1071 887/679/1071
f 887/679/1072 891/683/1072 888/680/1072
f 891/683/1073 892/684/1073 888/680/1073
f 888/680/1074 892/684/1074 414/681/1074
f 892/684/1075 413/685/1075 414/681/1075
f 392/655/1076 893/658/1076 889/656/1076
f 893/658/1077 894/686/1077 889/656/1077
f 889/656/1078 894/686/1078 890/682/1078
f 894/686/1079 895/687/1079 890/682/1079
f 890/682/1080 895/687/1080 891/683/1080
f 895/687/1081 896/688/1081 891/683/1081
f 891/683/1082 896/688/1082 892/684/1082
f 896/688/1083 897/689/1083 892/684/1083
f 892/684/1084 897/689/1084 413/685/1084
f 897/689/1085 412/690/1085 413/685/1085
f 393/657/1086 898/660/1086 893/658/1086
f 898/660/1087 899/691/1087 893/658/1087
f 893/658/1088 899/691/1088 894/686/1088
f 899/691/1089 900/692/1089 894/686/1089
f 894/686/1090 900/692/1090 895/687/1090
f 900/692/1091 901/693/1091 895/687/1091
f 895/687/1092 901/693/1092 896/688/1092
f 901/693/1093 902/694/1093 896/688/1093
f 896/688/1094 902/694/1094 897/689/1094
f 902/694/1095 903/695/1095 897/689/1095
f 897/689/1096 903/695/1096 412/690/1096
f 903/695/1097 411/696/1097 412/690/1097
f 394/659/1098 904/662/1098 898/660/1098
f 904/662/1099 905/697/1099 898/660/1099
f 898/660/1100 905/697/1100 899/691/1100
f 905/697/1101 906/698/1101 899/691/1101
f 899/691/1102 906/698/1102 900/692/1102
f 906/698/1103 907/699/1103 900/692/1103
f 900/692/1104 907/699/1104 901/693/1104
f 907/699/1105 908/700/1105 901/693/1105
f 901/693/1106 908/700/1106 902/694/1106
f 908/700/1107 909/701/1107 902/694/1107
f 902/694/1108 909/701/1108 903/695/1108
f 909/701/1109 910/702/1109 903/695/1109
f 903/695/1110 910/702/1110 411/696/1110
f 910/702/1111 410/703/1111 411/696/1111
f 395/661/1112 911/664/1112 904/662/1112
f 911/664/1113 912/704/1113 904/662/1113
f 904/662/1114 912/704/1114 905/697/1114
f 912/704/1115 913/705/1115 905/697/1115
f 905/697/1116 913/705/1116 906/698/1116
f 913/705/1117 914/706/1117 906/698/1117
f 906/698/1118 914/706/1118 907/699/1118
f 914/706/1119 915/707/1119 907/699/1119
f 907/699/1120 915/707/1120 908/700/1120
f 915/707/1121 916/708/1121 908/700/1121
f 908/700/1122 916/708/1122 909/701/1122
f 916/708/1123 917/709/1123 909/701/1123
f 909/701/1124 917/709/1124 910/702/1124
f 917/709/1125 918/710/1125 910/702/1125
f 910/702/1126 918/710/1126 410/703/1126
f 918/710/1127 409/711/1127 410/703/1127
f 396/663/1128 919/666/1128 911/664/1128
f 919/666/1129 920/712/1129 911/664/1129
f 911/664/1130 920/712/1130 912/704/1130
f 920/712/1131 921/713/1131 912/704/1131
f 912/704/1132 921/713/1132 913/705/1132
f 921/713/1133 922/714/1133 913/705/1133
f 913/705/1134 922/714/1134 914/706/1134
f 922/714/1135 923/715/1135 914/706/1135
f 914/706/1136 923/715/1136 915/707/1136
f 923/715/1137 924/716/1137 915/707/1137
f 915/707/1138 924/716/1138 916/708/1138
f 924/716/1139 925/717/1139 916/708/1139
f 916/708/1140 925/717/1140 917/709/1140
f 925/717/1141 926/718/1141 917/709/1141
f 917/709/1142 926/718/1142 918/710/1142
f 926/718/1143 927/719/1143 918/710/1143
f 918/710/1144 927/719/1144 409/711/1144
f 927/719/1145 408/720/1145 409/711/1145
f 397/665/1146 928/668/1146 919/666/1146
f 928/668/1147 929/721/1147 919/666/1147
f 919/666/1148 929/721/1148 920/712/1148
f 929/721/1149 930/722/1149 920/712/1149
f 920/712/1150 930/722/1150 921/713/1150
f 930/722/1151 931/723/1151 921/713/1151
f 921/713/1152 931/723/1152 922/714/1152
f 931/723/1153 932/724/1153 922/714/1153
f 922/714/1154 932/724/1154 923/715/1154
f 932/724/1155 933/725/1155 923/715/1155
f 923/715/1156 933/725/1156 924/716/1156
f 933/725/1157 934/726/1157 924/716/1157
f 924/716/1158 934/726/1158 925/717/1158
f 934/726/1159 935/727/1159 925/717/1159
f 925/717/1160 935/727/1160 926/718/1160
f 935/727/1161 936/728/1161 926/718/1161
f 926/718/1162 936/728/1162 927/719/1162
f 936/728/1163 937/729/1163 927/719/1163
f 927/719/1164 937/729/1164 408/720/1164
f 937/729/1165 407/730/1165 408/720/1165
f 398/667/1166 938/670/1166 928/668/1166
f 938/670/1167 939/731/1167 928/668/1167
f 928/668/1168 939/731/1168 929/721/1168
f 939/731/1169 940/732/1169 929/721/1169
f 929/721/1170 940/732/1170 930/722/1170
f 940/732/1171 941/733/1171 930/722/1171
f 930/722/1172 941/733/1172 931/723/1172
f 941/733/1173 942/734/1173 931/723/1173
f 931/723/1174 942/734/1174 932/724/1174
f 942/734/1175 943/735/1175 932/724/1175
f 932/724/1176 943/735/1176 933/725/1176
f 943/735/1177 944/736/1177 933/725/1177
f 933/725/1178 944/736/1178 934/726/1178
f 944/736/1179 945/737/1179 934/726/1179
f 934/726/1180 945/737/1180 935/727/1180
f 945/737/1181 946/738/1181 935/727/1181
f 935/727/1182 946/738/1182 936/728/1182
f 946/738/1183 947/739/1183 936/728/1183
f 936/728/1184 947/739/1184 937/729/1184
f 947/739/1185 948/740/1185 937/729/1185
f 937/729/1186 948/740/1186 407/730/1186
f 948/740/1187 406/741/1187 407/730/1187
f 399/669/1188 949/672/1188 938/670/1188
f 949/672/1189 950/742/1189 938/670/1189
f 938/670/1190 950/742/1190 939/731/1190
f 950/742/1191 951/743/1191 939/731/1191
f 939/731/1192 951/743/1192 940/732/1192
f 951/743/1193 952/744/1193 940/732/1193
f 940/732/1194 952/744/1194 941/733/1194
f 952/744/1195 953/745/1195 941/733/1195
f 941/733/1196 953/745/1196 942/734/1196
f 953/745/1197 954/746/1197 942/734/1197
f 942/734/1198 954/746/1198 943/735/1198
f 954/746/1199 955/747/1199 943/735/1199
f 943/735/1200 955/747/1200 944/736/1200
f 955/747/1201 956/748/1201 944/736/1201
f 944/736/1202 956/748/1202 945/737/1202
f 956/748/1203 957/749/1203 945/737/1203
f 945/737/1204 957/749/1204 946/738/1204
f 957/749/1205 958/750/1205 946/738/1205
f 946/738/1206 958/750/1206 947/739/1206
f 958/750/1207 959/751/1207 947/739/1207
f 947/739/1208 959/751/1208 948/740/1208
f 959/751/1209 960/752/1209 948/740/1209
f 948/740/1210 960/752/1210 406/741/1210
f 960/752/1211 405/753/1211 406/741/1211
f 400/671/1212 961/674/1212 949/672/1212
f 961/674/1213 962/754/1213 949/672/1213
f 949/672/1214 962/754/1214 950/742/1214
f 962/754/1215 963/755/1215 950/742/1215
f 950/742/1216 963/755/1216 951/743/1216
f 963/755/1217 964/756/1217 951/743/1217
f 951/743/1218 964/756/1218 952/744/1218
f 964/756/1219 965/757/1219 952/744/1219
f 952/744/1220 965/757/1220 953/745/1220
f 965/757/1221 966/758/1221 953/745/1221
f 953/745/1222 966/758/1222 954/746/1222
f 966/758/1223 967/759/1223 954/746/1223
f 954/746/1224 967/759/1224 955/747/1224
f 967/759/1225 968/760/1225 955/747/1225
f 955/747/1226 968/760/1226 956/748/1226
f 968/760/1227 969/761/1227 956/748/1227
f 956/748/1228 969/761/1228 957/749/1228
f 969/761/1229 970/762/1229 957/749/1229
f 957/749/1230 970/762/1230 958/750/1230
f 970/762/1231 971/763/1231 958/750/1231
f 958/750/1232 971/763/1232 959/751/1232
f 971/763/1233 972/764/1233 959/751/1233
f 959/751/1234 972/764/1234 960/752/1234
f 972/764/1235 973/765/1235 960/752/1235
f 960/752/1236 973/765/1236 405/753/1236
f 973/765/1237 404/766/1237 405/753/1237
f 401/673/1238 974/675/1238 961/674/1238
f 974/675/1239 975/767/1239 961/674/1239
f 961/674/1240 975/767/1240 962/754/1240
f 975/767/1241 976/768/1241 962/754/1241
f 962/754/1242 976/768/1242 963/755/1242
f 976/768/1243 977/769/1243 963/755/1243
f 963/755/1244 977/769/1244 964/756/1244
f 977/769/1245 978/770/1245 964/756/1245
f 964/756/1246 978/770/1246 965/757/1246
f 978/770/1247 979/771/1247 965/757/1247
f 965/757/1248 979/771/1248 966/758/1248
f 979/771/1249 980/772/1249 966/758/1249
f 966/758/1250 980/772/1250 967/759/1250
f 980/772/1251 981/773/1251 967/759/1251
f 967/759/1252 981/773/1252 968/760/1252
f 981/773/1253 982/774/1253 968/760/1253
f 968/760/1254 982/774/1254 969/761/1254
f 982/774/1255 983/775/1255 969/761/1255
f 969/761/1256 983/775/1256 970/762/1256
f 983/775/1257 984/776/1257 970/762/1257
f 970/762/1258 984/776/1258 971/763/1258
f 984/776/1259 985/777/1259 971/763/1259
f 971/763/1260 985/777/1260 972/764/1260
f 985/777/1261 986/778/1261 972/764/1261
f 972/764/1262 986/778/1262 973/765/1262
f 986/778/1263 987/779/1263 973/765/1263
f 973/765/1264 987/779/1264 404/766/1264
f 987/779/1265 403/780/1265 404/766/1265
f 402/36/1266 327/35/1266 974/675/1266
f 327/35/1267 326/781/1267 974/675/1267
f 974/675/1268 326/781/1268 975/767/1268
f 326/781/1269 325/782/1269 975/767/1269
f 975/767/1270 325/782/1270 976/768/1270
f 325/782/1271 324/783/1271 976/768/1271
f 976/768/1272 324/783/1272 977/769/1272
f 324/783/1273 323/784/1273 977/769/1273
f 977/769/1274 323/784/1274 978/770/1274
f 323/784/1275 322/785/1275 978/770/1275
f 978/770/1276 322/785/1276 979/771/1276
f 322/785/1277 321/786/1277 979/771/1277
f 979/771/1278 321/786/1278 980/772/1278
f 321/786/1279 320/787/1279 980/772/1279
f 980/772/1280 320/787/1280 981/773/1280
f 320/787/1281 319/788/1281 981/773/1281
f 981/773/1282 319/788/1282 982/774/1282
f 319/788/1283 318/789/1283 982/774/1283
f 982/774/1284 318/789/1284 983/775/1284
f 318/789/1285 317/790/1285 983/775/1285
f 983/775/1286 317/790/1286 984/776/1286
f 317/790/1287 316/791/1287 984/776/1287
f 984/776/1288 316/791/1288 985/777/1288
f 316/791/1289 315/792/1289 985/777/1289
f 985/777/1290 315/792/1290 986/778/1290
f 315/792/1291 314/793/1291 986/778/1291
f 986/778/1292 314/793/1292 987/779/1292
f 314/793/1293 313/794/1293 987/779/1293
f 987/779/1294 313/794/1294 403/780/1294
f 313/794/1295 11/46/1295 403/780/1295
f 192/795/1296 387/47/1296 11/46/1296
f 191/796/1297 988/797/1297 192/795/1297
f 190/798/1298 989/799/1298 191/796/1298
f 189/800/1299 991/801/1299 190/798/1299
f 188/802/1300 994/803/1300 189/800/1300
f 187/804/1301 998/805/1301 188/802/1301
f 186/806/1302 1003/807/1302 187/804/1302
f 185/808/1303 1009/809/1303 186/806/1303
f 184/810/1304 1016/811/1304 185/808/1304
f 183/812/1305 1024/813/1305 184/810/1305
f 182/814/1306 1033/815/1306 183/812/1306
f 181/816/1307 1043/817/1307 182/814/1307
f 180/818/1308 1054/819/1308 181/816/1308
f 179/820/1309 1066/821/1309 180/818/1309
f 178/33/1310 1079/822/1310 179/820/1310
f 192/795/1311 988/797/1311 387/47/1311
f 988/797/1312 386/184/1312 387/47/1312
f 191/796/1313 989/799/1313 988/797/1313
f 989/799/1314 990/823/1314 988/797/1314
f 988/797/1315 990/823/1315 386/184/1315
f 990/823/1316 385/185/1316 386/184/1316
f 190/798/1317 991/801/1317 989/799/1317
f 991/801/1318 992/824/1318 989/799/1318
f 989/799/1319 992/824/1319 990/823/1319
f 992/824/1320 993/825/1320 990/823/1320
f 990/823/1321 993/825/1321 385/185/1321
f 993/825/1322 384/186/1322 385/185/1322
f 189/800/1323 994/803/1323 991/801/1323
f 994/803/1324 995/826/1324 991/801/1324
f 991/801/1325 995/826/1325 992/824/1325
f 995/826/1326 996/827/1326 992/824/1326
f 992/824/1327 996/827/1327 993/825/1327
f 996/827/1328 997/828/1328 993/825/1328
f 993/825/1329 997/828/1329 384/186/1329
f 997/828/1330 383/187/1330 384/186/1330
f 188/802/1331 998/805/1331 994/803/1331
f 998/805/1332 999/829/1332 994/803/1332
f 994/803/1333 999/829/1333 995/826/1333
f 999/829/1334 1000/830/1334 995/826/1334
f 995/826/1335 1000/830/1335 996/827/1335
f 1000/830/1336 1001/831/1336 996/827/1336
f 996/827/1337 1001/831/1337 997/828/1337
f 1001/831/1338 1002/832/1338 997/828/1338
f 997/828/1339 1002/832/1339 383/187/1339
f 1002/832/1340 382/188/1340 383/187/1340
f 187/804/1341 1003/807/1341 998/805/1341
f 1003/807/1342 1004/833/1342 998/805/1342
f 998/805/1343 1004/833/1343 999/829/1343
f 1004/833/1344 1005/834/1344 999/829/1344
f 999/829/1345 1005/834/1345 1000/830/1345
f 1005/834/1346 1006/835/1346 1000/830/1346
f 1000/830/1347 1006/835/1347 1001/831/1347
f 1006/835/1348 1007/836/1348 1001/831/1348
f 1001/831/1349 1007/836/1349 1002/832/1349
f 1007/836/1350 1008/837/1350 1002/832/1350
f 1002/832/1351 1008/837/1351 382/188/1351
f 1008/837/1352 381/189/1352 382/188/1352
f 186/806/1353 1009/809/1353 1003/807/1353
f 1009/809/1354 1010/838/1354 1003/807/1354
f 1003/807/1355 1010/838/1355 1004/833/1355
f 1010/838/1356 1011/839/1356 1004/833/1356
f 1004/833/1357 1011/839/1357 1005/834/1357
f 1011/839/1358 1012/840/1358 1005/834/1358
f 1005/834/1359 1012/840/1359 1006/835/1359
f 1012/840/1360 1013/841/1360 1006/835/1360
f 1006/835/1361 1013/841/1361 1007/836/1361
f 1013/841/1362 1014/842/1362 1007/836/1362
f 1007/836/1363 1014/842/1363 1008/837/1363
f 1014/842/1364 1015/843/1364 1008/837/1364
f 1008/837/1365 1015/843/1365 381/189/1365
f 1015/843/1366 380/190/1366 381/189/1366
f 185/808/1367 1016/811/1367 1009/809/1367
f 1016/811/1368 1017/844/1368 1009/809/1368
f 1009/809/1369 1017/844/1369 1010/838/1369
f 1017/844/1370 1018/845/1370 1010/838/1370
f 1010/838/1371 1018/845/1371 1011/839/1371
f 1018/845/1372 1019/846/1372 1011/839/1372
f 1011/839/1373 1019/846/1373 1012/840/1373
f 1019/846/1374 1020/847/1374 1012/840/1374
f 1012/840/1375 1020/847/1375 1013/841/1375
f 1020/847/1376 1021/848/1376 1013/841/1376
f 1013/841/1377 1021/848/1377 1014/842/1377
f 1021/848/1378 1022/849/1378 1014/842/1378
f 1014/842/1379 1022/849/1379 1015/843/1379
f 1022/849/1380 1023/850/1380 1015/843/1380
f 1015/843/1381 1023/850/1381 380/190/1381
f 1023/850/1382 379/191/1382 380/190/1382
f 184/810/1383 1024/813/1383 1016/811/1383
f 1024/813/1384 1025/851/1384 1016/811/1384
f 1016/811/1385 1025/851/1385 1017/844/1385
f 1025/851/1386 1026/852/1386 1017/844/1386
f 1017/844/1387 1026/852/1387 1018/845/1387
f 1026/852/1388 1027/853/1388 1018/845/1388
f 1018/845/1389 1027/853/1389 1019/846/1389
f 1027/853/1390 1028/854/1390 1019/846/1390
f 1019/846/1391 1028/854/1391 1020/847/1391
f 1028/854/1392 1029/855/1392 1020/847/1392
f 1020/847/1393 1029/855/1393 1021/848/1393
f 1029/855/1394 1030/856/1394 1021/848/1394
f 1021/848/1395 1030/856/1395 1022/849/1395
f 1030/856/1396 1031/857/1396 1022/849/1396
f 1022/849/1397 1031/857/1397 1023/850/1397
f 1031/857/1398 1032/858/1398 1023/850/1398
f 1023/850/1399 1032/858/1399 379/191/1399
f 1032/858/1400 378/192/1400 379/191/1400
f 183/812/1401 1033/815/1401 1024/813/1401
f 1033/815/1402 1034/859/1402 1024/813/1402
f 1024/813/1403 1034/859/1403 1025/851/1403
f 1034/859/1404 1035/860/1404 1025/851/1404
f 1025/851/1405 1035/860/1405 1026/852/1405
f 1035/860/1406 1036/861/1406 1026/852/1406
f 1026/852/1407 1036/861/1407 1027/853/1407
f 1036/861/1408 1037/862/1408 1027/853/1408
f 1027/853/1409 1037/862/1409 1028/854/1409
f 1037/862/1410 1038/863/1410 1028/854/1410
f 1028/854/1411 1038/863/1411 1029/855/1411
f 1038/863/1412 1039/864/1412 1029/855/1412
f 1029/855/1413 1039/864/1413 1030/856/1413
f 1039/864/1414 1040/865/1414 1030/856/1414
f 1030/856/1415 1040/865/1415 1031/857/1415
f 1040/865/1416 1041/866/1416 1031/857/1416
f 1031/857/1417 1041/866/1417 1032/858/1417
f 1041/866/1418 1042/867/1418 1032/858/1418
f 1032/858/1419 1042/867/1419 378/192/1419
f 1042/867/1420 377/193/1420 378/192/1420
f 182/814/1421 1043/817/1421 1033/815/1421
f 1043/817/1422 1044/868/1422 1033/815/1422
f 1033/815/1423 1044/868/1423 1034/859/1423
f 1044/868/1424 1045/869/1424 1034/859/1424
f 1034/859/1425 1045/869/1425 1035/860/1425
f 1045/869/1426 1046/870/1426 1035/860/1426
f 1035/860/1427 1046/870/1427 1036/861/1427
f 1046/870/1428 1047/871/1428 1036/861/1428
f 1036/861/1429 1047/871/1429 1037/862/1429
f 1047/871/1430 1048/872/1430 1037/862/1430
f 1037/862/1431 1048/872/1431 1038/863/1431
f 1048/872/1432 1049/873/1432 1038/863/1432
f 1038/863/1433 1049/873/1433 1039/864/1433
f 1049/873/1434 1050/874/1434 1039/864/1434
f 1039/864/1435 1050/874/1435 1040/865/1435
f 1050/874/1436 1051/875/1436 1040/865/1436
f 1040/865/1437 1051/875/1437 1041/866/1437
f 1051/875/1438 1052/876/1438 1041/866/1438
f 1041/866/1439 1052/876/1439 1042/867/1439
f 1052/876/1440 1053/877/1440 1042/867/1440
f 1042/867/1441 1053/877/1441 377/193/1441
f 1053/877/1442 376/194/1442 377/193/1442
f 181/816/1443 1054/819/1443 1043/817/1443
f 1054/819/1444 1055/878/1444 1043/817/1444
f 1043/817/1445 1055/878/1445 1044/868/1445
f 1055/878/1446 1056/879/1446 1044/868/1446
f 1044/868/1447 1056/879/1447 1045/869/1447
f 1056/879/1448 1057/880/1448 1045/869/1448
f 1045/869/1449 1057/880/1449 1046/870/1449
f 1057/880/1450 1058/881/1450 1046/870/1450
f 1046/870/1451 1058/881/1451 1047/871/1451
f 1058/881/1452 1059/882/1452 1047/871/1452
f 1047/871/1453 1059/882/1453 1048/872/1453
f 1059/882/1454 1060/883/1454 1048/872/1454
f 1048/872/1455 1060/883/1455 1049/873/1455
f 1060/883/1456 1061/884/1456 1049/873/1456
f 1049/873/1457 1061/884/1457 1050/874/1457
f 1061/884/1458 1062/885/1458 1050/874/1458
f 1050/874/1459 1062/885/1459 1051/875/1459
f 1062/885/1460 1063/886/1460 1051/875/1460
f 1051/875/1461 1063/886/1461 1052/876/1461
f 1063/886/1462 1064/887/1462 1052/876/1462
f 1052/876/1463 1064/887/1463 1053/877/1463
f 1064/887/1464 1065/888/1464 1053/877/1464
f 1053/877/1465 1065/888/1465 376/194/1465
f 1065/888/1466 375/195/1466 376/194/1466
f 180/818/1467 1066/821/1467 1054/819/1467
f 1066/821/1468 1067/889/1468 1054/819/1468
f 1054/819/1469 1067/889/1469 1055/878/1469
f 1067/889/1470 1068/890/1470 1055/878/1470
f 1055/878/1471 1068/890/1471 1056/879/1471
f 1068/890/1472 1069/891/1472 1056/879/1472
f 1056/879/1473 1069/891/1473 1057/880/1473
f 1069/891/1474 1070/892/1474 1057/880/1474
f 1057/880/1475 1070/892/1475 1058/881/1475
f 1070/892/1476 1071/893/1476 1058/881/1476
f 1058/881/1477 1071/893/1477 1059/882/1477
f 1071/893/1478 1072/894/1478 1059/882/1478
f 1059/882/1479 1072/894/1479 1060/883/1479
f 1072/894/1480 1073/895/1480 1060/883/1480
f 1060/883/1481 1073/895/1481 1061/884/1481
f 1073/895/1482 1074/896/1482 1061/884/1482
f 1061/884/1483 1074/896/1483 1062/885/1483
f 1074/896/1484 1075/897/1484 1062/885/1484
f 1062/885/1485 1075/897/1485 1063/886/1485
f 1075/897/1486 1076/898/1486 1063/886/1486
f 1063/886/1487 1076/898/1487 1064/887/1487
f 1076/898/1488 1077/899/1488 1064/887/1488
f 1064/887/1489 1077/899/1489 1065/888/1489
f 1077/899/1490 1078/900/1490 1065/888/1490
f 1065/888/1491 1078/900/1491 375/195/1491
f 1078/900/1492 374/196/1492 375/195/1492
f 179/820/1493 1079/822/1493 1066/821/1493
f 1079/822/1494 1080/901/1494 1066/821/1494
f 1066/821/1495 1080/901/1495 1067/889/1495
f 1080/901/1496 1081/902/1496 1067/889/1496
f 1067/889/1497 1081/902/1497 1068/890/1497
f 1081/902/1498 1082/903/1498 1068/890/1498
f 1068/890/1499 1082/903/1499 1069/891/1499
f 1082/903/1500 1083/904/1500 1069/891/1500
f 1069/891/1501 1083/904/1501 1070/892/1501
f 1083/904/1502 1084/905/1502 1070/892/1502
f 1070/892/1503 1084/905/1503 1071/893/1503
f 1084/905/1504 1085/906/1504 1071/893/1504
f 1071/893/1505 1085/906/1505 1072/894/1505
f 1085/906/1506 1086/907/1506 1072/894/1506
f 1072/894/1507 1086/907/1507 1073/895/1507
f 1086/907/1508 1087/908/1508 1073/895/1508
f 1073/895/1509 1087/908/1509 1074/896/1509
f 1087/908/1510 1088/909/1510 1074/896/1510
f 1074/896/1511 1088/909/1511 1075/897/1511
f 1088/909/1512 1089/910/1512 1075/897/1512
f 1075/897/1513 1089/910/1513 1076/898/1513
f 1089/910/1514 1090/911/1514 1076/898/1514
f 1076/898/1515 1090/911/1515 1077/899/1515
f 1090/911/1516 1091/912/1516 1077/899/1516
f 1077/899/1517 1091/912/1517 1078/900/1517
f 1091/912/1518 1092/913/1518 1078/900/1518
f 1078/900/1519 1092/913/1519 374/196/1519
f 1092/913/1520 373/197/1520 374/196/1520
f 178/33/1521 297/28/1521 1079/822/1521
f 297/28/1522 296/914/1522 1079/822/1522
f 1079/822/1523 296/914/1523 1080/901/1523
f 296/914/1524 295/915/1524 1080/901/1524
f 1080/901/1525 295/915/1525 1081/902/1525
f 295/915/1526 294/916/1526 1081/902/1526
f 1081/902/1527 294/916/1527 1082/903/1527
f 294/916/1528 293/917/1528 1082/903/1528
f 1082/903/1529 293/917/1529 1083/904/1529
f 293/917/1530 292/918/1530 1083/904/1530
f 1083/904/1531 292/918/1531 1084/905/1531
f 292/918/1532 291/919/1532 1084/905/1532
f 1084/905/1533 291/919/1533 1085/906/1533
f 291/919/1534 290/920/1534 1085/906/1534
f 1085/906/1535 290/920/1535 1086/907/1535
f 290/920/1536 289/921/1536 1086/907/1536
f 1086/907/1537 289/921/1537 1087/908/1537
f 289/921/1538 288/922/1538 1087/908/1538
f 1087/908/1539 288/922/1539 1088/909/1539
f 288/922/1540 287/923/1540 1088/909/1540
f 1088/909/1541 287/923/1541 1089/910/1541
f 287/923/1542 286/924/1542 1089/910/1542
f 1089/910/1543 286/924/1543 1090/911/1543
f 286/924/1544 285/925/1544 1090/911/1544
f 1090/911/1545 285/925/1545 1091/912/1545
f 285/925/1546 284/926/1546 1091/912/1546
f 1091/912/1547 284/926/1547 1092/913/1547
f 284/926/1548 283/927/1548 1092/913/1548
f 1092/913/1549 283/927/1549 373/197/1549
f 283/927/1550 10/43/1550 373/197/1550
f 312/928/1551 372/44/1551 10/43/1551
f 311/929/1552 1093/930/1552 312/928/1552
f 310/931/1553 1094/932/1553 311/929/1553
f 309/933/1554 1096/934/1554 310/931/1554
f 308/935/1555 1099/936/1555 309/933/1555
f 307/937/1556 1103/938/1556 308/935/1556
f 306/939/1557 1108/940/1557 307/937/1557
f 305/941/1558 1114/942/1558 306/939/1558
f 304/943/1559 1121/944/1559 305/941/1559
f 303/945/1560 1129/946/1560 304/943/1560
f 302/947/1561 1138/948/1561 303/945/1561
f 301/949/1562 1148/950/1562 302/947/1562
f 300/951/1563 1159/952/1563 301/949/1563
f 299/953/1564 1171/954/1564 300/951/1564
f 298/32/1565 1184/955/1565 299/953/1565
f 312/928/1566 1093/930/1566 372/44/1566
f 1093/930/1567 371/333/1567 372/44/1567
f 311/929/1568 1094/932/1568 1093/930/1568
f 1094/932/1569 1095/956/1569 1093/930/1569
f 1093/930/1570 1095/956/1570 371/333/1570
f 1095/956/1571 370/334/1571 371/333/1571
f 310/931/1572 1096/934/1572 1094/932/1572
f 1096/934/1573 1097/957/1573 1094/932/1573
f 1094/932/1574 1097/957/1574 1095/956/1574
f 1097/957/1575 1098/958/1575 1095/956/1575
f 1095/956/1576 1098/958/1576 370/334/1576
f 1098/958/1577 369/335/1577 370/334/1577
f 309/933/1578 1099/936/1578 1096/934/1578
f 1099/936/1579 1100/959/1579 1096/934/1579
f 1096/934/1580 1100/959/1580 1097/957/1580
f 1100/959/1581 1101/960/1581 1097/957/1581
f 1097/957/1582 1101/960/1582 1098/958/1582
f 1101/960/1583 1102/961/1583 1098/958/1583
f 1098/958/1584 1102/961/1584 369/335/1584
f 1102/961/1585 368/336/1585 369/335/1585
f 308/935/1586 1103/938/1586 1099/936/1586
f 1103/938/1587 1104/962/1587 1099/936/1587
f 1099/936/1588 1104/962/1588 1100/959/1588
f 1104/962/1589 1105/963/1589 1100/959/1589
f 1100/959/1590 1105/963/1590 1101/960/1590
f 1105/963/1591 1106/964/1591 1101/960/1591
f 1101/960/1592 1106/964/1592 1102/961/1592
f 1106/964/1593 1107/965/1593 1102/961/1593
f 1102/961/1594 1107/965/1594 368/336/1594
f 1107/965/1595 367/337/1595 368/336/1595
f 307/937/1596 1108/940/1596 1103/938/1596
f 1108/940/1597 1109/966/1597 1103/938/1597
f 1103/938/1598 1109/966/1598 1104/962/1598
f 1109/966/1599 1110/967/1599 1104/962/1599
f 1104/962/1600 1110/967/1600 1105/963/1600
f 1110/967/1601 1111/968/1601 1105/963/1601
f 1105/963/1602 1111/968/1602 1106/964/1602
f 1111/968/1603 1112/969/1603 1106/964/1603
f 1106/964/1604 1112/969/1604 1107/965/1604
f 1112/969/1605 1113/970/1605 1107/965/1605
f 1107/965/1606 1113/970/1606 367/337/1606
f 1113/970/1607 366/338/1607 367/337/1607
f 306/939/1608 1114/942/1608 1108/940/1608
f 1114/942/1609 1115/971/1609 1108/940/1609
f 1108/940/1610 1115/971/1610 1109/966/1610
f 1115/971/1611 1116/972/1611 1109/966/1611
f 1109/966/1612 1116/972/1612 1110/967/1612
f 1116/972/1613 1117/973/1613 1110/967/1613
f 1110/967/1614 1117/973/1614 1111/968/1614
f 1117/973/1615 1118/974/1615 1111/968/1615
f 1111/968/1616 1118/974/1616 1112/969/1616
f 1118/974/1617 1119/975/1617 1112/969/1617
f 1112/969/1618 1119/975/1618 1113/970/1618
f 1119/975/1619 1120/976/1619 1113/970/1619
f 1113/970/1620 1120/976/1620 366/338/1620
f 1120/976/1621 365/339/1621 366/338/1621
f 305/941/1622 1121/944/1622 1114/942/1622
f 1121/944/1623 1122/977/1623 1114/942/1623
f 1114/942/1624 1122/977/1624 1115/971/1624
f 1122/977/1625 1123/978/1625 1115/971/1625
f 1115/971/1626 1123/978/1626 1116/972/1626
f 1123/978/1627 1124/979/1627 1116/972/1627
f 1116/972/1628 1124/979/1628 1117/973/1628
f 1124/979/1629 1125/980/1629 1117/973/1629
f 1117/973/1630 1125/980/1630 1118/974/1630
f 1125/980/1631 1126/981/1631 1118/974/1631
f 1118/974/1632 1126/981/1632 1119/975/1632
f 1126/981/1633 1127/982/1633 1119/975/1633
f 1119/975/1634 1127/982/1634 1120/976/1634
f 1127/982/1635 1128/983/1635 1120/976/1635
f 1120/976/1636 1128/983/1636 365/339/1636
f 1128/983/1637 364/340/1637 365/339/1637
f 304/943/1638 1129/946/1638 1121/944/1638
f 1129/946/1639 1130/984/1639 1121/944/1639
f 1121/944/1640 1130/984/1640 1122/977/1640
f 1130/984/1641 1131/985/1641 1122/977/1641
f 1122/977/1642 1131/985/1642 1123/978/1642
f 1131/985/1643 1132/986/1643 1123/978/1643
f 1123/978/1644 1132/986/1644 1124/979/1644
f 1132/986/1645 1133/987/1645 1124/979/1645
f 1124/979/1646 1133/987/1646 1125/980/1646
f 1133/987/1647 1134/988/1647 1125/980/1647
f 1125/980/1648 1134/988/1648 1126/981/1648
f 1134/988/1649 1135/989/1649 1126/981/1649
f 1126/981/1650 1135/989/1650 1127/982/1650
f 1135/989/1651 1136/990/1651 1127/982/1651
f 1127/982/1652 1136/990/1652 1128/983/1652
f 1136/990/1653 1137/991/1653 1128/983/1653
f 1128/983/1654 1137/991/1654 364/340/1654
f 1137/991/1655 363/341/1655 364/340/1655
f 303/945/1656 1138/948/1656 1129/946/1656
f 1138/948/1657 1139/992/1657 1129/946/1657
f 1129/946/1658 1139/992/1658 1130/984/1658
f 1139/992/1659 1140/993/1659 1130/984/1659
f 1130/984/1660 1140/993/1660 1131/985/1660
f 1140/993/1661 1141/994/1661 1131/985/1661
f 1131/985/1662 1141/994/1662 1132/986/1662
f 1141/994/1663 1142/995/1663 1132/986/1663
f 1132/986/1664 1142/995/1664 1133/987/1664
f 1142/995/1665 1143/996/1665 1133/987/1665
f 1133/987/1666 1143/996/1666 1134/988/1666
f 1143/996/1667 1144/997/1667 1134/988/1667
f 1134/988/1668 1144/997/1668 1135/989/1668
f 1144/997/1669 1145/998/1669 1135/989/1669
f 1135/989/1670 1145/998/1670 1136/990/1670
f 1145/998/1671 1146/999/1671 1136/990/1671
f 1136/990/1672 1146/999/1672 1137/991/1672
f 1146/999/1673 1147/1000/1673 1137/991/1673
f 1137/991/1674 1147/1000/1674 363/341/1674
f 1147/1000/1675 362/342/1675 363/341/1675
f 302/947/1676 1148/950/1676 1138/948/1676
f 1148/950/1677 1149/1001/1677 1138/948/1677
f 1138/948/1678 1149/1001/1678 1139/992/1678
f 1149/1001/1678 1150/1002/1678 1139/992/1678
f 1139/992/1679 1150/1002/1679 1140/993/1679
f 1150/1002/1680 1151/1003/1680 1140/993/1680
f 1140/993/1681 1151/1003/1681 1141/994/1681
f 1151/1003/1682 1152/1004/1682 1141/994/1682
f 1141/994/1683 1152/1004/1683 1142/995/1683
f 1152/1004/1684 1153/1005/1684 1142/995/1684
f 1142/995/1685 1153/1005/1685 1143/996/1685
f 1153/1005/1686 1154/1006/1686 1143/996/1686
f 1143/996/1687 1154/1006/1687 1144/997/1687
f 1154/1006/1688 1155/1007/1688 1144/997/1688
f 1144/997/1689 1155/1007/1689 1145/998/1689
f 1155/1007/1690 1156/1008/1690 1145/998/1690
f 1145/998/1691 1156/1008/1691 1146/999/1691
f 1156/1008/1692 1157/1009/1692 1146/999/1692
f 1146/999/1693 1157/1009/1693 1147/1000/1693
f 1157/1009/1694 1158/1010/1694 1147/1000/1694
f 1147/1000/1695 1158/1010/1695 362/342/1695
f 1158/1010/1696 361/343/1696 362/342/1696
f 301/949/1697 1159/952/1697 1148/950/1697
f 1159/952/1698 1160/1011/1698 1148/950/1698
f 1148/950/1699 1160/1011/1699 1149/1001/1699
f 1160/1011/1700 1161/1012/1700 1149/1001/1700
f 1149/1001/1701 1161/1012/1701 1150/1002/1701
f 1161/1012/1702 1162/1013/1702 1150/1002/1702
f 1150/1002/1703 1162/1013/1703 1151/1003/1703
f 1162/1013/1704 1163/1014/1704 1151/1003/1704
f 1151/1003/1705 1163/1014/1705 1152/1004/1705
f 1163/1014/1706 1164/1015/1706 1152/1004/1706
f 1152/1004/1707 1164/1015/1707 1153/1005/1707
f 1164/1015/1708 1165/1016/1708 1153/1005/1708
f 1153/1005/1709 1165/1016/1709 1154/1006/1709
f 1165/1016/1710 1166/1017/1710 1154/1006/1710
f 1154/1006/1711 1166/1017/1711 1155/1007/1711
f 1166/1017/1712 1167/1018/1712 1155/1007/1712
f 1155/1007/1713 1167/1018/1713 1156/1008/1713
f 1167/1018/1714 1168/1019/1714 1156/1008/1714
f 1156/1008/1715 1168/1019/1715 1157/1009/1715
f 1168/1019/1716 1169/1020/1716 1157/1009/1716
f 1157/1009/1717 1169/1020/1717 1158/1010/1717
f 1169/1020/1718 1170/1021/1718 1158/1010/1718
f 1158/1010/1719 1170/1021/1719 361/343/1719
f 1170/1021/1720 360/344/1720 361/343/1720
f 300/951/1721 1171/954/1721 1159/952/1721
f 1171/954/1722 1172/1022/1722 1159/952/1722
f 1159/952/1723 1172/1022/1723 1160/1011/1723
f 1172/1022/1724 1173/1023/1724 1160/1011/1724
f 1160/1011/1725 1173/1023/1725 1161/1012/1725
f 1173/1023/1726 1174/1024/1726 1161/1012/1726
f 1161/1012/1727 1174/1024/1727 1162/1013/1727
f 1174/1024/1728 1175/1025/1728 1162/1013/1728
f 1162/1013/1729 1175/1025/1729 1163/1014/1729
f 1175/1025/1730 1176/1026/1730 1163/1014/1730
f 1163/1014/1731 1176/1026/1731 1164/1015/1731
f 1176/1026/1732 1177/1027/1732 1164/1015/1732
f 1164/1015/1733 1177/1027/1733 1165/1016/1733
f 1177/1027/1734 1178/1028/1734 1165/1016/1734
f 1165/1016/1735 1178/1028/1735 1166/1017/1735
f 1178/1028/1736 1179/1029/1736 1166/1017/1736
f 1166/1017/1737 1179/1029/1737 1167/1018/1737
f 1179/1029/1738 1180/1030/1738 1167/1018/1738
f 1167/1018/1739 1180/1030/1739 1168/1019/1739
f 1180/1030/1740 1181/1031/1740 1168/1019/1740
f 1168/1019/1741 1181/1031/1741 1169/1020/1741
f 1181/1031/1742 1182/1032/1742 1169/1020/1742
f 1169/1020/1743 1182/1032/1743 1170/1021/1743
f 1182/1032/1744 1183/1033/1744 1170/1021/1744
f 1170/1021/1745 1183/1033/1745 360/344/1745
f 1183/1033/1746 359/345/1746 360/344/1746
f 299/953/1747 1184/955/1747 1171/954/1747
f 1184/955/1748 1185/1034/1748 1171/954/1748
f 1171/954/1749 1185/1034/1749 1172/1022/1749
f 1185/1034/1750 1186/1035/1750 1172/1022/1750
f 1172/1022/1751 1186/1035/1751 1173/1023/1751
f 1186/1035/1752 1187/1036/1752 1173/1023/1752
f 1173/1023/1753 1187/1036/1753 1174/1024/1753
f 1187/1036/1754 1188/1037/1754 1174/1024/1754
f 1174/1024/1755 1188/1037/1755 1175/1025/1755
f 1188/1037/1756 1189/1038/1756 1175/1025/1756
f 1175/1025/1757 1189/1038/1757 1176/1026/1757
f 1189/1038/1758 1190/1039/1758 1176/1026/1758
f 1176/1026/1759 1190/1039/1759 1177/1027/1759
f 1190/1039/1760 1191/1040/1760 1177/1027/1760
f 1177/1027/1761 1191/1040/1761 1178/1028/1761
f 1191/1040/1762 1192/1041/1762 1178/1028/1762
f 1178/1028/1763 1192/1041/1763 1179/1029/1763
f 1192/1041/1764 1193/1042/1764 1179/1029/1764
f 1179/1029/1765 1193/1042/1765 1180/1030/1765
f 1193/1042/1766 1194/1043/1766 1180/1030/1766
f 1180/1030/1767 1194/1043/1767 1181/1031/1767
f 1194/1043/1768 1195/1044/1768 1181/1031/1768
f 1181/1031/1769 1195/1044/1769 1182/1032/1769
f 1195/1044/1770 1196/1045/1770 1182/1032/1770
f 1182/1032/1771 1196/1045/1771 1183/1033/1771
f 1196/1045/1772 1197/1046/1772 1183/1033/1772
f 1183/1033/1773 1197/1046/1773 359/345/1773
f 1197/1046/1774 358/346/1774 359/345/1774
f 298/32/1775 267/25/1775 1184/955/1775
f 267/25/1776 266/1047/1776 1184/955/1776
f 1184/955/1777 266/1047/1777 1185/1034/1777
f 266/1047/1778 265/1048/1778 1185/1034/1778
f 1185/1034/1779 265/1048/1779 1186/1035/1779
f 265/1048/1780 264/1049/1780 1186/1035/1780
f 1186/1035/1781 264/1049/1781 1187/1036/1781
f 264/1049/1782 263/1050/1782 1187/1036/1782
f 1187/1036/1783 263/1050/1783 1188/1037/1783
f 263/1050/1784 262/1051/1784 1188/1037/1784
f 1188/1037/1785 262/1051/1785 1189/1038/1785
f 262/1051/1786 261/1052/1786 1189/1038/1786
f 1189/1038/1787 261/1052/1787 1190/1039/1787
f 261/1052/1788 260/1053/1788 1190/1039/1788
f 1190/1039/1789 260/1053/1789 1191/1040/1789
f 260/1053/1790 259/1054/1790 1191/1040/1790
f 1191/1040/1791 259/1054/1791 1192/1041/1791
f 259/1054/1792 258/1055/1792 1192/1041/1792
f 1192/1041/1793 258/1055/1793 1193/1042/1793
f 258/1055/1794 257/1056/1794 1193/1042/1794
f 1193/1042/1795 257/1056/1795 1194/1043/1795
f 257/1056/1796 256/1057/1796 1194/1043/1796
f 1194/1043/1797 256/1057/1797 1195/1044/1797
f 256/1057/1798 255/1058/1798 1195/1044/1798
f 1195/1044/1799 255/1058/1799 1196/1045/1799
f 255/1058/1800 254/1059/1800 1196/1045/1800
f 1196/1045/1801 254/1059/1801 1197/1046/1801
f 254/1059/1802 253/1060/1802 1197/1046/1802
f 1197/1046/1803 253/1060/1803 358/346/1803
f 253/1060/1804 9/40/1804 358/346/1804
f 282/1061/1805 357/41/1805 9/40/1805
f 281/1062/1806 1198/1063/1806 282/1061/1806
f 280/1064/1807 1199/1065/1807 281/1062/1807
f 279/1066/1808 1201/1067/1808 280/1064/1808
f 278/1068/1809 1204/1069/1809 279/1066/1809
f 277/1070/1810 1208/1071/1810 278/1068/1810
f 276/1072/1811 1213/1073/1811 277/1070/1811
f 275/1074/1812 1219/1075/1812 276/1072/1812
f 274/1076/1813 1226/1077/1813 275/1074/1813
f 273/1078/1814 1234/1079/1814 274/1076/1814
f 272/1080/1815 1243/1081/1815 273/1078/1815
f 271/1082/1816 1253/1083/1816 272/1080/1816
f 270/1084/1817 1264/1085/1817 271/1082/1817
f 269/1086/1818 1276/1087/1818 270/1084/1818
f 268/31/1819 1289/1088/1819 269/1086/1819
f 282/1061/1820 1198/1063/1820 357/41/1820
f 1198/1063/1821 356/482/1821 357/41/1821
f 281/1062/1822 1199/1065/1822 1198/1063/1822
f 1199/1065/1823 1200/1089/1823 1198/1063/1823
f 1198/1063/1824 1200/1089/1824 356/482/1824
f 1200/1089/1825 355/483/1825 356/482/1825
f 280/1064/1826 1201/1067/1826 1199/1065/1826
f 1201/1067/1827 1202/1090/1827 1199/1065/1827
f 1199/1065/1828 1202/1090/1828 1200/1089/1828
f 1202/1090/1829 1203/1091/1829 1200/1089/1829
f 1200/1089/1830 1203/1091/1830 355/483/1830
f 1203/1091/1831 354/484/1831 355/483/1831
f 279/1066/1832 1204/1069/1832 1201/1067/1832
f 1204/1069/1833 1205/1092/1833 1201/1067/1833
f 1201/1067/1834 1205/1092/1834 1202/1090/1834
f 1205/1092/1835 1206/1093/1835 1202/1090/1835
f 1202/1090/1836 1206/1093/1836 1203/1091/1836
f 1206/1093/1837 1207/1094/1837 1203/1091/1837
f 1203/1091/1838 1207/1094/1838 354/484/1838
f 1207/1094/1839 353/485/1839 354/484/1839
f 278/1068/1840 1208/1071/1840 1204/1069/1840
f 1208/1071/1841 1209/1095/1841 1204/1069/1841
f 1204/1069/1842 1209/1095/1842 1205/1092/1842
f 1209/1095/1843 1210/1096/1843 1205/1092/1843
f 1205/1092/1844 1210/1096/1844 1206/1093/1844
f 1210/1096/1845 1211/1097/1845 1206/1093/1845
f 1206/1093/1846 1211/1097/1846 1207/1094/1846
f 1211/1097/1847 1212/1098/1847 1207/1094/1847
f 1207/1094/1848 1212/1098/1848 353/485/1848
f 1212/1098/1849 352/486/1849 353/485/1849
f 277/1070/1850 1213/1073/1850 1208/1071/1850
f 1213/1073/1851 1214/1099/1851 1208/1071/1851
f 1208/1071/1852 1214/1099/1852 1209/1095/1852
f 1214/1099/1853 1215/1100/1853 1209/1095/1853
f 1209/1095/1854 1215/1100/1854 1210/1096/1854
f 1215/1100/1855 1216/1101/1855 1210/1096/1855
f 1210/1096/1856 1216/1101/1856 1211/1097/1856
f 1216/1101/1857 1217/1102/1857 1211/1097/1857
f 1211/1097/1858 1217/1102/1858 1212/1098/1858
f 1217/1102/1859 1218/1103/1859 1212/1098/1859
f 1212/1098/1860 1218/1103/1860 352/486/1860
f 1218/1103/1861 351/487/1861 352/486/1861
f 276/1072/1862 1219/1075/1862 1213/1073/1862
f 1219/1075/1863 1220/1104/1863 1213/1073/1863
f 1213/1073/1864 1220/1104/1864 1214/1099/1864
f 1220/1104/1865 1221/1105/1865 1214/1099/1865
f 1214/1099/1866 1221/1105/1866 1215/1100/1866
f 1221/1105/1867 1222/1106/1867 1215/1100/1867
f 1215/1100/1868 1222/1106/1868 1216/1101/1868
f 1222/1106/1869 1223/1107/1869 1216/1101/1869
f 1216/1101/1870 1223/1107/1870 1217/1102/1870
f 1223/1107/1871 1224/1108/1871 1217/1102/1871
f 1217/1102/1872 1224/1108/1872 1218/1103/1872
f 1224/1108/1873 1225/1109/1873 1218/1103/1873
f 1218/1103/1874 1225/1109/1874 351/487/1874
f 1225/1109/1875 350/488/1875 351/487/1875
f 275/1074/1876 1226/1077/1876 1219/1075/1876
f 1226/1077/1877 1227/1110/1877 1219/1075/1877
f 1219/1075/1878 1227/1110/1878 1220/1104/1878
f 1227/1110/1879 1228/1111/1879 1220/1104/1879
f 1220/1104/1880 1228/1111/1880 1221/1105/1880
f 1228/1111/1881 1229/1112/1881 1221/1105/1881
f 1221/1105/1882 1229/1112/1882 1222/1106/1882
f 1229/1112/1883 1230/1113/1883 1222/1106/1883
f 1222/1106/1884 1230/1113/1884 1223/1107/1884
f 1230/1113/1885 1231/1114/1885 1223/1107/1885
f 1223/1107/1886 1231/1114/1886 1224/1108/1886
f 1231/1114/1887 1232/1115/1887 1224/1108/1887
f 1224/1108/1888 1232/1115/1888 1225/1109/1888
f 1232/1115/1889 1233/1116/1889 1225/1109/1889
f 1225/1109/1890 1233/1116/1890 350/488/1890
f 1233/1116/1891 349/489/1891 350/488/1891
f 274/1076/1892 1234/1079/1892 1226/1077/1892
f 1234/1079/1893 1235/1117/1893 1226/1077/1893
f 1226/1077/1894 1235/1117/1894 1227/1110/1894
f 1235/1117/1895 1236/1118/1895 1227/1110/1895
f 1227/1110/1896 1236/1118/1896 1228/1111/1896
f 1236/1118/1897 1237/1119/1897 1228/1111/1897
f 1228/1111/1898 1237/1119/1898 1229/1112/1898
f 1237/1119/1899 1238/1120/1899 1229/1112/1899
f 1229/1112/1900 1238/1120/1900 1230/1113/1900
f 1238/1120/1901 1239/1121/1901 1230/1113/1901
f 1230/1113/1902 1239/1121/1902 1231/1114/1902
f 1239/1121/1903 1240/1122/1903 1231/1114/1903
f 1231/1114/1904 1240/1122/1904 1232/1115/1904
f 1240/1122/1905 1241/1123/1905 1232/1115/1905
f 1232/1115/1906 1241/1123/1906 1233/1116/1906
f 1241/1123/1907 1242/1124/1907 1233/1116/1907
f 1233/1116/1908 1242/1124/1908 349/489/1908
f 1242/1124/1909 348/490/1909 349/489/1909
f 273/1078/1910 1243/1081/1910 1234/1079/1910
f 1243/1081/1911 1244/1125/1911 1234/1079/1911
f 1234/1079/1912 1244/1125/1912 1235/1117/1912
f 1244/1125/1913 1245/1126/1913 1235/1117/1913
f 1235/1117/1914 1245/1126/1914 1236/1118/1914
f 1245/1126/1915 1246/1127/1915 1236/1118/1915
f 1236/1118/1916 1246/1127/1916 1237/1119/1916
f 1246/1127/1917 1247/1128/1917 1237/1119/1917
f 1237/1119/1918 1247/1128/1918 1238/1120/1918
f 1247/1128/1919 1248/1129/1919 1238/1120/1919
f 1238/1120/1920 1248/1129/1920 1239/1121/1920
f 1248/1129/1921 1249/1130/1921 1239/1121/1921
f 1239/1121/1922 1249/1130/1922 1240/1122/1922
f 1249/1130/1923 1250/1131/1923 1240/1122/1923
f 1240/1122/1924 1250/1131/1924 1241/1123/1924
f 1250/1131/1925 1251/1132/1925 1241/1123/1925
f 1241/1123/1926 1251/1132/1926 1242/1124/1926
f 1251/1132/1927 1252/1133/1927 1242/1124/1927
f 1242/1124/1928 1252/1133/1928 348/490/1928
f 1252/1133/1929 347/491/1929 348/490/1929
f 272/1080/1930 1253/1083/1930 1243/1081/1930
f 1253/1083/1931 1254/1134/1931 1243/1081/1931
f 1243/1081/1932 1254/1134/1932 1244/1125/1932
f 1254/1134/1933 1255/1135/1933 1244/1125/1933
f 1244/1125/1934 1255/1135/1934 1245/1126/1934
f 1255/1135/1935 1256/1136/1935 1245/1126/1935
f 1245/1126/1936 1256/1136/1936 1246/1127/1936
f 1256/1136/1937 1257/1137/1937 1246/1127/1937
f 1246/1127/1938 1257/1137/1938 1247/1128/1938
f 1257/1137/1939 1258/1138/1939 1247/1128/1939
f 1247/1128/1940 1258/1138/1940 1248/1129/1940
f 1258/1138/1941 1259/1139/1941 1248/1129/1941
f 1248/1129/1942 1259/1139/1942 1249/1130/1942
f 1259/1139/1943 1260/1140/1943 1249/1130/1943
f 1249/1130/1944 1260/1140/1944 1250/1131/1944
f 1260/1140/1945 1261/1141/1945 1250/1131/1945
f 1250/1131/1946 1261/1141/1946 1251/1132/1946
f 1261/1141/1947 1262/1142/1947 1251/1132/1947
f 1251/1132/1948 1262/1142/1948 1252/1133/1948
f 1262/1142/1949 1263/1143/1949 1252/1133/1949
f 1252/1133/1950 1263/1143/1950 347/491/1950
f 1263/1143/1951 346/492/1951 347/491/1951
f 271/1082/1952 1264/1085/1952 1253/1083/1952
f 1264/1085/1953 1265/1144/1953 1253/1083/1953
f 1253/1083/1954 1265/1144/1954 1254/1134/1954
f 1265/1144/1955 1266/1145/1955 1254/1134/1955
f 1254/1134/1956 1266/1145/1956 1255/1135/1956
f 1266/1145/1957 1267/1146/1957 1255/1135/1957
f 1255/1135/1958 1267/1146/1958 1256/1136/1958
f 1267/1146/1959 1268/1147/1959 1256/1136/1959
f 1256/1136/1960 1268/1147/1960 1257/1137/1960
f 1268/1147/1961 1269/1148/1961 1257/1137/1961
f 1257/1137/1962 1269/1148/1962 1258/1138/1962
f 1269/1148/1963 1270/1149/1963 1258/1138/1963
f 1258/1138/1964 1270/1149/1964 1259/1139/1964
f 1270/1149/1965 1271/1150/1965 1259/1139/1965
f 1259/1139/1966 1271/1150/1966 1260/1140/1966
f 1271/1150/1967 1272/1151/1967 1260/1140/1967
f 1260/1140/1968 1272/1151/1968 1261/1141/1968
f 1272/1151/1969 1273/1152/1969 1261/1141/1969
f 1261/1141/1970 1273/1152/1970 1262/1142/1970
f 1273/1152/1971 1274/1153/1971 1262/1142/1971
f 1262/1142/1972 1274/1153/1972 1263/1143/1972
f 1274/1153/1973 1275/1154/1973 1263/1143/1973
f 1263/1143/1974 1275/1154/1974 346/492/1974
f 1275/1154/1975 345/493/1975 346/492/1975
f 270/1084/1976 1276/1087/1976 1264/1085/1976
f 1276/1087/1977 1277/1155/1977 1264/1085/1977
f 1264/1085/1978 1277/1155/1978 1265/1144/1978
f 1277/1155/1979 1278/1156/1979 1265/1144/1979
f 1265/1144/1980 1278/1156/1980 1266/1145/1980
f 1278/1156/1981 1279/1157/1981 1266/1145/1981
f 1266/1145/1982 1279/1157/1982 1267/1146/1982
f 1279/1157/1983 1280/1158/1983 1267/1146/1983
f 1267/1146/1984 1280/1158/1984 1268/1147/1984
f 1280/1158/1985 1281/1159/1985 1268/1147/1985
f 1268/1147/1986 1281/1159/1986 1269/1148/1986
f 1281/1159/1987 1282/1160/1987 1269/1148/1987
f 1269/1148/1988 1282/1160/1988 1270/1149/1988
f 1282/1160/1989 1283/1161/1989 1270/1149/1989
f 1270/1149/1990 1283/1161/1990 1271/1150/1990
f 1283/1161/1991 1284/1162/1991 1271/1150/1991
f 1271/1150/1992 1284/1162/1992 1272/1151/1992
f 1284/1162/1993 1285/1163/1993 1272/1151/1993
f 1272/1151/1994 1285/1163/1994 1273/1152/1994
f 1285/1163/1995 1286/1164/1995 1273/1152/1995
f 1273/1152/1996 1286/1164/1996 1274/1153/1996
f 1286/1164/1997 1287/1165/1997 1274/1153/1997
f 1274/1153/1998 1287/1165/1998 1275/1154/1998
f 1287/1165/1999 1288/1166/1999 1275/1154/1999
f 1275/1154/2000 1288/1166/2000 345/493/2000
f 1288/1166/2001 344/494/2001 345/493/2001
f 269/1086/2002 1289/1088/2002 1276/1087/2002
f 1289/1088/2003 1290/1167/2003 1276/1087/2003
f 1276/1087/2004 1290/1167/2004 1277/1155/2004
f 1290/1167/2005 1291/1168/2005 1277/1155/2005
f 1277/1155/2006 1291/1168/2006 1278/1156/2006
f 1291/1168/2007 1292/1169/2007 1278/1156/2007
f 1278/1156/2008 1292/1169/2008 1279/1157/2008
f 1292/1169/2009 1293/1170/2009 1279/1157/2009
f 1279/1157/2010 1293/1170/2010 1280/1158/2010
f 1293/1170/2011 1294/1171/2011 1280/1158/2011
f 1280/1158/2012 1294/1171/2012 1281/1159/2012
f 1294/1171/2013 1295/1172/2013 1281/1159/2013
f 1281/1159/2014 1295/1172/2014 1282/1160/2014
f 1295/1172/2015 1296/1173/2015 1282/1160/2015
f 1282/1160/2016 1296/1173/2016 1283/1161/2016
f 1296/1173/2017 1297/1174/2017 1283/1161/2017
f 1283/1161/2018 1297/1174/2018 1284/1162/2018
f 1297/1174/2019 1298/1175/2019 1284/1162/2019
f 1284/1162/2020 1298/1175/2020 1285/1163/2020
f 1298/1175/2021 1299/1176/2021 1285/1163/2021
f 1285/1163/2022 1299/1176/2022 1286/1164/2022
f 1299/1176/2023 1300/1177/2023 1286/1164/2023
f 1286/1164/2024 1300/1177/2024 1287/1165/2024
f 1300/1177/2025 1301/1178/2025 1287/1165/2025
f 1287/1165/2026 1301/1178/2026 1288/1166/2026
f 1301/1178/2027 1302/1179/2027 1288/1166/2027
f 1288/1166/2028 1302/1179/2028 344/494/2028
f 1302/1179/2029 343/495/2029 344/494/2029
f 268/31/2030 237/22/2030 1289/1088/2030
f 237/22/2031 236/1180/2031 1289/1088/2031
f 1289/1088/2032 236/1180/2032 1290/1167/2032
f 236/1180/2033 235/1181/2033 1290/1167/2033
f 1290/1167/2034 235/1181/2034 1291/1168/2034
f 235/1181/2035 234/1182/2035 1291/1168/2035
f 1291/1168/2036 234/1182/2036 1292/1169/2036
f 234/1182/2037 233/1183/2037 1292/1169/2037
f 1292/1169/2038 233/1183/2038 1293/1170/2038
f 233/1183/2039 232/1184/2039 1293/1170/2039
f 1293/1170/2040 232/1184/2040 1294/1171/2040
f 232/1184/2041 231/1185/2041 1294/1171/2041
f 1294/1171/2042 231/1185/2042 1295/1172/2042
f 231/1185/2043 230/1186/2043 1295/1172/2043
f 1295/1172/2044 230/1186/2044 1296/1173/2044
f 230/1186/2045 229/1187/2045 1296/1173/2045
f 1296/1173/2046 229/1187/2046 1297/1174/2046
f 229/1187/2047 228/1188/2047 1297/1174/2047
f 1297/1174/2048 228/1188/2048 1298/1175/2048
f 228/1188/2049 227/1189/2049 1298/1175/2049
f 1298/1175/2050 227/1189/2050 1299/1176/2050
f 227/1189/2051 226/1190/2051 1299/1176/2051
f 1299/1176/2052 226/1190/2052 1300/1177/2052
f 226/1190/2053 225/1191/2053 1300/1177/2053
f 1300/1177/2054 225/1191/2054 1301/1178/2054
f 225/1191/2055 224/1192/2055 1301/1178/2055
f 1301/1178/2056 224/1192/2056 1302/1179/2056
f 224/1192/2057 223/1193/2057 1302/1179/2057
f 1302/1179/2058 223/1193/2058 343/495/2058
f 223/1193/2059 8/496/2059 343/495/2059
f 252/1194/2060 342/38/2060 8/37/2060
f 251/1195/2061 1303/1196/2061 252/1194/2061
f 250/1197/2062 1304/1198/2062 251/1195/2062
f 249/1199/2063 1306/1200/2063 250/1197/2063
f 248/1201/2064 1309/1202/2064 249/1199/2064
f 247/1203/2065 1313/1204/2065 248/1201/2065
f 246/1205/2066 1318/1206/2066 247/1203/2066
f 245/1207/2067 1324/1208/2067 246/1205/2067
f 244/1209/2068 1331/1210/2068 245/1207/2068
f 243/1211/2069 1339/1212/2069 244/1209/2069
f 242/1213/2070 1348/1214/2070 243/1211/2070
f 241/1215/2071 1358/1216/2071 242/1213/2071
f 240/1217/2072 1369/1218/2072 241/1215/2072
f 239/1219/2073 1381/1220/2073 240/1217/2073
f 238/30/2074 1394/1221/2074 239/1219/2074
f 252/1194/2075 1303/1196/2075 342/38/2075
f 1303/1196/2076 341/632/2076 342/38/2076
f 251/1195/2077 1304/1198/2077 1303/1196/2077
f 1304/1198/2078 1305/1222/2078 1303/1196/2078
f 1303/1196/2079 1305/1222/2079 341/632/2079
f 1305/1222/2080 340/633/2080 341/632/2080
f 250/1197/2081 1306/1200/2081 1304/1198/2081
f 1306/1200/2082 1307/1223/2082 1304/1198/2082
f 1304/1198/2083 1307/1223/2083 1305/1222/2083
f 1307/1223/2084 1308/1224/2084 1305/1222/2084
f 1305/1222/2085 1308/1224/2085 340/633/2085
f 1308/1224/2086 339/634/2086 340/633/2086
f 249/1199/2087 1309/1202/2087 1306/1200/2087
f 1309/1202/2088 1310/1225/2088 1306/1200/2088
f 1306/1200/2089 1310/1225/2089 1307/1223/2089
f 1310/1225/2090 1311/1226/2090 1307/1223/2090
f 1307/1223/2091 1311/1226/2091 1308/1224/2091
f 1311/1226/2092 1312/1227/2092 1308/1224/2092
f 1308/1224/2093 1312/1227/2093 339/634/2093
f 1312/1227/2094 338/635/2094 339/634/2094
f 248/1201/2095 1313/1204/2095 1309/1202/2095
f 1313/1204/2096 1314/1228/2096 1309/1202/2096
f 1309/1202/2097 1314/1228/2097 1310/1225/2097
f 1314/1228/2098 1315/1229/2098 1310/1225/2098
f 1310/1225/2099 1315/1229/2099 1311/1226/2099
f 1315/1229/2100 1316/1230/2100 1311/1226/2100
f 1311/1226/2101 1316/1230/2101 1312/1227/2101
f 1316/1230/2102 1317/1231/2102 1312/1227/2102
f 1312/1227/2103 1317/1231/2103 338/635/2103
f 1317/1231/2104 337/636/2104 338/635/2104
f 247/1203/2105 1318/1206/2105 1313/1204/2105
f 1318/1206/2106 1319/1232/2106 1313/1204/2106
f 1313/1204/2107 1319/1232/2107 1314/1228/2107
f 1319/1232/2108 1320/1233/2108 1314/1228/2108
f 1314/1228/2109 1320/1233/2109 1315/1229/2109
f 1320/1233/2110 1321/1234/2110 1315/1229/2110
f 1315/1229/2111 1321/1234/2111 1316/1230/2111
f 1321/1234/2112 1322/1235/2112 1316/1230/2112
f 1316/1230/2113 1322/1235/2113 1317/1231/2113
f 1322/1235/2114 1323/1236/2114 1317/1231/2114
f 1317/1231/2115 1323/1236/2115 337/636/2115
f 1323/1236/2116 336/637/2116 337/636/2116
f 246/1205/2117 1324/1208/2117 1318/1206/2117
f 1324/1208/2118 1325/1237/2118 1318/1206/2118
f 1318/1206/2119 1325/1237/2119 1319/1232/2119
f 1325/1237/2120 1326/1238/2120 1319/1232/2120
f 1319/1232/2121 1326/1238/2121 1320/1233/2121
f 1326/1238/2122 1327/1239/2122 1320/1233/2122
f 1320/1233/2123 1327/1239/2123 1321/1234/2123
f 1327/1239/2124 1328/1240/2124 1321/1234/2124
f 1321/1234/2125 1328/1240/2125 1322/1235/2125
f 1328/1240/2126 1329/1241/2126 1322/1235/2126
f 1322/1235/2127 1329/1241/2127 1323/1236/2127
f 1329/1241/2128 1330/1242/2128 1323/1236/2128
f 1323/1236/2129 1330/1242/2129 336/637/2129
f 1330/1242/2130 335/638/2130 336/637/2130
f 245/1207/2131 1331/1210/2131 1324/1208/2131
f 1331/1210/2132 1332/1243/2132 1324/1208/2132
f 1324/1208/2133 1332/1243/2133 1325/1237/2133
f 1332/1243/2134 1333/1244/2134 1325/1237/2134
f 1325/1237/2135 1333/1244/2135 1326/1238/2135
f 1333/1244/2136 1334/1245/2136 1326/1238/2136
f 1326/1238/2137 1334/1245/2137 1327/1239/2137
f 1334/1245/2138 1335/1246/2138 1327/1239/2138
f 1327/1239/2139 1335/1246/2139 1328/1240/2139
f 1335/1246/2140 1336/1247/2140 1328/1240/2140
f 1328/1240/2141 1336/1247/2141 1329/1241/2141
f 1336/1247/2142 1337/1248/2142 1329/1241/2142
f 1329/1241/2143 1337/1248/2143 1330/1242/2143
f 1337/1248/2144 1338/1249/2144 1330/1242/2144
f 1330/1242/2145 1338/1249/2145 335/638/2145
f 1338/1249/2146 334/639/2146 335/638/2146
f 244/1209/2147 1339/1212/2147 1331/1210/2147
f 1339/1212/2148 1340/1250/2148 1331/1210/2148
f 1331/1210/2149 1340/1250/2149 1332/1243/2149
f 1340/1250/2150 1341/1251/2150 1332/1243/2150
f 1332/1243/2151 1341/1251/2151 1333/1244/2151
f 1341/1251/2152 1342/1252/2152 1333/1244/2152
f 1333/1244/2153 1342/1252/2153 1334/1245/2153
f 1342/1252/2154 1343/1253/2154 1334/1245/2154
f 1334/1245/2155 1343/1253/2155 1335/1246/2155
f 1343/1253/2156 1344/1254/2156 1335/1246/2156
f 1335/1246/2157 1344/1254/2157 1336/1247/2157
f 1344/1254/2158 1345/1255/2158 1336/1247/2158
f 1336/1247/2159 1345/1255/2159 1337/1248/2159
f 1345/1255/2160 1346/1256/2160 1337/1248/2160
f 1337/1248/2161 1346/1256/2161 1338/1249/2161
f 1346/1256/2162 1347/1257/2162 1338/1249/2162
f 1338/1249/2163 1347/1257/2163 334/639/2163
f 1347/1257/2164 333/640/2164 334/639/2164
f 243/1211/2165 1348/1214/2165 1339/1212/2165
f 1348/1214/2166 1349/1258/2166 1339/1212/2166
f 1339/1212/2167 1349/1258/2167 1340/1250/2167
f 1349/1258/2168 1350/1259/2168 1340/1250/2168
f 1340/1250/2169 1350/1259/2169 1341/1251/2169
f 1350/1259/2170 1351/1260/2170 1341/1251/2170
f 1341/1251/2171 1351/1260/2171 1342/1252/2171
f 1351/1260/2172 1352/1261/2172 1342/1252/2172
f 1342/1252/2173 1352/1261/2173 1343/1253/2173
f 1352/1261/2174 1353/1262/2174 1343/1253/2174
f 1343/1253/2175 1353/1262/2175 1344/1254/2175
f 1353/1262/2176 1354/1263/2176 1344/1254/2176
f 1344/1254/2177 1354/1263/2177 1345/1255/2177
f 1354/1263/2178 1355/1264/2178 1345/1255/2178
f 1345/1255/2179 1355/1264/2179 1346/1256/2179
f 1355/1264/2180 1356/1265/2180 1346/1256/2180
f 1346/1256/2181 1356/1265/2181 1347/1257/2181
f 1356/1265/2182 1357/1266/2182 1347/1257/2182
f 1347/1257/2183 1357/1266/2183 333/640/2183
f 1357/1266/2184 332/641/2184 333/640/2184
f 242/1213/2185 1358/1216/2185 1348/1214/2185
f 1358/1216/2186 1359/1267/2186 1348/1214/2186
f 1348/1214/2187 1359/1267/2187 1349/1258/2187
f 1359/1267/2188 1360/1268/2188 1349/1258/2188
f 1349/1258/2189 1360/1268/2189 1350/1259/2189
f 1360/1268/2190 1361/1269/2190 1350/1259/2190
f 1350/1259/2191 1361/1269/2191 1351/1260/2191
f 1361/1269/2192 1362/1270/2192 1351/1260/2192
f 1351/1260/2193 1362/1270/2193 1352/1261/2193
f 1362/1270/2194 1363/1271/2194 1352/1261/2194
f 1352/1261/2195 1363/1271/2195 1353/1262/2195
f 1363/1271/2196 1364/1272/2196 1353/1262/2196
f 1353/1262/2197 1364/1272/2197 1354/1263/2197
f 1364/1272/2198 1365/1273/2198 1354/1263/2198
f 1354/1263/2199 1365/1273/2199 1355/1264/2199
f 1365/1273/2200 1366/1274/2200 1355/1264/2200
f 1355/1264/2201 1366/1274/2201 1356/1265/2201
f 1366/1274/2202 1367/1275/2202 1356/1265/2202
f 1356/1265/2203 1367/1275/2203 1357/1266/2203
f 1367/1275/2204 1368/1276/2204 1357/1266/2204
f 1357/1266/2205 1368/1276/2205 332/641/2205
f 1368/1276/2206 331/642/2206 332/641/2206
f 241/1215/2207 1369/1218/2207 1358/1216/2207
f 1369/1218/2208 1370/1277/2208 1358/1216/2208
f 1358/1216/2209 1370/1277/2209 1359/1267/2209
f 1370/1277/2210 1371/1278/2210 1359/1267/2210
f 1359/1267/2211 1371/1278/2211 1360/1268/2211
f 1371/1278/2212 1372/1279/2212 1360/1268/2212
f 1360/1268/2213 1372/1279/2213 1361/1269/2213
f 1372/1279/2214 1373/1280/2214 1361/1269/2214
f 1361/1269/2215 1373/1280/2215 1362/1270/2215
f 1373/1280/2216 1374/1281/2216 1362/1270/2216
f 1362/1270/2217 1374/1281/2217 1363/1271/2217
f 1374/1281/2218 1375/1282/2218 1363/1271/2218
f 1363/1271/2219 1375/1282/2219 1364/1272/2219
f 1375/1282/2220 1376/1283/2220 1364/1272/2220
f 1364/1272/2221 1376/1283/2221 1365/1273/2221
f 1376/1283/2222 1377/1284/2222 1365/1273/2222
f 1365/1273/2223 1377/1284/2223 1366/1274/2223
f 1377/1284/2224 1378/1285/2224 1366/1274/2224
f 1366/1274/2225 1378/1285/2225 1367/1275/2225
f 1378/1285/2226 1379/1286/2226 1367/1275/2226
f 1367/1275/2227 1379/1286/2227 1368/1276/2227
f 1379/1286/2228 1380/1287/2228 1368/1276/2228
f 1368/1276/2229 1380/1287/2229 331/642/2229
f 1380/1287/2230 330/643/2230 331/642/2230
f 240/1217/2231 1381/1220/2231 1369/1218/2231
f 1381/1220/2232 1382/1288/2232 1369/1218/2232
f 1369/1218/2233 1382/1288/2233 1370/1277/2233
f 1382/1288/2234 1383/1289/2234 1370/1277/2234
f 1370/1277/2235 1383/1289/2235 1371/1278/2235
f 1383/1289/2236 1384/1290/2236 1371/1278/2236
f 1371/1278/2237 1384/1290/2237 1372/1279/2237
f 1384/1290/2238 1385/1291/2238 1372/1279/2238
f 1372/1279/2239 1385/1291/2239 1373/1280/2239
f 1385/1291/2240 1386/1292/2240 1373/1280/2240
f 1373/1280/2241 1386/1292/2241 1374/1281/2241
f 1386/1292/2242 1387/1293/2242 1374/1281/2242
f 1374/1281/2243 1387/1293/2243 1375/1282/2243
f 1387/1293/2244 1388/1294/2244 1375/1282/2244
f 1375/1282/2245 1388/1294/2245 1376/1283/2245
f 1388/1294/2246 1389/1295/2246 1376/1283/2246
f 1376/1283/2247 1389/1295/2247 1377/1284/2247
f 1389/1295/2248 1390/1296/2248 1377/1284/2248
f 1377/1284/2249 1390/1296/2249 1378/1285/2249
f 1390/1296/2250 1391/1297/2250 1378/1285/2250
f 1378/1285/2251 1391/1297/2251 1379/1286/2251
f 1391/1297/2252 1392/1298/2252 1379/1286/2252
f 1379/1286/2253 1392/1298/2253 1380/1287/2253
f 1392/1298/2254 1393/1299/2254 1380/1287/2254
f 1380/1287/2255 1393/1299/2255 330/643/2255
f 1393/1299/2256 329/644/2256 330/643/2256
f 239/1219/2257 1394/1221/2257 1381/1220/2257
f 1394/1221/2258 1395/1300/2258 1381/1220/2258
f 1381/1220/2259 1395/1300/2259 1382/1288/2259
f 1395/1300/2260 1396/1301/2260 1382/1288/2260
f 1382/1288/2261 1396/1301/2261 1383/1289/2261
f 1396/1301/2262 1397/1302/2262 1383/1289/2262
f 1383/1289/2263 1397/1302/2263 1384/1290/2263
f 1397/1302/2264 1398/1303/2264 1384/1290/2264
f 1384/1290/2265 1398/1303/2265 1385/1291/2265
f 1398/1303/2266 1399/1304/2266 1385/1291/2266
f 1385/1291/2267 1399/1304/2267 1386/1292/2267
f 1399/1304/2268 1400/1305/2268 1386/1292/2268
f 1386/1292/2269 1400/1305/2269 1387/1293/2269
f 1400/1305/2270 1401/1306/2270 1387/1293/2270
f 1387/1293/2271 1401/1306/2271 1388/1294/2271
f 1401/1306/2272 1402/1307/2272 1388/1294/2272
f 1388/1294/2273 1402/1307/2273 1389/1295/2273
f 1402/1307/2274 1403/1308/2274 1389/1295/2274
f 1389/1295/2275 1403/1308/2275 1390/1296/2275
f 1403/1308/2276 1404/1309/2276 1390/1296/2276
f 1390/1296/2277 1404/1309/2277 1391/1297/2277
f 1404/1309/2278 1405/1310/2278 1391/1297/2278
f 1391/1297/2279 1405/1310/2279 1392/1298/2279
f 1405/1310/2280 1406/1311/2280 1392/1298/2280
f 1392/1298/2281 1406/1311/2281 1393/1299/2281
f 1406/1311/2282 1407/1312/2282 1393/1299/2282
f 1393/1299/2283 1407/1312/2283 329/644/2283
f 1407/1312/2284 328/645/2284 329/644/2284
f 238/30/2285 207/19/2285 1394/1221/2285
f 207/19/2286 206/1313/2286 1394/1221/2286
f 1394/1221/2287 206/1313/2287 1395/1300/2287
f 206/1313/2288 205/1314/2288 1395/1300/2288
f 1395/1300/2289 205/1314/2289 1396/1301/2289
f 205/1314/2290 204/1315/2290 1396/1301/2290
f 1396/1301/2291 204/1315/2291 1397/1302/2291
f 204/1315/2292 203/1316/2292 1397/1302/2292
f 1397/1302/2293 203/1316/2293 1398/1303/2293
f 203/1316/2294 202/1317/2294 1398/1303/2294
f 1398/1303/2295 202/1317/2295 1399/1304/2295
f 202/1317/2296 201/1318/2296 1399/1304/2296
f 1399/1304/2297 201/1318/2297 1400/1305/2297
f 201/1318/2298 200/1319/2298 1400/1305/2298
f 1400/1305/2299 200/1319/2299 1401/1306/2299
f 200/1319/2300 199/1320/2300 1401/1306/2300
f 1401/1306/2301 199/1320/2301 1402/1307/2301
f 199/1320/2302 198/1321/2302 1402/1307/2302
f 1402/1307/2303 198/1321/2303 1403/1308/2303
f 198/1321/2304 197/1322/2304 1403/1308/2304
f 1403/1308/2305 197/1322/2305 1404/1309/2305
f 197/1322/2306 196/1323/2306 1404/1309/2306
f 1404/1309/2307 196/1323/2307 1405/1310/2307
f 196/1323/2308 195/1324/2308 1405/1310/2308
f 1405/1310/2309 195/1324/2309 1406/1311/2309
f 195/1324/2310 194/1325/2310 1406/1311/2310
f 1406/1311/2311 194/1325/2311 1407/1312/2311
f 194/1325/2312 193/1326/2312 1407/1312/2312
f 1407/1312/2313 193/1326/2313 328/645/2313
f 193/1326/2314 7/34/2314 328/645/2314
f 222/1327/2315 327/35/2315 7/34/2315
f 221/1328/2316 1408/1329/2316 222/1327/2316
f 220/1330/2317 1409/1331/2317 221/1328/2317
f 219/1332/2318 1411/1333/2318 220/1330/2318
f 218/1334/2319 1414/1335/2319 219/1332/2319
f 217/1336/2320 1418/1337/2320 218/1334/2320
f 216/1338/2321 1423/1339/2321 217/1336/2321
f 215/1340/2322 1429/1341/2322 216/1338/2322
f 214/1342/2323 1436/1343/2323 215/1340/2323
f 213/1344/2324 1444/1345/2324 214/1342/2324
f 212/1346/2325 1453/1347/2325 213/1344/2325
f 211/1348/2326 1463/1349/2326 212/1346/2326
f 210/1350/2327 1474/1351/2327 211/1348/2327
f 209/1352/2328 1486/1353/2328 210/1350/2328
f 208/29/2329 1499/1354/2329 209/1352/2329
f 222/1327/2330 1408/1329/2330 327/35/2330
f 1408/1329/2331 326/781/2331 327/35/2331
f 221/1328/2332 1409/1331/2332 1408/1329/2332
f 1409/1331/2333 1410/1355/2333 1408/1329/2333
f 1408/1329/2334 1410/1355/2334 326/781/2334
f 1410/1355/2335 325/782/2335 326/781/2335
f 220/1330/2336 1411/1333/2336 1409/1331/2336
f 1411/1333/2337 1412/1356/2337 1409/1331/2337
f 1409/1331/2338 1412/1356/2338 1410/1355/2338
f 1412/1356/2339 1413/1357/2339 1410/1355/2339
f 1410/1355/2340 1413/1357/2340 325/782/2340
f 1413/1357/2341 324/783/2341 325/782/2341
f 219/1332/2342 1414/1335/2342 1411/1333/2342
f 1414/1335/2343 1415/1358/2343 1411/1333/2343
f 1411/1333/2344 1415/1358/2344 1412/1356/2344
f 1415/1358/2345 1416/1359/2345 1412/1356/2345
f 1412/1356/2346 1416/1359/2346 1413/1357/2346
f 1416/1359/2347 1417/1360/2347 1413/1357/2347
f 1413/1357/2348 1417/1360/2348 324/783/2348
f 1417/1360/2349 323/784/2349 324/783/2349
f 218/1334/2350 1418/1337/2350 1414/1335/2350
f 1418/1337/2351 1419/1361/2351 1414/1335/2351
f 1414/1335/2352 1419/1361/2352 1415/1358/2352
f 1419/1361/2353 1420/1362/2353 1415/1358/2353
f 1415/1358/2354 1420/1362/2354 1416/1359/2354
f 1420/1362/2355 1421/1363/2355 1416/1359/2355
f 1416/1359/2356 1421/1363/2356 1417/1360/2356
f 1421/1363/2357 1422/1364/2357 1417/1360/2357
f 1417/1360/2358 1422/1364/2358 323/784/2358
f 1422/1364/2359 322/785/2359 323/784/2359
f 217/1336/2360 1423/1339/2360 1418/1337/2360
f 1423/1339/2361 1424/1365/2361 1418/1337/2361
f 1418/1337/2362 1424/1365/2362 1419/1361/2362
f 1424/1365/2363 1425/1366/2363 1419/1361/2363
f 1419/1361/2364 1425/1366/2364 1420/1362/2364
f 1425/1366/2365 1426/1367/2365 1420/1362/2365
f 1420/1362/2366 1426/1367/2366 1421/1363/2366
f 1426/1367/2367 1427/1368/2367 1421/1363/2367
f 1421/1363/2368 1427/1368/2368 1422/1364/2368
f 1427/1368/2369 1428/1369/2369 1422/1364/2369
f 1422/1364/2370 1428/1369/2370 322/785/2370
f 1428/1369/2371 321/786/2371 322/785/2371
f 216/1338/2372 1429/1341/2372 1423/1339/2372
f 1429/1341/2373 1430/1370/2373 1423/1339/2373
f 1423/1339/2374 1430/1370/2374 1424/1365/2374
f 1430/1370/2375 1431/1371/2375 1424/1365/2375
f 1424/1365/2376 1431/1371/2376 1425/1366/2376
f 1431/1371/2377 1432/1372/2377 1425/1366/2377
f 1425/1366/2378 1432/1372/2378 1426/1367/2378
f 1432/1372/2379 1433/1373/2379 1426/1367/2379
f 1426/1367/2380 1433/1373/2380 1427/1368/2380
f 1433/1373/2381 1434/1374/2381 1427/1368/2381
f 1427/1368/2382 1434/1374/2382 1428/1369/2382
f 1434/1374/2383 1435/1375/2383 1428/1369/2383
f 1428/1369/2384 1435/1375/2384 321/786/2384
f 1435/1375/2385 320/787/2385 321/786/2385
f 215/1340/2386 1436/1343/2386 1429/1341/2386
f 1436/1343/2387 1437/1376/2387 1429/1341/2387
f 1429/1341/2388 1437/1376/2388 1430/1370/2388
f 1437/1376/2389 1438/1377/2389 1430/1370/2389
f 1430/1370/2390 1438/1377/2390 1431/1371/2390
f 1438/1377/2391 1439/1378/2391 1431/1371/2391
f 1431/1371/2392 1439/1378/2392 1432/1372/2392
f 1439/1378/2393 1440/1379/2393 1432/1372/2393
f 1432/1372/2394 1440/1379/2394 1433/1373/2394
f 1440/1379/2395 1441/1380/2395 1433/1373/2395
f 1433/1373/2396 1441/1380/2396 1434/1374/2396
f 1441/1380/2397 1442/1381/2397 1434/1374/2397
f 1434/1374/2398 1442/1381/2398 1435/1375/2398
f 1442/1381/2399 1443/1382/2399 1435/1375/2399
f 1435/1375/2400 1443/1382/2400 320/787/2400
f 1443/1382/2401 319/788/2401 320/787/2401
f 214/1342/2402 1444/1345/2402 1436/1343/2402
f 1444/1345/2403 1445/1383/2403 1436/1343/2403
f 1436/1343/2404 1445/1383/2404 1437/1376/2404
f 1445/1383/2405 1446/1384/2405 1437/1376/2405
f 1437/1376/2406 1446/1384/2406 1438/1377/2406
f 1446/1384/2407 1447/1385/2407 1438/1377/2407
f 1438/1377/2408 1447/1385/2408 1439/1378/2408
f 1447/1385/2409 1448/1386/2409 1439/1378/2409
f 1439/1378/2410 1448/1386/2410 1440/1379/2410
f 1448/1386/2411 1449/1387/2411 1440/1379/2411
f 1440/1379/2412 1449/1387/2412 1441/1380/2412
f 1449/1387/2413 1450/1388/2413 1441/1380/2413
f 1441/1380/2414 1450/1388/2414 1442/1381/2414
f 1450/1388/2415 1451/1389/2415 1442/1381/2415
f 1442/1381/2416 1451/1389/2416 1443/1382/2416
f 1451/1389/2417 1452/1390/2417 1443/1382/2417
f 1443/1382/2418 1452/1390/2418 319/788/2418
f 1452/1390/2419 318/789/2419 319/788/2419
f 213/1344/2420 1453/1347/2420 1444/1345/2420
f 1453/1347/2421 1454/1391/2421 1444/1345/2421
f 1444/1345/2422 1454/1391/2422 1445/1383/2422
f 1454/1391/2423 1455/1392/2423 1445/1383/2423
f 1445/1383/2424 1455/1392/2424 1446/1384/2424
f 1455/1392/2425 1456/1393/2425 1446/1384/2425
f 1446/1384/2426 1456/1393/2426 1447/1385/2426
f 1456/1393/2427 1457/1394/2427 1447/1385/2427
f 1447/1385/2428 1457/1394/2428 1448/1386/2428
f 1457/1394/2429 1458/1395/2429 1448/1386/2429
f 1448/1386/2430 1458/1395/2430 1449/1387/2430
f 1458/1395/2431 1459/1396/2431 1449/1387/2431
f 1449/1387/2432 1459/1396/2432 1450/1388/2432
f 1459/1396/2433 1460/1397/2433 1450/1388/2433
f 1450/1388/2434 1460/1397/2434 1451/1389/2434
f 1460/1397/2435 1461/1398/2435 1451/1389/2435
f 1451/1389/2436 1461/1398/2436 1452/1390/2436
f 1461/1398/2437 1462/1399/2437 1452/1390/2437
f 1452/1390/2438 1462/1399/2438 318/789/2438
f 1462/1399/2439 317/790/2439 318/789/2439
f 212/1346/2440 1463/1349/2440 1453/1347/2440
f 1463/1349/2441 1464/1400/2441 1453/1347/2441
f 1453/1347/2442 1464/1400/2442 1454/1391/2442
f 1464/1400/2443 1465/1401/2443 1454/1391/2443
f 1454/1391/2444 1465/1401/2444 1455/1392/2444
f 1465/1401/2445 1466/1402/2445 1455/1392/2445
f 1455/1392/2446 1466/1402/2446 1456/1393/2446
f 1466/1402/2447 1467/1403/2447 1456/1393/2447
f 1456/1393/2448 1467/1403/2448 1457/1394/2448
f 1467/1403/2449 1468/1404/2449 1457/1394/2449
f 1457/1394/2450 1468/1404/2450 1458/1395/2450
f 1468/1404/2451 1469/1405/2451 1458/1395/2451
f 1458/1395/2452 1469/1405/2452 1459/1396/2452
f 1469/1405/2453 1470/1406/2453 1459/1396/2453
f 1459/1396/2454 1470/1406/2454 1460/1397/2454
f 1470/1406/2455 1471/1407/2455 1460/1397/2455
f 1460/1397/2456 1471/1407/2456 1461/1398/2456
f 1471/1407/2457 1472/1408/2457 1461/1398/2457
f 1461/1398/2458 1472/1408/2458 1462/1399/2458
f 1472/1408/2459 1473/1409/2459 1462/1399/2459
f 1462/1399/2460 1473/1409/2460 317/790/2460
f 1473/1409/2461 316/791/2461 317/790/2461
f 211/1348/2462 1474/1351/2462 1463/1349/2462
f 1474/1351/2463 1475/1410/2463 1463/1349/2463
f 1463/1349/2464 1475/1410/2464 1464/1400/2464
f 1475/1410/2465 1476/1411/2465 1464/1400/2465
f 1464/1400/2466 1476/1411/2466 1465/1401/2466
f 1476/1411/2467 1477/1412/2467 1465/1401/2467
f 1465/1401/2468 1477/1412/2468 1466/1402/2468
f 1477/1412/2469 1478/1413/2469 1466/1402/2469
f 1466/1402/2470 1478/1413/2470 1467/1403/2470
f 1478/1413/2471 1479/1414/2471 1467/1403/2471
f 1467/1403/2472 1479/1414/2472 1468/1404/2472
f 1479/1414/2473 1480/1415/2473 1468/1404/2473
f 1468/1404/2474 1480/1415/2474 1469/1405/2474
f 1480/1415/2475 1481/1416/2475 1469/1405/2475
f 1469/1405/2476 1481/1416/2476 1470/1406/2476
f 1481/1416/2477 1482/1417/2477 1470/1406/2477
f 1470/1406/2478 1482/1417/2478 1471/1407/2478
f 1482/1417/2479 1483/1418/2479 1471/1407/2479
f 1471/1407/2480 1483/1418/2480 1472/1408/2480
f 1483/1418/2481 1484/1419/2481 1472/1408/2481
f 1472/1408/2482 1484/1419/2482 1473/1409/2482
f 1484/1419/2483 1485/1420/2483 1473/1409/2483
f 1473/1409/2484 1485/1420/2484 316/791/2484
f 1485/1420/2485 315/792/2485 316/791/2485
f 210/1350/2486 1486/1353/2486 1474/1351/2486
f 1486/1353/2487 1487/1421/2487 1474/1351/2487
f 1474/1351/2488 1487/1421/2488 1475/1410/2488
f 1487/1421/2489 1488/1422/2489 1475/1410/2489
f 1475/1410/2490 1488/1422/2490 1476/1411/2490
f 1488/1422/2491 1489/1423/2491 1476/1411/2491
f 1476/1411/2492 1489/1423/2492 1477/1412/2492
f 1489/1423/2493 1490/1424/2493 1477/1412/2493
f 1477/1412/2494 1490/1424/2494 1478/1413/2494
f 1490/1424/2495 1491/1425/2495 1478/1413/2495
f 1478/1413/2496 1491/1425/2496 1479/1414/2496
f 1491/1425/2497 1492/1426/2497 1479/1414/2497
f 1479/1414/2498 1492/1426/2498 1480/1415/2498
f 1492/1426/2499 1493/1427/2499 1480/1415/2499
f 1480/1415/2500 1493/1427/2500 1481/1416/2500
f 1493/1427/2501 1494/1428/2501 1481/1416/2501
f 1481/1416/2502 1494/1428/2502 1482/1417/2502
f 1494/1428/2503 1495/1429/2503 1482/1417/2503
f 1482/1417/2504 1495/1429/2504 1483/1418/2504
f 1495/1429/2505 1496/1430/2505 1483/1418/2505
f 1483/1418/2506 1496/1430/2506 1484/1419/2506
f 1496/1430/2507 1497/1431/2507 1484/1419/2507
f 1484/1419/2508 1497/1431/2508 1485/1420/2508
f 1497/1431/2509 1498/1432/2509 1485/1420/2509
f 1485/1420/2510 1498/1432/2510 315/792/2510
f 1498/1432/2511 314/793/2511 315/792/2511
f 209/1352/2512 1499/1354/2512 1486/1353/2512
f 1499/1354/2513 1500/1433/2513 1486/1353/2513
f 1486/1353/2514 1500/1433/2514 1487/1421/2514
f 1500/1433/2515 1501/1434/2515 1487/1421/2515
f 1487/1421/2516 1501/1434/2516 1488/1422/2516
f 1501/1434/2517 1502/1435/2517 1488/1422/2517
f 1488/1422/2518 1502/1435/2518 1489/1423/2518
f 1502/1435/2519 1503/1436/2519 1489/1423/2519
f 1489/1423/2520 1503/1436/2520 1490/1424/2520
f 1503/1436/2521 1504/1437/2521 1490/1424/2521
f 1490/1424/2522 1504/1437/2522 1491/1425/2522
f 1504/1437/2523 1505/1438/2523 1491/1425/2523
f 1491/1425/2524 1505/1438/2524 1492/1426/2524
f 1505/1438/2525 1506/1439/2525 1492/1426/2525
f 1492/1426/2526 1506/1439/2526 1493/1427/2526
f 1506/1439/2527 1507/1440/2527 1493/1427/2527
f 1493/1427/2528 1507/1440/2528 1494/1428/2528
f 1507/1440/2529 1508/1441/2529 1494/1428/2529
f 1494/1428/2530 1508/1441/2530 1495/1429/2530
f 1508/1441/2531 1509/1442/2531 1495/1429/2531
f 1495/1429/2532 1509/1442/2532 1496/1430/2532
f 1509/1442/2533 1510/1443/2533 1496/1430/2533
f 1496/1430/2534 1510/1443/2534 1497/1431/2534
f 1510/1443/2535 1511/1444/2535 1497/1431/2535
f 1497/1431/2536 1511/1444/2536 1498/1432/2536
f 1511/1444/2537 1512/1445/2537 1498/1432/2537
f 1498/1432/2538 1512/1445/2538 314/793/2538
f 1512/1445/2539 313/794/2539 314/793/2539
f 208/29/2540 177/16/2540 1499/1354/2540
f 177/16/2541 176/1446/2541 1499/1354/2541
f 1499/1354/2542 176/1446/2542 1500/1433/2542
f 176/1446/2543 175/1447/2543 1500/1433/2543
f 1500/1433/2544 175/1447/2544 1501/1434/2544
f 175/1447/2545 174/1448/2545 1501/1434/2545
f 1501/1434/2546 174/1448/2546 1502/1435/2546
f 174/1448/2547 173/1449/2547 1502/1435/2547
f 1502/1435/2548 173/1449/2548 1503/1436/2548
f 173/1449/2549 172/1450/2549 1503/1436/2549
f 1503/1436/2550 172/1450/2550 1504/1437/2550
f 172/1450/2551 171/1451/2551 1504/1437/2551
f 1504/1437/2552 171/1451/2552 1505/1438/2552
f 171/1451/2553 170/1452/2553 1505/1438/2553
f 1505/1438/2554 170/1452/2554 1506/1439/2554
f 170/1452/2555 169/1453/2555 1506/1439/2555
f 1506/1439/2556 169/1453/2556 1507/1440/2556
f 169/1453/2557 168/1454/2557 1507/1440/2557
f 1507/1440/2558 168/1454/2558 1508/1441/2558
f 168/1454/2559 167/1455/2559 1508/1441/2559
f 1508/1441/2560 167/1455/2560 1509/1442/2560
f 167/1455/2561 166/1456/2561 1509/1442/2561
f 1509/1442/2562 166/1456/2562 1510/1443/2562
f 166/1456/2563 165/1457/2563 1510/1443/2563
f 1510/1443/2564 165/1457/2564 1511/1444/2564
f 165/1457/2565 164/1458/2565 1511/1444/2565
f 1511/1444/2566 164/1458/2566 1512/1445/2566
f 164/1458/2567 163/1459/2567 1512/1445/2567
f 1512/1445/2568 163/1459/2568 313/794/2568
f 163/1459/2569 11/46/2569 313/794/2569
f 283/927/2570 312/928/2570 10/43/2570
f 284/926/2571 1513/1460/2571 283/927/2571
f 285/925/2572 1514/1461/2572 284/926/2572
f 286/924/2573 1516/1462/2573 285/925/2573
f 287/923/2574 1519/1463/2574 286/924/2574
f 288/922/2575 1523/1464/2575 287/923/2575
f 289/921/2576 1528/1465/2576 288/922/2576
f 290/920/2577 1534/1466/2577 289/921/2577
f 291/919/2578 1541/1467/2578 290/920/2578
f 292/918/2579 1549/1468/2579 291/919/2579
f 293/917/2580 1558/1469/2580 292/918/2580
f 294/916/2581 1568/1470/2581 293/917/2581
f 295/915/2582 1579/1471/2582 294/916/2582
f 296/914/2583 1591/1472/2583 295/915/2583
f 297/28/2584 1604/1473/2584 296/914/2584
f 283/927/2585 1513/1460/2585 312/928/2585
f 1513/1460/2586 311/929/2586 312/928/2586
f 284/926/2587 1514/1461/2587 1513/1460/2587
f 1514/1461/2588 1515/1474/2588 1513/1460/2588
f 1513/1460/2589 1515/1474/2589 311/929/2589
f 1515/1474/2590 310/931/2590 311/929/2590
f 285/925/2591 1516/1462/2591 1514/1461/2591
f 1516/1462/2592 1517/1475/2592 1514/1461/2592
f 1514/1461/2593 1517/1475/2593 1515/1474/2593
f 1517/1475/2594 1518/1476/2594 1515/1474/2594
f 1515/1474/2595 1518/1476/2595 310/931/2595
f 1518/1476/2596 309/933/2596 310/931/2596
f 286/924/2597 1519/1463/2597 1516/1462/2597
f 1519/1463/2598 1520/1477/2598 1516/1462/2598
f 1516/1462/2599 1520/1477/2599 1517/1475/2599
f 1520/1477/2600 1521/1478/2600 1517/1475/2600
f 1517/1475/2601 1521/1478/2601 1518/1476/2601
f 1521/1478/2602 1522/1479/2602 1518/1476/2602
f 1518/1476/2603 1522/1479/2603 309/933/2603
f 1522/1479/2604 308/935/2604 309/933/2604
f 287/923/2605 1523/1464/2605 1519/1463/2605
f 1523/1464/2606 1524/1480/2606 1519/1463/2606
f 1519/1463/2607 1524/1480/2607 1520/1477/2607
f 1524/1480/2608 1525/1481/2608 1520/1477/2608
f 1520/1477/2609 1525/1481/2609 1521/1478/2609
f 1525/1481/2610 1526/1482/2610 1521/1478/2610
f 1521/1478/2611 1526/1482/2611 1522/1479/2611
f 1526/1482/2612 1527/1483/2612 1522/1479/2612
f 1522/1479/2613 1527/1483/2613 308/935/2613
f 1527/1483/2614 307/937/2614 308/935/2614
f 288/922/2615 1528/1465/2615 1523/1464/2615
f 1528/1465/2616 1529/1484/2616 1523/1464/2616
f 1523/1464/2617 1529/1484/2617 1524/1480/2617
f 1529/1484/2618 1530/1485/2618 1524/1480/2618
f 1524/1480/2619 1530/1485/2619 1525/1481/2619
f 1530/1485/2620 1531/1486/2620 1525/1481/2620
f 1525/1481/2621 1531/1486/2621 1526/1482/2621
f 1531/1486/2622 1532/1487/2622 1526/1482/2622
f 1526/1482/2623 1532/1487/2623 1527/1483/2623
f 1532/1487/2624 1533/1488/2624 1527/1483/2624
f 1527/1483/2625 1533/1488/2625 307/937/2625
f 1533/1488/2626 306/939/2626 307/937/2626
f 289/921/2627 1534/1466/2627 1528/1465/2627
f 1534/1466/2628 1535/1489/2628 1528/1465/2628
f 1528/1465/2629 1535/1489/2629 1529/1484/2629
f 1535/1489/2630 1536/1490/2630 1529/1484/2630
f 1529/1484/2631 1536/1490/2631 1530/1485/2631
f 1536/1490/2632 1537/1491/2632 1530/1485/2632
f 1530/1485/2633 1537/1491/2633 1531/1486/2633
f 1537/1491/2634 1538/1492/2634 1531/1486/2634
f 1531/1486/2635 1538/1492/2635 1532/1487/2635
f 1538/1492/2636 1539/1493/2636 1532/1487/2636
f 1532/1487/2637 1539/1493/2637 1533/1488/2637
f 1539/1493/2638 1540/1494/2638 1533/1488/2638
f 1533/1488/2639 1540/1494/2639 306/939/2639
f 1540/1494/2640 305/941/2640 306/939/2640
f 290/920/2641 1541/1467/2641 1534/1466/2641
f 1541/1467/2642 1542/1495/2642 1534/1466/2642
f 1534/1466/2643 1542/1495/2643 1535/1489/2643
f 1542/1495/2644 1543/1496/2644 1535/1489/2644
f 1535/1489/2645 1543/1496/2645 1536/1490/2645
f 1543/1496/2646 1544/1497/2646 1536/1490/2646
f 1536/1490/2647 1544/1497/2647 1537/1491/2647
f 1544/1497/2648 1545/1498/2648 1537/1491/2648
f 1537/1491/2649 1545/1498/2649 1538/1492/2649
f 1545/1498/2650 1546/1499/2650 1538/1492/2650
f 1538/1492/2651 1546/1499/2651 1539/1493/2651
f 1546/1499/2652 1547/1500/2652 1539/1493/2652
f 1539/1493/2653 1547/1500/2653 1540/1494/2653
f 1547/1500/2654 1548/1501/2654 1540/1494/2654
f 1540/1494/2655 1548/1501/2655 305/941/2655
f 1548/1501/2656 304/943/2656 305/941/2656
f 291/919/2657 1549/1468/2657 1541/1467/2657
f 1549/1468/2658 1550/1502/2658 1541/1467/2658
f 1541/1467/2659 1550/1502/2659 1542/1495/2659
f 1550/1502/2660 1551/1503/2660 1542/1495/2660
f 1542/1495/2661 1551/1503/2661 1543/1496/2661
f 1551/1503/2662 1552/1504/2662 1543/1496/2662
f 1543/1496/2663 1552/1504/2663 1544/1497/2663
f 1552/1504/2664 1553/1505/2664 1544/1497/2664
f 1544/1497/2665 1553/1505/2665 1545/1498/2665
f 1553/1505/2666 1554/1506/2666 1545/1498/2666
f 1545/1498/2667 1554/1506/2667 1546/1499/2667
f 1554/1506/2668 1555/1507/2668 1546/1499/2668
f 1546/1499/2669 1555/1507/2669 1547/1500/2669
f 1555/1507/2670 1556/1508/2670 1547/1500/2670
f 1547/1500/2671 1556/1508/2671 1548/1501/2671
f 1556/1508/2672 1557/1509/2672 1548/1501/2672
f 1548/1501/2673 1557/1509/2673 304/943/2673
f 1557/1509/2674 303/945/2674 304/943/2674
f 292/918/2675 1558/1469/2675 1549/1468/2675
f 1558/1469/2676 1559/1510/2676 1549/1468/2676
f 1549/1468/2677 1559/1510/2677 1550/1502/2677
f 1559/1510/2678 1560/1511/2678 1550/1502/2678
f 1550/1502/2679 1560/1511/2679 1551/1503/2679
f 1560/1511/2680 1561/1512/2680 1551/1503/2680
f 1551/1503/2681 1561/1512/2681 1552/1504/2681
f 1561/1512/2682 1562/1513/2682 1552/1504/2682
f 1552/1504/2683 1562/1513/2683 1553/1505/2683
f 1562/1513/2684 1563/1514/2684 1553/1505/2684
f 1553/1505/2685 1563/1514/2685 1554/1506/2685
f 1563/1514/2686 1564/1515/2686 1554/1506/2686
f 1554/1506/2687 1564/1515/2687 1555/1507/2687
f 1564/1515/2688 1565/1516/2688 1555/1507/2688
f 1555/1507/2689 1565/1516/2689 1556/1508/2689
f 1565/1516/2690 1566/1517/2690 1556/1508/2690
f 1556/1508/2691 1566/1517/2691 1557/1509/2691
f 1566/1517/2692 1567/1518/2692 1557/1509/2692
f 1557/1509/2693 1567/1518/2693 303/945/2693
f 1567/1518/2694 302/947/2694 303/945/2694
f 293/917/2695 1568/1470/2695 1558/1469/2695
f 1568/1470/2696 1569/1519/2696 1558/1469/2696
f 1558/1469/2697 1569/1519/2697 1559/1510/2697
f 1569/1519/2698 1570/1520/2698 1559/1510/2698
f 1559/1510/2699 1570/1520/2699 1560/1511/2699
f 1570/1520/2700 1571/1521/2700 1560/1511/2700
f 1560/1511/2701 1571/1521/2701 1561/1512/2701
f 1571/1521/2702 1572/1522/2702 1561/1512/2702
f 1561/1512/2703 1572/1522/2703 1562/1513/2703
f 1572/1522/2704 1573/1523/2704 1562/1513/2704
f 1562/1513/2705 1573/1523/2705 1563/1514/2705
f 1573/1523/2706 1574/1524/2706 1563/1514/2706
f 1563/1514/2707 1574/1524/2707 1564/1515/2707
f 1574/1524/2708 1575/1525/2708 1564/1515/2708
f 1564/1515/2709 1575/1525/2709 1565/1516/2709
f 1575/1525/2710 1576/1526/2710 1565/1516/2710
f 1565/1516/2711 1576/1526/2711 1566/1517/2711
f 1576/1526/2712 1577/1527/2712 1566/1517/2712
f 1566/1517/2713 1577/1527/2713 1567/1518/2713
f 1577/1527/2714 1578/1528/2714 1567/1518/2714
f 1567/1518/2715 1578/1528/2715 302/947/2715
f 1578/1528/2716 301/949/2716 302/947/2716
f 294/916/2717 1579/1471/2717 1568/1470/2717
f 1579/1471/2718 1580/1529/2718 1568/1470/2718
f 1568/1470/2719 1580/1529/2719 1569/1519/2719
f 1580/1529/2720 1581/1530/2720 1569/1519/2720
f 1569/1519/2721 1581/1530/2721 1570/1520/2721
f 1581/1530/2722 1582/1531/2722 1570/1520/2722
f 1570/1520/2723 1582/1531/2723 1571/1521/2723
f 1582/1531/2724 1583/1532/2724 1571/1521/2724
f 1571/1521/2725 1583/1532/2725 1572/1522/2725
f 1583/1532/2726 1584/1533/2726 1572/1522/2726
f 1572/1522/2727 1584/1533/2727 1573/1523/2727
f 1584/1533/2728 1585/1534/2728 1573/1523/2728
f 1573/1523/2729 1585/1534/2729 1574/1524/2729
f 1585/1534/2730 1586/1535/2730 1574/1524/2730
f 1574/1524/2731 1586/1535/2731 1575/1525/2731
f 1586/1535/2732 1587/1536/2732 1575/1525/2732
f 1575/1525/2733 1587/1536/2733 1576/1526/2733
f 1587/1536/2734 1588/1537/2734 1576/1526/2734
f 1576/1526/2735 1588/1537/2735 1577/1527/2735
f 1588/1537/2736 1589/1538/2736 1577/1527/2736
f 1577/1527/2737 1589/1538/2737 1578/1528/2737
f 1589/1538/2738 1590/1539/2738 1578/1528/2738
f 1578/1528/2739 1590/1539/2739 301/949/2739
f 1590/1539/2740 300/951/2740 301/949/2740
f 295/915/2741 1591/1472/2741 1579/1471/2741
f 1591/1472/2742 1592/1540/2742 1579/1471/2742
f 1579/1471/2743 1592/1540/2743 1580/1529/2743
f 1592/1540/2744 1593/1541/2744 1580/1529/2744
f 1580/1529/2745 1593/1541/2745 1581/1530/2745
f 1593/1541/2746 1594/1542/2746 1581/1530/2746
f 1581/1530/2747 1594/1542/2747 1582/1531/2747
f 1594/1542/2748 1595/1543/2748 1582/1531/2748
f 1582/1531/2749 1595/1543/2749 1583/1532/2749
f 1595/1543/2750 1596/1544/2750 1583/1532/2750
f 1583/1532/2751 1596/1544/2751 1584/1533/2751
f 1596/1544/2752 1597/1545/2752 1584/1533/2752
f 1584/1533/2753 1597/1545/2753 1585/1534/2753
f 1597/1545/2754 1598/1546/2754 1585/1534/2754
f 1585/1534/2755 1598/1546/2755 1586/1535/2755
f 1598/1546/2756 1599/1547/2756 1586/1535/2756
f 1586/1535/2757 1599/1547/2757 1587/1536/2757
f 1599/1547/2758 1600/1548/2758 1587/1536/2758
f 1587/1536/2759 1600/1548/2759 1588/1537/2759
f 1600/1548/2760 1601/1549/2760 1588/1537/2760
f 1588/1537/2761 1601/1549/2761 1589/1538/2761
f 1601/1549/2762 1602/1550/2762 1589/1538/2762
f 1589/1538/2763 1602/1550/2763 1590/1539/2763
f 1602/1550/2764 1603/1551/2764 1590/1539/2764
f 1590/1539/2765 1603/1551/2765 300/951/2765
f 1603/1551/2766 299/953/2766 300/951/2766
f 296/914/2767 1604/1473/2767 1591/1472/2767
f 1604/1473/2768 1605/1552/2768 1591/1472/2768
f 1591/1472/2769 1605/1552/2769 1592/1540/2769
f 1605/1552/2770 1606/1553/2770 1592/1540/2770
f 1592/1540/2771 1606/1553/2771 1593/1541/2771
f 1606/1553/2772 1607/1554/2772 1593/1541/2772
f 1593/1541/2773 1607/1554/2773 1594/1542/2773
f 1607/1554/2774 1608/1555/2774 1594/1542/2774
f 1594/1542/2775 1608/1555/2775 1595/1543/2775
f 1608/1555/2776 1609/1556/2776 1595/1543/2776
f 1595/1543/2777 1609/1556/2777 1596/1544/2777
f 1609/1556/2778 1610/1557/2778 1596/1544/2778
f 1596/1544/2779 1610/1557/2779 1597/1545/2779
f 1610/1557/2780 1611/1558/2780 1597/1545/2780
f 1597/1545/2781 1611/1558/2781 1598/1546/2781
f 1611/1558/2782 1612/1559/2782 1598/1546/2782
f 1598/1546/2783 1612/1559/2783 1599/1547/2783
f 1612/1559/2784 1613/1560/2784 1599/1547/2784
f 1599/1547/2785 1613/1560/2785 1600/1548/2785
f 1613/1560/2786 1614/1561/2786 1600/1548/2786
f 1600/1548/2787 1614/1561/2787 1601/1549/2787
f 1614/1561/2788 1615/1562/2788 1601/1549/2788
f 1601/1549/2789 1615/1562/2789 1602/1550/2789
f 1615/1562/2790 1616/1563/2790 1602/1550/2790
f 1602/1550/2791 1616/1563/2791 1603/1551/2791
f 1616/1563/2792 1617/1564/2792 1603/1551/2792
f 1603/1551/2793 1617/1564/2793 299/953/2793
f 1617/1564/2794 298/32/2794 299/953/2794
f 297/28/2795 162/27/2795 1604/1473/2795
f 162/27/2796 161/1565/2796 1604/1473/2796
f 1604/1473/2797 161/1565/2797 1605/1552/2797
f 161/1565/2798 160/1566/2798 1605/1552/2798
f 1605/1552/2799 160/1566/2799 1606/1553/2799
f 160/1566/2800 159/1567/2800 1606/1553/2800
f 1606/1553/2801 159/1567/2801 1607/1554/2801
f 159/1567/2802 158/1568/2802 1607/1554/2802
f 1607/1554/2803 158/1568/2803 1608/1555/2803
f 158/1568/2804 157/1569/2804 1608/1555/2804
f 1608/1555/2805 157/1569/2805 1609/1556/2805
f 157/1569/2806 156/1570/2806 1609/1556/2806
f 1609/1556/2807 156/1570/2807 1610/1557/2807
f 156/1570/2808 155/1571/2808 1610/1557/2808
f 1610/1557/2809 155/1571/2809 1611/1558/2809
f 155/1571/2810 154/1572/2810 1611/1558/2810
f 1611/1558/2811 154/1572/2811 1612/1559/2811
f 154/1572/2812 153/1573/2812 1612/1559/2812
f 1612/1559/2813 153/1573/2813 1613/1560/2813
f 153/1573/2814 152/1574/2814 1613/1560/2814
f 1613/1560/2815 152/1574/2815 1614/1561/2815
f 152/1574/2816 151/1575/2816 1614/1561/2816
f 1614/1561/2817 151/1575/2817 1615/1562/2817
f 151/1575/2818 150/1576/2818 1615/1562/2818
f 1615/1562/2819 150/1576/2819 1616/1563/2819
f 150/1576/2820 149/1577/2820 1616/1563/2820
f 1616/1563/2821 149/1577/2821 1617/1564/2821
f 149/1577/2822 148/1578/2822 1617/1564/2822
f 1617/1564/2823 148/1578/2823 298/32/2823
f 148/1578/2824 5/23/2824 298/32/2824
f 253/1060/2825 282/1061/2825 9/40/2825
f 254/1059/2826 1618/1579/2826 253/1060/2826
f 255/1058/2827 1619/1580/2827 254/1059/2827
f 256/1057/2828 1621/1581/2828 255/1058/2828
f 257/1056/2829 1624/1582/2829 256/1057/2829
f 258/1055/2830 1628/1583/2830 257/1056/2830
f 259/1054/2831 1633/1584/2831 258/1055/2831
f 260/1053/2832 1639/1585/2832 259/1054/2832
f 261/1052/2833 1646/1586/2833 260/1053/2833
f 262/1051/2834 1654/1587/2834 261/1052/2834
f 263/1050/2835 1663/1588/2835 262/1051/2835
f 264/1049/2836 1673/1589/2836 263/1050/2836
f 265/1048/2837 1684/1590/2837 264/1049/2837
f 266/1047/2838 1696/1591/2838 265/1048/2838
f 267/25/2839 1709/1592/2839 266/1047/2839
f 253/1060/2840 1618/1579/2840 282/1061/2840
f 1618/1579/2841 281/1062/2841 282/1061/2841
f 254/1059/2842 1619/1580/2842 1618/1579/2842
f 1619/1580/2843 1620/1593/2843 1618/1579/2843
f 1618/1579/2844 1620/1593/2844 281/1062/2844
f 1620/1593/2845 280/1064/2845 281/1062/2845
f 255/1058/2846 1621/1581/2846 1619/1580/2846
f 1621/1581/2847 1622/1594/2847 1619/1580/2847
f 1619/1580/2848 1622/1594/2848 1620/1593/2848
f 1622/1594/2849 1623/1595/2849 1620/1593/2849
f 1620/1593/2850 1623/1595/2850 280/1064/2850
f 1623/1595/2851 279/1066/2851 280/1064/2851
f 256/1057/2852 1624/1582/2852 1621/1581/2852
f 1624/1582/2853 1625/1596/2853 1621/1581/2853
f 1621/1581/2854 1625/1596/2854 1622/1594/2854
f 1625/1596/2855 1626/1597/2855 1622/1594/2855
f 1622/1594/2856 1626/1597/2856 1623/1595/2856
f 1626/1597/2857 1627/1598/2857 1623/1595/2857
f 1623/1595/2858 1627/1598/2858 279/1066/2858
f 1627/1598/2859 278/1068/2859 279/1066/2859
f 257/1056/2860 1628/1583/2860 1624/1582/2860
f 1628/1583/2861 1629/1599/2861 1624/1582/2861
f 1624/1582/2862 1629/1599/2862 1625/1596/2862
f 1629/1599/2863 1630/1600/2863 1625/1596/2863
f 1625/1596/2864 1630/1600/2864 1626/1597/2864
f 1630/1600/2865 1631/1601/2865 1626/1597/2865
f 1626/1597/2866 1631/1601/2866 1627/1598/2866
f 1631/1601/2867 1632/1602/2867 1627/1598/2867
f 1627/1598/2868 1632/1602/2868 278/1068/2868
f 1632/1602/2869 277/1070/2869 278/1068/2869
f 258/1055/2870 1633/1584/2870 1628/1583/2870
f 1633/1584/2871 1634/1603/2871 1628/1583/2871
f 1628/1583/2872 1634/1603/2872 1629/1599/2872
f 1634/1603/2873 1635/1604/2873 1629/1599/2873
f 1629/1599/2874 1635/1604/2874 1630/1600/2874
f 1635/1604/2875 1636/1605/2875 1630/1600/2875
f 1630/1600/2876 1636/1605/2876 1631/1601/2876
f 1636/1605/2877 1637/1606/2877 1631/1601/2877
f 1631/1601/2878 1637/1606/2878 1632/1602/2878
f 1637/1606/2879 1638/1607/2879 1632/1602/2879
f 1632/1602/2880 1638/1607/2880 277/1070/2880
f 1638/1607/2881 276/1072/2881 277/1070/2881
f 259/1054/2882 1639/1585/2882 1633/1584/2882
f 1639/1585/2883 1640/1608/2883 1633/1584/2883
f 1633/1584/2884 1640/1608/2884 1634/1603/2884
f 1640/1608/2885 1641/1609/2885 1634/1603/2885
f 1634/1603/2886 1641/1609/2886 1635/1604/2886
f 1641/1609/2887 1642/1610/2887 1635/1604/2887
f 1635/1604/2888 1642/1610/2888 1636/1605/2888
f 1642/1610/2889 1643/1611/2889 1636/1605/2889
f 1636/1605/2890 1643/1611/2890 1637/1606/2890
f 1643/1611/2891 1644/1612/2891 1637/1606/2891
f 1637/1606/2892 1644/1612/2892 1638/1607/2892
f 1644/1612/2893 1645/1613/2893 1638/1607/2893
f 1638/1607/2894 1645/1613/2894 276/1072/2894
f 1645/1613/2895 275/1074/2895 276/1072/2895
f 260/1053/2896 1646/1586/2896 1639/1585/2896
f 1646/1586/2897 1647/1614/2897 1639/1585/2897
f 1639/1585/2898 1647/1614/2898 1640/1608/2898
f 1647/1614/2899 1648/1615/2899 1640/1608/2899
f 1640/1608/2900 1648/1615/2900 1641/1609/2900
f 1648/1615/2901 1649/1616/2901 1641/1609/2901
f 1641/1609/2902 1649/1616/2902 1642/1610/2902
f 1649/1616/2903 1650/1617/2903 1642/1610/2903
f 1642/1610/2904 1650/1617/2904 1643/1611/2904
f 1650/1617/2905 1651/1618/2905 1643/1611/2905
f 1643/1611/2906 1651/1618/2906 1644/1612/2906
f 1651/1618/2907 1652/1619/2907 1644/1612/2907
f 1644/1612/2908 1652/1619/2908 1645/1613/2908
f 1652/1619/2909 1653/1620/2909 1645/1613/2909
f 1645/1613/2910 1653/1620/2910 275/1074/2910
f 1653/1620/2911 274/1076/2911 275/1074/2911
f 261/1052/2912 1654/1587/2912 1646/1586/2912
f 1654/1587/2913 1655/1621/2913 1646/1586/2913
f 1646/1586/2914 1655/1621/2914 1647/1614/2914
f 1655/1621/2915 1656/1622/2915 1647/1614/2915
f 1647/1614/2916 1656/1622/2916 1648/1615/2916
f 1656/1622/2917 1657/1623/2917 1648/1615/2917
f 1648/1615/2918 1657/1623/2918 1649/1616/2918
f 1657/1623/2919 1658/1624/2919 1649/1616/2919
f 1649/1616/2920 1658/1624/2920 1650/1617/2920
f 1658/1624/2921 1659/1625/2921 1650/1617/2921
f 1650/1617/2922 1659/1625/2922 1651/1618/2922
f 1659/1625/2923 1660/1626/2923 1651/1618/2923
f 1651/1618/2924 1660/1626/2924 1652/1619/2924
f 1660/1626/2925 1661/1627/2925 1652/1619/2925
f 1652/1619/2926 1661/1627/2926 1653/1620/2926
f 1661/1627/2927 1662/1628/2927 1653/1620/2927
f 1653/1620/2928 1662/1628/2928 274/1076/2928
f 1662/1628/2929 273/1078/2929 274/1076/2929
f 262/1051/2930 1663/1588/2930 1654/1587/2930
f 1663/1588/2931 1664/1629/2931 1654/1587/2931
f 1654/1587/2932 1664/1629/2932 1655/1621/2932
f 1664/1629/2933 1665/1630/2933 1655/1621/2933
f 1655/1621/2934 1665/1630/2934 1656/1622/2934
f 1665/1630/2935 1666/1631/2935 1656/1622/2935
f 1656/1622/2936 1666/1631/2936 1657/1623/2936
f 1666/1631/2937 1667/1632/2937 1657/1623/2937
f 1657/1623/2938 1667/1632/2938 1658/1624/2938
f 1667/1632/2939 1668/1633/2939 1658/1624/2939
f 1658/1624/2940 1668/1633/2940 1659/1625/2940
f 1668/1633/2941 1669/1634/2941 1659/1625/2941
f 1659/1625/2942 1669/1634/2942 1660/1626/2942
f 1669/1634/2943 1670/1635/2943 1660/1626/2943
f 1660/1626/2944 1670/1635/2944 1661/1627/2944
f 1670/1635/2945 1671/1636/2945 1661/1627/2945
f 1661/1627/2946 1671/1636/2946 1662/1628/2946
f 1671/1636/2947 1672/1637/2947 1662/1628/2947
f 1662/1628/2948 1672/1637/2948 273/1078/2948
f 1672/1637/2949 272/1080/2949 273/1078/2949
f 263/1050/2950 1673/1589/2950 1663/1588/2950
f 1673/1589/2951 1674/1638/2951 1663/1588/2951
f 1663/1588/2952 1674/1638/2952 1664/1629/2952
f 1674/1638/2953 1675/1639/2953 1664/1629/2953
f 1664/1629/2954 1675/1639/2954 1665/1630/2954
f 1675/1639/2955 1676/1640/2955 1665/1630/2955
f 1665/1630/2956 1676/1640/2956 1666/1631/2956
f 1676/1640/2957 1677/1641/2957 1666/1631/2957
f 1666/1631/2958 1677/1641/2958 1667/1632/2958
f 1677/1641/2959 1678/1642/2959 1667/1632/2959
f 1667/1632/2960 1678/1642/2960 1668/1633/2960
f 1678/1642/2961 1679/1643/2961 1668/1633/2961
f 1668/1633/2962 1679/1643/2962 1669/1634/2962
f 1679/1643/2963 1680/1644/2963 1669/1634/2963
f 1669/1634/2964 1680/1644/2964 1670/1635/2964
f 1680/1644/2965 1681/1645/2965 1670/1635/2965
f 1670/1635/2966 1681/1645/2966 1671/1636/2966
f 1681/1645/2967 1682/1646/2967 1671/1636/2967
f 1671/1636/2968 1682/1646/2968 1672/1637/2968
f 1682/1646/2969 1683/1647/2969 1672/1637/2969
f 1672/1637/2970 1683/1647/2970 272/1080/2970
f 1683/1647/2971 271/1082/2971 272/1080/2971
f 264/1049/2972 1684/1590/2972 1673/1589/2972
f 1684/1590/2973 1685/1648/2973 1673/1589/2973
f 1673/1589/2974 1685/1648/2974 1674/1638/2974
f 1685/1648/2975 1686/1649/2975 1674/1638/2975
f 1674/1638/2976 1686/1649/2976 1675/1639/2976
f 1686/1649/2977 1687/1650/2977 1675/1639/2977
f 1675/1639/2978 1687/1650/2978 1676/1640/2978
f 1687/1650/2979 1688/1651/2979 1676/1640/2979
f 1676/1640/2980 1688/1651/2980 1677/1641/2980
f 1688/1651/2981 1689/1652/2981 1677/1641/2981
f 1677/1641/2982 1689/1652/2982 1678/1642/2982
f 1689/1652/2983 1690/1653/2983 1678/1642/2983
f 1678/1642/2984 1690/1653/2984 1679/1643/2984
f 1690/1653/2985 1691/1654/2985 1679/1643/2985
f 1679/1643/2986 1691/1654/2986 1680/1644/2986
f 1691/1654/2987 1692/1655/2987 1680/1644/2987
f 1680/1644/2988 1692/1655/2988 1681/1645/2988
f 1692/1655/2989 1693/1656/2989 1681/1645/2989
f 1681/1645/2990 1693/1656/2990 1682/1646/2990
f 1693/1656/2991 1694/1657/2991 1682/1646/2991
f 1682/1646/2992 1694/1657/2992 1683/1647/2992
f 1694/1657/2993 1695/1658/2993 1683/1647/2993
f 1683/1647/2994 1695/1658/2994 271/1082/2994
f 1695/1658/2995 270/1084/2995 271/1082/2995
f 265/1048/2996 1696/1591/2996 1684/1590/2996
f 1696/1591/2997 1697/1659/2997 1684/1590/2997
f 1684/1590/2998 1697/1659/2998 1685/1648/2998
f 1697/1659/2999 1698/1660/2999 1685/1648/2999
f 1685/1648/3000 1698/1660/3000 1686/1649/3000
f 1698/1660/3001 1699/1661/3001 1686/1649/3001
f 1686/1649/3002 1699/1661/3002 1687/1650/3002
f 1699/1661/3003 1700/1662/3003 1687/1650/3003
f 1687/1650/3004 1700/1662/3004 1688/1651/3004
f 1700/1662/3005 1701/1663/3005 1688/1651/3005
f 1688/1651/3006 1701/1663/3006 1689/1652/3006
f 1701/1663/3007 1702/1664/3007 1689/1652/3007
f 1689/1652/3008 1702/1664/3008 1690/1653/3008
f 1702/1664/3009 1703/1665/3009 1690/1653/3009
f 1690/1653/3010 1703/1665/3010 1691/1654/3010
f 1703/1665/3011 1704/1666/3011 1691/1654/3011
f 1691/1654/3012 1704/1666/3012 1692/1655/3012
f 1704/1666/3013 1705/1667/3013 1692/1655/3013
f 1692/1655/3014 1705/1667/3014 1693/1656/3014
f 1705/1667/3015 1706/1668/3015 1693/1656/3015
f 1693/1656/3016 1706/1668/3016 1694/1657/3016
f 1706/1668/3017 1707/1669/3017 1694/1657/3017
f 1694/1657/3018 1707/1669/3018 1695/1658/3018
f 1707/1669/3019 1708/1670/3019 1695/1658/3019
f 1695/1658/3020 1708/1670/3020 270/1084/3020
f 1708/1670/3021 269/1086/3021 270/1084/3021
f 266/1047/3022 1709/1592/3022 1696/1591/3022
f 1709/1592/3023 1710/1671/3023 1696/1591/3023
f 1696/1591/3024 1710/1671/3024 1697/1659/3024
f 1710/1671/3025 1711/1672/3025 1697/1659/3025
f 1697/1659/3026 1711/1672/3026 1698/1660/3026
f 1711/1672/3027 1712/1673/3027 1698/1660/3027
f 1698/1660/3028 1712/1673/3028 1699/1661/3028
f 1712/1673/3029 1713/1674/3029 1699/1661/3029
f 1699/1661/3030 1713/1674/3030 1700/1662/3030
f 1713/1674/3031 1714/1675/3031 1700/1662/3031
f 1700/1662/3032 1714/1675/3032 1701/1663/3032
f 1714/1675/3033 1715/1676/3033 1701/1663/3033
f 1701/1663/3034 1715/1676/3034 1702/1664/3034
f 1715/1676/3035 1716/1677/3035 1702/1664/3035
f 1702/1664/3036 1716/1677/3036 1703/1665/3036
f 1716/1677/3037 1717/1678/3037 1703/1665/3037
f 1703/1665/3038 1717/1678/3038 1704/1666/3038
f 1717/1678/3039 1718/1679/3039 1704/1666/3039
f 1704/1666/3040 1718/1679/3040 1705/1667/3040
f 1718/1679/3041 1719/1680/3041 1705/1667/3041
f 1705/1667/3042 1719/1680/3042 1706/1668/3042
f 1719/1680/3043 1720/1681/3043 1706/1668/3043
f 1706/1668/3044 1720/1681/3044 1707/1669/3044
f 1720/1681/3045 1721/1682/3045 1707/1669/3045
f 1707/1669/3046 1721/1682/3046 1708/1670/3046
f 1721/1682/3047 1722/1683/3047 1708/1670/3047
f 1708/1670/3048 1722/1683/3048 269/1086/3048
f 1722/1683/3049 268/31/3049 269/1086/3049
f 267/25/3050 147/24/3050 1709/1592/3050
f 147/24/3051 146/1684/3051 1709/1592/3051
f 1709/1592/3052 146/1684/3052 1710/1671/3052
f 146/1684/3053 145/1685/3053 1710/1671/3053
f 1710/1671/3054 145/1685/3054 1711/1672/3054
f 145/1685/3055 144/1686/3055 1711/1672/3055
f 1711/1672/3056 144/1686/3056 1712/1673/3056
f 144/1686/3057 143/1687/3057 1712/1673/3057
f 1712/1673/3058 143/1687/3058 1713/1674/3058
f 143/1687/3059 142/1688/3059 1713/1674/3059
f 1713/1674/3060 142/1688/3060 1714/1675/3060
f 142/1688/3061 141/1689/3061 1714/1675/3061
f 1714/1675/3062 141/1689/3062 1715/1676/3062
f 141/1689/3063 140/1690/3063 1715/1676/3063
f 1715/1676/3064 140/1690/3064 1716/1677/3064
f 140/1690/3065 139/1691/3065 1716/1677/3065
f 1716/1677/3066 139/1691/3066 1717/1678/3066
f 139/1691/3067 138/1692/3067 1717/1678/3067
f 1717/1678/3068 138/1692/3068 1718/1679/3068
f 138/1692/3069 137/1693/3069 1718/1679/3069
f 1718/1679/3070 137/1693/3070 1719/1680/3070
f 137/1693/3071 136/1694/3071 1719/1680/3071
f 1719/1680/3072 136/1694/3072 1720/1681/3072
f 136/1694/3073 135/1695/3073 1720/1681/3073
f 1720/1681/3074 135/1695/3074 1721/1682/3074
f 135/1695/3075 134/1696/3075 1721/1682/3075
f 1721/1682/3076 134/1696/3076 1722/1683/3076
f 134/1696/3077 133/1697/3077 1722/1683/3077
f 1722/1683/3078 133/1697/3078 268/31/3078
f 133/1697/3079 4/20/3079 268/31/3079
f 223/1193/3080 252/1698/3080 8/496/3080
f 224/1192/3081 1723/1699/3081 223/1193/3081
f 225/1191/3082 1724/1700/3082 224/1192/3082
f 226/1190/3083 1726/1701/3083 225/1191/3083
f 227/1189/3084 1729/1702/3084 226/1190/3084
f 228/1188/3085 1733/1703/3085 227/1189/3085
f 229/1187/3086 1738/1704/3086 228/1188/3086
f 230/1186/3087 1744/1705/3087 229/1187/3087
f 231/1185/3088 1751/1706/3088 230/1186/3088
f 232/1184/3089 1759/1707/3089 231/1185/3089
f 233/1183/3090 1768/1708/3090 232/1184/3090
f 234/1182/3091 1778/1709/3091 233/1183/3091
f 235/1181/3092 1789/1710/3092 234/1182/3092
f 236/1180/3093 1801/1711/3093 235/1181/3093
f 237/22/3094 1814/1712/3094 236/1180/3094
f 223/1193/3095 1723/1699/3095 252/1698/3095
f 1723/1699/3096 251/1713/3096 252/1698/3096
f 224/1192/3097 1724/1700/3097 1723/1699/3097
f 1724/1700/3098 1725/1714/3098 1723/1699/3098
f 1723/1699/3099 1725/1714/3099 251/1713/3099
f 1725/1714/3100 250/1715/3100 251/1713/3100
f 225/1191/3101 1726/1701/3101 1724/1700/3101
f 1726/1701/3102 1727/1716/3102 1724/1700/3102
f 1724/1700/3103 1727/1716/3103 1725/1714/3103
f 1727/1716/3104 1728/1717/3104 1725/1714/3104
f 1725/1714/3105 1728/1717/3105 250/1715/3105
f 1728/1717/3106 249/1718/3106 250/1715/3106
f 226/1190/3107 1729/1702/3107 1726/1701/3107
f 1729/1702/3108 1730/1719/3108 1726/1701/3108
f 1726/1701/3109 1730/1719/3109 1727/1716/3109
f 1730/1719/3110 1731/1720/3110 1727/1716/3110
f 1727/1716/3111 1731/1720/3111 1728/1717/3111
f 1731/1720/3112 1732/1721/3112 1728/1717/3112
f 1728/1717/3113 1732/1721/3113 249/1718/3113
f 1732/1721/3114 248/1722/3114 249/1718/3114
f 227/1189/3115 1733/1703/3115 1729/1702/3115
f 1733/1703/3116 1734/1723/3116 1729/1702/3116
f 1729/1702/3117 1734/1723/3117 1730/1719/3117
f 1734/1723/3118 1735/1724/3118 1730/1719/3118
f 1730/1719/3119 1735/1724/3119 1731/1720/3119
f 1735/1724/3120 1736/1725/3120 1731/1720/3120
f 1731/1720/3121 1736/1725/3121 1732/1721/3121
f 1736/1725/3122 1737/1726/3122 1732/1721/3122
f 1732/1721/3123 1737/1726/3123 248/1722/3123
f 1737/1726/3124 247/1727/3124 248/1722/3124
f 228/1188/3125 1738/1704/3125 1733/1703/3125
f 1738/1704/3126 1739/1728/3126 1733/1703/3126
f 1733/1703/3127 1739/1728/3127 1734/1723/3127
f 1739/1728/3128 1740/1729/3128 1734/1723/3128
f 1734/1723/3129 1740/1729/3129 1735/1724/3129
f 1740/1729/3130 1741/1730/3130 1735/1724/3130
f 1735/1724/3131 1741/1730/3131 1736/1725/3131
f 1741/1730/3132 1742/1731/3132 1736/1725/3132
f 1736/1725/3133 1742/1731/3133 1737/1726/3133
f 1742/1731/3134 1743/1732/3134 1737/1726/3134
f 1737/1726/3135 1743/1732/3135 247/1727/3135
f 1743/1732/3136 246/1733/3136 247/1727/3136
f 229/1187/3137 1744/1705/3137 1738/1704/3137
f 1744/1705/3138 1745/1734/3138 1738/1704/3138
f 1738/1704/3139 1745/1734/3139 1739/1728/3139
f 1745/1734/3140 1746/1735/3140 1739/1728/3140
f 1739/1728/3141 1746/1735/3141 1740/1729/3141
f 1746/1735/3142 1747/1736/3142 1740/1729/3142
f 1740/1729/3143 1747/1736/3143 1741/1730/3143
f 1747/1736/3144 1748/1737/3144 1741/1730/3144
f 1741/1730/3145 1748/1737/3145 1742/1731/3145
f 1748/1737/3146 1749/1738/3146 1742/1731/3146
f 1742/1731/3147 1749/1738/3147 1743/1732/3147
f 1749/1738/3148 1750/1739/3148 1743/1732/3148
f 1743/1732/3149 1750/1739/3149 246/1733/3149
f 1750/1739/3150 245/1740/3150 246/1733/3150
f 230/1186/3151 1751/1706/3151 1744/1705/3151
f 1751/1706/3152 1752/1741/3152 1744/1705/3152
f 1744/1705/3153 1752/1741/3153 1745/1734/3153
f 1752/1741/3154 1753/1742/3154 1745/1734/3154
f 1745/1734/3155 1753/1742/3155 1746/1735/3155
f 1753/1742/3156 1754/1743/3156 1746/1735/3156
f 1746/1735/3157 1754/1743/3157 1747/1736/3157
f 1754/1743/3158 1755/1744/3158 1747/1736/3158
f 1747/1736/3159 1755/1744/3159 1748/1737/3159
f 1755/1744/3160 1756/1745/3160 1748/1737/3160
f 1748/1737/3161 1756/1745/3161 1749/1738/3161
f 1756/1745/3162 1757/1746/3162 1749/1738/3162
f 1749/1738/3163 1757/1746/3163 1750/1739/3163
f 1757/1746/3164 1758/1747/3164 1750/1739/3164
f 1750/1739/3165 1758/1747/3165 245/1740/3165
f 1758/1747/3166 244/1748/3166 245/1740/3166
f 231/1185/3167 1759/1707/3167 1751/1706/3167
f 1759/1707/3168 1760/1749/3168 1751/1706/3168
f 1751/1706/3169 1760/1749/3169 1752/1741/3169
f 1760/1749/3170 1761/1750/3170 1752/1741/3170
f 1752/1741/3171 1761/1750/3171 1753/1742/3171
f 1761/1750/3172 1762/1751/3172 1753/1742/3172
f 1753/1742/3173 1762/1751/3173 1754/1743/3173
f 1762/1751/3174 1763/1752/3174 1754/1743/3174
f 1754/1743/3175 1763/1752/3175 1755/1744/3175
f 1763/1752/3176 1764/1753/3176 1755/1744/3176
f 1755/1744/3177 1764/1753/3177 1756/1745/3177
f 1764/1753/3178 1765/1754/3178 1756/1745/3178
f 1756/1745/3179 1765/1754/3179 1757/1746/3179
f 1765/1754/3180 1766/1755/3180 1757/1746/3180
f 1757/1746/3181 1766/1755/3181 1758/1747/3181
f 1766/1755/3182 1767/1756/3182 1758/1747/3182
f 1758/1747/3183 1767/1756/3183 244/1748/3183
f 1767/1756/3184 243/1757/3184 244/1748/3184
f 232/1184/3185 1768/1708/3185 1759/1707/3185
f 1768/1708/3186 1769/1758/3186 1759/1707/3186
f 1759/1707/3187 1769/1758/3187 1760/1749/3187
f 1769/1758/3188 1770/1759/3188 1760/1749/3188
f 1760/1749/3189 1770/1759/3189 1761/1750/3189
f 1770/1759/3190 1771/1760/3190 1761/1750/3190
f 1761/1750/3191 1771/1760/3191 1762/1751/3191
f 1771/1760/3192 1772/1761/3192 1762/1751/3192
f 1762/1751/3193 1772/1761/3193 1763/1752/3193
f 1772/1761/3194 1773/1762/3194 1763/1752/3194
f 1763/1752/3195 1773/1762/3195 1764/1753/3195
f 1773/1762/3196 1774/1763/3196 1764/1753/3196
f 1764/1753/3197 1774/1763/3197 1765/1754/3197
f 1774/1763/3198 1775/1764/3198 1765/1754/3198
f 1765/1754/3199 1775/1764/3199 1766/1755/3199
f 1775/1764/3200 1776/1765/3200 1766/1755/3200
f 1766/1755/3201 1776/1765/3201 1767/1756/3201
f 1776/1765/3202 1777/1766/3202 1767/1756/3202
f 1767/1756/3203 1777/1766/3203 243/1757/3203
f 1777/1766/3204 242/1767/3204 243/1757/3204
f 233/1183/3205 1778/1709/3205 1768/1708/3205
f 1778/1709/3206 1779/1768/3206 1768/1708/3206
f 1768/1708/3207 1779/1768/3207 1769/1758/3207
f 1779/1768/3208 1780/1769/3208 1769/1758/3208
f 1769/1758/3209 1780/1769/3209 1770/1759/3209
f 1780/1769/3210 1781/1770/3210 1770/1759/3210
f 1770/1759/3211 1781/1770/3211 1771/1760/3211
f 1781/1770/3212 1782/1771/3212 1771/1760/3212
f 1771/1760/3213 1782/1771/3213 1772/1761/3213
f 1782/1771/3214 1783/1772/3214 1772/1761/3214
f 1772/1761/3215 1783/1772/3215 1773/1762/3215
f 1783/1772/3216 1784/1773/3216 1773/1762/3216
f 1773/1762/3217 1784/1773/3217 1774/1763/3217
f 1784/1773/3218 1785/1774/3218 1774/1763/3218
f 1774/1763/3219 1785/1774/3219 1775/1764/3219
f 1785/1774/3220 1786/1775/3220 1775/1764/3220
f 1775/1764/3221 1786/1775/3221 1776/1765/3221
f 1786/1775/3222 1787/1776/3222 1776/1765/3222
f 1776/1765/3223 1787/1776/3223 1777/1766/3223
f 1787/1776/3224 1788/1777/3224 1777/1766/3224
f 1777/1766/3225 1788/1777/3225 242/1767/3225
f 1788/1777/3226 241/1778/3226 242/1767/3226
f 234/1182/3227 1789/1710/3227 1778/1709/3227
f 1789/1710/3228 1790/1779/3228 1778/1709/3228
f 1778/1709/3229 1790/1779/3229 1779/1768/3229
f 1790/1779/3230 1791/1780/3230 1779/1768/3230
f 1779/1768/3231 1791/1780/3231 1780/1769/3231
f 1791/1780/3232 1792/1781/3232 1780/1769/3232
f 1780/1769/3233 1792/1781/3233 1781/1770/3233
f 1792/1781/3234 1793/1782/3234 1781/1770/3234
f 1781/1770/3235 1793/1782/3235 1782/1771/3235
f 1793/1782/3236 1794/1783/3236 1782/1771/3236
f 1782/1771/3237 1794/1783/3237 1783/1772/3237
f 1794/1783/3238 1795/1784/3238 1783/1772/3238
f 1783/1772/3239 1795/1784/3239 1784/1773/3239
f 1795/1784/3240 1796/1785/3240 1784/1773/3240
f 1784/1773/3241 1796/1785/3241 1785/1774/3241
f 1796/1785/3242 1797/1786/3242 1785/1774/3242
f 1785/1774/3243 1797/1786/3243 1786/1775/3243
f 1797/1786/3244 1798/1787/3244 1786/1775/3244
f 1786/1775/3245 1798/1787/3245 1787/1776/3245
f 1798/1787/3246 1799/1788/3246 1787/1776/3246
f 1787/1776/3247 1799/1788/3247 1788/1777/3247
f 1799/1788/3248 1800/1789/3248 1788/1777/3248
f 1788/1777/3249 1800/1789/3249 241/1778/3249
f 1800/1789/3250 240/1790/3250 241/1778/3250
f 235/1181/3251 1801/1711/3251 1789/1710/3251
f 1801/1711/3252 1802/1791/3252 1789/1710/3252
f 1789/1710/3253 1802/1791/3253 1790/1779/3253
f 1802/1791/3254 1803/1792/3254 1790/1779/3254
f 1790/1779/3255 1803/1792/3255 1791/1780/3255
f 1803/1792/3256 1804/1793/3256 1791/1780/3256
f 1791/1780/3257 1804/1793/3257 1792/1781/3257
f 1804/1793/3258 1805/1794/3258 1792/1781/3258
f 1792/1781/3259 1805/1794/3259 1793/1782/3259
f 1805/1794/3260 1806/1795/3260 1793/1782/3260
f 1793/1782/3261 1806/1795/3261 1794/1783/3261
f 1806/1795/3262 1807/1796/3262 1794/1783/3262
f 1794/1783/3263 1807/1796/3263 1795/1784/3263
f 1807/1796/3264 1808/1797/3264 1795/1784/3264
f 1795/1784/3265 1808/1797/3265 1796/1785/3265
f 1808/1797/3266 1809/1798/3266 1796/1785/3266
f 1796/1785/3267 1809/1798/3267 1797/1786/3267
f 1809/1798/3268 1810/1799/3268 1797/1786/3268
f 1797/1786/3269 1810/1799/3269 1798/1787/3269
f 1810/1799/3270 1811/1800/3270 1798/1787/3270
f 1798/1787/3271 1811/1800/3271 1799/1788/3271
f 1811/1800/3272 1812/1801/3272 1799/1788/3272
f 1799/1788/3273 1812/1801/3273 1800/1789/3273
f 1812/1801/3274 1813/1802/3274 1800/1789/3274
f 1800/1789/3275 1813/1802/3275 240/1790/3275
f 1813/1802/3276 239/1803/3276 240/1790/3276
f 236/1180/3277 1814/1712/3277 1801/1711/3277
f 1814/1712/3278 1815/1804/3278 1801/1711/3278
f 1801/1711/3279 1815/1804/3279 1802/1791/3279
f 1815/1804/3280 1816/1805/3280 1802/1791/3280
f 1802/1791/3281 1816/1805/3281 1803/1792/3281
f 1816/1805/3282 1817/1806/3282 1803/1792/3282
f 1803/1792/3283 1817/1806/3283 1804/1793/3283
f 1817/1806/3284 1818/1807/3284 1804/1793/3284
f 1804/1793/3285 1818/1807/3285 1805/1794/3285
f 1818/1807/3286 1819/1808/3286 1805/1794/3286
f 1805/1794/3287 1819/1808/3287 1806/1795/3287
f 1819/1808/3288 1820/1809/3288 1806/1795/3288
f 1806/1795/3289 1820/1809/3289 1807/1796/3289
f 1820/1809/3290 1821/1810/3290 1807/1796/3290
f 1807/1796/3291 1821/1810/3291 1808/1797/3291
f 1821/1810/3292 1822/1811/3292 1808/1797/3292
f 1808/1797/3293 1822/1811/3293 1809/1798/3293
f 1822/1811/3294 1823/1812/3294 1809/1798/3294
f 1809/1798/3295 1823/1812/3295 1810/1799/3295
f 1823/1812/3296 1824/1813/3296 1810/1799/3296
f 1810/1799/3297 1824/1813/3297 1811/1800/3297
f 1824/1813/3298 1825/1814/3298 1811/1800/3298
f 1811/1800/3299 1825/1814/3299 1812/1801/3299
f 1825/1814/3300 1826/1815/3300 1812/1801/3300
f 1812/1801/3301 1826/1815/3301 1813/1802/3301
f 1826/1815/3302 1827/1816/3302 1813/1802/3302
f 1813/1802/3303 1827/1816/3303 239/1803/3303
f 1827/1816/3304 238/1817/3304 239/1803/3304
f 237/22/3305 117/21/3305 1814/1712/3305
f 117/21/3306 116/1818/3306 1814/1712/3306
f 1814/1712/3307 116/1818/3307 1815/1804/3307
f 116/1818/3308 115/1819/3308 1815/1804/3308
f 1815/1804/3309 115/1819/3309 1816/1805/3309
f 115/1819/3310 114/1820/3310 1816/1805/3310
f 1816/1805/3311 114/1820/3311 1817/1806/3311
f 114/1820/3312 113/1821/3312 1817/1806/3312
f 1817/1806/3313 113/1821/3313 1818/1807/3313
f 113/1821/3314 112/1822/3314 1818/1807/3314
f 1818/1807/3315 112/1822/3315 1819/1808/3315
f 112/1822/3316 111/1823/3316 1819/1808/3316
f 1819/1808/3317 111/1823/3317 1820/1809/3317
f 111/1823/3318 110/1824/3318 1820/1809/3318
f 1820/1809/3319 110/1824/3319 1821/1810/3319
f 110/1824/3320 109/1825/3320 1821/1810/3320
f 1821/1810/3321 109/1825/3321 1822/1811/3321
f 109/1825/3322 108/1826/3322 1822/1811/3322
f 1822/1811/3323 108/1826/3323 1823/1812/3323
f 108/1826/3324 107/1827/3324 1823/1812/3324
f 1823/1812/3325 107/1827/3325 1824/1813/3325
f 107/1827/3326 106/1828/3326 1824/1813/3326
f 1824/1813/3327 106/1828/3327 1825/1814/3327
f 106/1828/3328 105/1829/3328 1825/1814/3328
f 1825/1814/3329 105/1829/3329 1826/1815/3329
f 105/1829/3330 104/1830/3330 1826/1815/3330
f 1826/1815/3331 104/1830/3331 1827/1816/3331
f 104/1830/3332 103/1831/3332 1827/1816/3332
f 1827/1816/3333 103/1831/3333 238/1817/3333
f 103/1831/3334 3/1832/3334 238/1817/3334
f 193/1326/3335 222/1327/3335 7/34/3335
f 194/1325/3336 1828/1833/3336 193/1326/3336
f 195/1324/3337 1829/1834/3337 194/1325/3337
f 196/1323/3338 1831/1835/3338 195/1324/3338
f 197/1322/3339 1834/1836/3339 196/1323/3339
f 198/1321/3340 1838/1837/3340 197/1322/3340
f 199/1320/3341 1843/1838/3341 198/1321/3341
f 200/1319/3342 1849/1839/3342 199/1320/3342
f 201/1318/3343 1856/1840/3343 200/1319/3343
f 202/1317/3344 1864/1841/3344 201/1318/3344
f 203/1316/3345 1873/1842/3345 202/1317/3345
f 204/1315/3346 1883/1843/3346 203/1316/3346
f 205/1314/3347 1894/1844/3347 204/1315/3347
f 206/1313/3348 1906/1845/3348 205/1314/3348
f 207/19/3349 1919/1846/3349 206/1313/3349
f 193/1326/3350 1828/1833/3350 222/1327/3350
f 1828/1833/3351 221/1328/3351 222/1327/3351
f 194/1325/3352 1829/1834/3352 1828/1833/3352
f 1829/1834/3353 1830/1847/3353 1828/1833/3353
f 1828/1833/3354 1830/1847/3354 221/1328/3354
f 1830/1847/3355 220/1330/3355 221/1328/3355
f 195/1324/3356 1831/1835/3356 1829/1834/3356
f 1831/1835/3357 1832/1848/3357 1829/1834/3357
f 1829/1834/3358 1832/1848/3358 1830/1847/3358
f 1832/1848/3359 1833/1849/3359 1830/1847/3359
f 1830/1847/3360 1833/1849/3360 220/1330/3360
f 1833/1849/3361 219/1332/3361 220/1330/3361
f 196/1323/3362 1834/1836/3362 1831/1835/3362
f 1834/1836/3363 1835/1850/3363 1831/1835/3363
f 1831/1835/3364 1835/1850/3364 1832/1848/3364
f 1835/1850/3365 1836/1851/3365 1832/1848/3365
f 1832/1848/3366 1836/1851/3366 1833/1849/3366
f 1836/1851/3367 1837/1852/3367 1833/1849/3367
f 1833/1849/3368 1837/1852/3368 219/1332/3368
f 1837/1852/3369 218/1334/3369 219/1332/3369
f 197/1322/3370 1838/1837/3370 1834/1836/3370
f 1838/1837/3371 1839/1853/3371 1834/1836/3371
f 1834/1836/3372 1839/1853/3372 1835/1850/3372
f 1839/1853/3373 1840/1854/3373 1835/1850/3373
f 1835/1850/3374 1840/1854/3374 1836/1851/3374
f 1840/1854/3375 1841/1855/3375 1836/1851/3375
f 1836/1851/3376 1841/1855/3376 1837/1852/3376
f 1841/1855/3377 1842/1856/3377 1837/1852/3377
f 1837/1852/3378 1842/1856/3378 218/1334/3378
f 1842/1856/3379 217/1336/3379 218/1334/3379
f 198/1321/3380 1843/1838/3380 1838/1837/3380
f 1843/1838/3381 1844/1857/3381 1838/1837/3381
f 1838/1837/3382 1844/1857/3382 1839/1853/3382
f 1844/1857/3383 1845/1858/3383 1839/1853/3383
f 1839/1853/3384 1845/1858/3384 1840/1854/3384
f 1845/1858/3385 1846/1859/3385 1840/1854/3385
f 1840/1854/3386 1846/1859/3386 1841/1855/3386
f 1846/1859/3387 1847/1860/3387 1841/1855/3387
f 1841/1855/3388 1847/1860/3388 1842/1856/3388
f 1847/1860/3389 1848/1861/3389 1842/1856/3389
f 1842/1856/3390 1848/1861/3390 217/1336/3390
f 1848/1861/3391 216/1338/3391 217/1336/3391
f 199/1320/3392 1849/1839/3392 1843/1838/3392
f 1849/1839/3393 1850/1862/3393 1843/1838/3393
f 1843/1838/3394 1850/1862/3394 1844/1857/3394
f 1850/1862/3395 1851/1863/3395 1844/1857/3395
f 1844/1857/3396 1851/1863/3396 1845/1858/3396
f 1851/1863/3397 1852/1864/3397 1845/1858/3397
f 1845/1858/3398 1852/1864/3398 1846/1859/3398
f 1852/1864/3399 1853/1865/3399 1846/1859/3399
f 1846/1859/3400 1853/1865/3400 1847/1860/3400
f 1853/1865/3401 1854/1866/3401 1847/1860/3401
f 1847/1860/3402 1854/1866/3402 1848/1861/3402
f 1854/1866/3403 1855/1867/3403 1848/1861/3403
f 1848/1861/3404 1855/1867/3404 216/1338/3404
f 1855/1867/3405 215/1340/3405 216/1338/3405
f 200/1319/3406 1856/1840/3406 1849/1839/3406
f 1856/1840/3407 1857/1868/3407 1849/1839/3407
f 1849/1839/3408 1857/1868/3408 1850/1862/3408
f 1857/1868/3409 1858/1869/3409 1850/1862/3409
f 1850/1862/3410 1858/1869/3410 1851/1863/3410
f 1858/1869/3411 1859/1870/3411 1851/1863/3411
f 1851/1863/3412 1859/1870/3412 1852/1864/3412
f 1859/1870/3413 1860/1871/3413 1852/1864/3413
f 1852/1864/3414 1860/1871/3414 1853/1865/3414
f 1860/1871/3415 1861/1872/3415 1853/1865/3415
f 1853/1865/3416 1861/1872/3416 1854/1866/3416
f 1861/1872/3417 1862/1873/3417 1854/1866/3417
f 1854/1866/3418 1862/1873/3418 1855/1867/3418
f 1862/1873/3419 1863/1874/3419 1855/1867/3419
f 1855/1867/3420 1863/1874/3420 215/1340/3420
f 1863/1874/3421 214/1342/3421 215/1340/3421
f 201/1318/3422 1864/1841/3422 1856/1840/3422
f 1864/1841/3423 1865/1875/3423 1856/1840/3423
f 1856/1840/3424 1865/1875/3424 1857/1868/3424
f 1865/1875/3425 1866/1876/3425 1857/1868/3425
f 1857/1868/3426 1866/1876/3426 1858/1869/3426
f 1866/1876/3427 1867/1877/3427 1858/1869/3427
f 1858/1869/3428 1867/1877/3428 1859/1870/3428
f 1867/1877/3429 1868/1878/3429 1859/1870/3429
f 1859/1870/3430 1868/1878/3430 1860/1871/3430
f 1868/1878/3431 1869/1879/3431 1860/1871/3431
f 1860/1871/3432 1869/1879/3432 1861/1872/3432
f 1869/1879/3433 1870/1880/3433 1861/1872/3433
f 1861/1872/3434 1870/1880/3434 1862/1873/3434
f 1870/1880/3435 1871/1881/3435 1862/1873/3435
f 1862/1873/3436 1871/1881/3436 1863/1874/3436
f 1871/1881/3437 1872/1882/3437 1863/1874/3437
f 1863/1874/3438 1872/1882/3438 214/1342/3438
f 1872/1882/3439 213/1344/3439 214/1342/3439
f 202/1317/3440 1873/1842/3440 1864/1841/3440
f 1873/1842/3441 1874/1883/3441 1864/1841/3441
f 1864/1841/3442 1874/1883/3442 1865/1875/3442
f 1874/1883/3443 1875/1884/3443 1865/1875/3443
f 1865/1875/3444 1875/1884/3444 1866/1876/3444
f 1875/1884/3445 1876/1885/3445 1866/1876/3445
f 1866/1876/3446 1876/1885/3446 1867/1877/3446
f 1876/1885/3447 1877/1886/3447 1867/1877/3447
f 1867/1877/3448 1877/1886/3448 1868/1878/3448
f 1877/1886/3449 1878/1887/3449 1868/1878/3449
f 1868/1878/3450 1878/1887/3450 1869/1879/3450
f 1878/1887/3451 1879/1888/3451 1869/1879/3451
f 1869/1879/3452 1879/1888/3452 1870/1880/3452
f 1879/1888/3453 1880/1889/3453 1870/1880/3453
f 1870/1880/3454 1880/1889/3454 1871/1881/3454
f 1880/1889/3455 1881/1890/3455 1871/1881/3455
f 1871/1881/3456 1881/1890/3456 1872/1882/3456
f 1881/1890/3457 1882/1891/3457 1872/1882/3457
f 1872/1882/3458 1882/1891/3458 213/1344/3458
f 1882/1891/3459 212/1346/3459 213/1344/3459
f 203/1316/3460 1883/1843/3460 1873/1842/3460
f 1883/1843/3461 1884/1892/3461 1873/1842/3461
f 1873/1842/3462 1884/1892/3462 1874/1883/3462
f 1884/1892/3463 1885/1893/3463 1874/1883/3463
f 1874/1883/3464 1885/1893/3464 1875/1884/3464
f 1885/1893/3465 1886/1894/3465 1875/1884/3465
f 1875/1884/3466 1886/1894/3466 1876/1885/3466
f 1886/1894/3467 1887/1895/3467 1876/1885/3467
f 1876/1885/3468 1887/1895/3468 1877/1886/3468
f 1887/1895/3469 1888/1896/3469 1877/1886/3469
f 1877/1886/3470 1888/1896/3470 1878/1887/3470
f 1888/1896/3471 1889/1897/3471 1878/1887/3471
f 1878/1887/3472 1889/1897/3472 1879/1888/3472
f 1889/1897/3473 1890/1898/3473 1879/1888/3473
f 1879/1888/3474 1890/1898/3474 1880/1889/3474
f 1890/1898/3475 1891/1899/3475 1880/1889/3475
f 1880/1889/3476 1891/1899/3476 1881/1890/3476
f 1891/1899/3477 1892/1900/3477 1881/1890/3477
f 1881/1890/3478 1892/1900/3478 1882/1891/3478
f 1892/1900/3479 1893/1901/3479 1882/1891/3479
f 1882/1891/3480 1893/1901/3480 212/1346/3480
f 1893/1901/3481 211/1348/3481 212/1346/3481
f 204/1315/3482 1894/1844/3482 1883/1843/3482
f 1894/1844/3483 1895/1902/3483 1883/1843/3483
f 1883/1843/3484 1895/1902/3484 1884/1892/3484
f 1895/1902/3485 1896/1903/3485 1884/1892/3485
f 1884/1892/3486 1896/1903/3486 1885/1893/3486
f 1896/1903/3487 1897/1904/3487 1885/1893/3487
f 1885/1893/3488 1897/1904/3488 1886/1894/3488
f 1897/1904/3489 1898/1905/3489 1886/1894/3489
f 1886/1894/3490 1898/1905/3490 1887/1895/3490
f 1898/1905/3491 1899/1906/3491 1887/1895/3491
f 1887/1895/3492 1899/1906/3492 1888/1896/3492
f 1899/1906/3493 1900/1907/3493 1888/1896/3493
f 1888/1896/3494 1900/1907/3494 1889/1897/3494
f 1900/1907/3495 1901/1908/3495 1889/1897/3495
f 1889/1897/3496 1901/1908/3496 1890/1898/3496
f 1901/1908/3497 1902/1909/3497 1890/1898/3497
f 1890/1898/3498 1902/1909/3498 1891/1899/3498
f 1902/1909/3499 1903/1910/3499 1891/1899/3499
f 1891/1899/3500 1903/1910/3500 1892/1900/3500
f 1903/1910/3501 1904/1911/3501 1892/1900/3501
f 1892/1900/3502 1904/1911/3502 1893/1901/3502
f 1904/1911/3503 1905/1912/3503 1893/1901/3503
f 1893/1901/3504 1905/1912/3504 211/1348/3504
f 1905/1912/3505 210/1350/3505 211/1348/3505
f 205/1314/3506 1906/1845/3506 1894/1844/3506
f 1906/1845/3507 1907/1913/3507 1894/1844/3507
f 1894/1844/3508 1907/1913/3508 1895/1902/3508
f 1907/1913/3509 1908/1914/3509 1895/1902/3509
f 1895/1902/3510 1908/1914/3510 1896/1903/3510
f 1908/1914/3511 1909/1915/3511 1896/1903/3511
f 1896/1903/3512 1909/1915/3512 1897/1904/3512
f 1909/1915/3513 1910/1916/3513 1897/1904/3513
f 1897/1904/3514 1910/1916/3514 1898/1905/3514
f 1910/1916/3515 1911/1917/3515 1898/1905/3515
f 1898/1905/3516 1911/1917/3516 1899/1906/3516
f 1911/1917/3517 1912/1918/3517 1899/1906/3517
f 1899/1906/3518 1912/1918/3518 1900/1907/3518
f 1912/1918/3519 1913/1919/3519 1900/1907/3519
f 1900/1907/3520 1913/1919/3520 1901/1908/3520
f 1913/1919/3521 1914/1920/3521 1901/1908/3521
f 1901/1908/3522 1914/1920/3522 1902/1909/3522
f 1914/1920/3523 1915/1921/3523 1902/1909/3523
f 1902/1909/3524 1915/1921/3524 1903/1910/3524
f 1915/1921/3525 1916/1922/3525 1903/1910/3525
f 1903/1910/3526 1916/1922/3526 1904/1911/3526
f 1916/1922/3527 1917/1923/3527 1904/1911/3527
f 1904/1911/3528 1917/1923/3528 1905/1912/3528
f 1917/1923/3529 1918/1924/3529 1905/1912/3529
f 1905/1912/3530 1918/1924/3530 210/1350/3530
f 1918/1924/3531 209/1352/3531 210/1350/3531
f 206/1313/3532 1919/1846/3532 1906/1845/3532
f 1919/1846/3533 1920/1925/3533 1906/1845/3533
f 1906/1845/3534 1920/1925/3534 1907/1913/3534
f 1920/1925/3535 1921/1926/3535 1907/1913/3535
f 1907/1913/3536 1921/1926/3536 1908/1914/3536
f 1921/1926/3537 1922/1927/3537 1908/1914/3537
f 1908/1914/3538 1922/1927/3538 1909/1915/3538
f 1922/1927/3539 1923/1928/3539 1909/1915/3539
f 1909/1915/3540 1923/1928/3540 1910/1916/3540
f 1923/1928/3541 1924/1929/3541 1910/1916/3541
f 1910/1916/3542 1924/1929/3542 1911/1917/3542
f 1924/1929/3543 1925/1930/3543 1911/1917/3543
f 1911/1917/3544 1925/1930/3544 1912/1918/3544
f 1925/1930/3545 1926/1931/3545 1912/1918/3545
f 1912/1918/3546 1926/1931/3546 1913/1919/3546
f 1926/1931/3547 1927/1932/3547 1913/1919/3547
f 1913/1919/3548 1927/1932/3548 1914/1920/3548
f 1927/1932/3549 1928/1933/3549 1914/1920/3549
f 1914/1920/3550 1928/1933/3550 1915/1921/3550
f 1928/1933/3551 1929/1934/3551 1915/1921/3551
f 1915/1921/3552 1929/1934/3552 1916/1922/3552
f 1929/1934/3553 1930/1935/3553 1916/1922/3553
f 1916/1922/3554 1930/1935/3554 1917/1923/3554
f 1930/1935/3555 1931/1936/3555 1917/1923/3555
f 1917/1923/3556 1931/1936/3556 1918/1924/3556
f 1931/1936/3557 1932/1937/3557 1918/1924/3557
f 1918/1924/3558 1932/1937/3558 209/1352/3558
f 1932/1937/3559 208/29/3559 209/1352/3559
f 207/19/3560 57/18/3560 1919/1846/3560
f 57/18/3561 56/1938/3561 1919/1846/3561
f 1919/1846/3562 56/1938/3562 1920/1925/3562
f 56/1938/3563 55/1939/3563 1920/1925/3563
f 1920/1925/3564 55/1939/3564 1921/1926/3564
f 55/1939/3565 54/1940/3565 1921/1926/3565
f 1921/1926/3566 54/1940/3566 1922/1927/3566
f 54/1940/3567 53/1941/3567 1922/1927/3567
f 1922/1927/3568 53/1941/3568 1923/1928/3568
f 53/1941/3569 52/1942/3569 1923/1928/3569
f 1923/1928/3570 52/1942/3570 1924/1929/3570
f 52/1942/3571 51/1943/3571 1924/1929/3571
f 1924/1929/3572 51/1943/3572 1925/1930/3572
f 51/1943/3573 50/1944/3573 1925/1930/3573
f 1925/1930/3574 50/1944/3574 1926/1931/3574
f 50/1944/3575 49/1945/3575 1926/1931/3575
f 1926/1931/3576 49/1945/3576 1927/1932/3576
f 49/1945/3577 48/1946/3577 1927/1932/3577
f 1927/1932/3578 48/1946/3578 1928/1933/3578
f 48/1946/3579 47/1947/3579 1928/1933/3579
f 1928/1933/3580 47/1947/3580 1929/1934/3580
f 47/1947/3581 46/1948/3581 1929/1934/3581
f 1929/1934/3582 46/1948/3582 1930/1935/3582
f 46/1948/3583 45/1949/3583 1930/1935/3583
f 1930/1935/3584 45/1949/3584 1931/1936/3584
f 45/1949/3585 44/1950/3585 1931/1936/3585
f 1931/1936/3586 44/1950/3586 1932/1937/3586
f 44/1950/3587 43/1951/3587 1932/1937/3587
f 1932/1937/3588 43/1951/3588 208/29/3588
f 43/1951/3589 2/4/3589 208/29/3589
f 163/1459/3590 192/795/3590 11/46/3590
f 164/1458/3591 1933/1952/3591 163/1459/3591
f 165/1457/3592 1934/1953/3592 164/1458/3592
f 166/1456/3593 1936/1954/3593 165/1457/3593
f 167/1455/3594 1939/1955/3594 166/1456/3594
f 168/1454/3595 1943/1956/3595 167/1455/3595
f 169/1453/3596 1948/1957/3596 168/1454/3596
f 170/1452/3597 1954/1958/3597 169/1453/3597
f 171/1451/3598 1961/1959/3598 170/1452/3598
f 172/1450/3599 1969/1960/3599 171/1451/3599
f 173/1449/3600 1978/1961/3600 172/1450/3600
f 174/1448/3601 1988/1962/3601 173/1449/3601
f 175/1447/3602 1999/1963/3602 174/1448/3602
f 176/1446/3603 2011/1964/3603 175/1447/3603
f 177/16/3604 2024/1965/3604 176/1446/3604
f 163/1459/3605 1933/1952/3605 192/795/3605
f 1933/1952/3606 191/796/3606 192/795/3606
f 164/1458/3607 1934/1953/3607 1933/1952/3607
f 1934/1953/3608 1935/1966/3608 1933/1952/3608
f 1933/1952/3609 1935/1966/3609 191/796/3609
f 1935/1966/3610 190/798/3610 191/796/3610
f 165/1457/3611 1936/1954/3611 1934/1953/3611
f 1936/1954/3612 1937/1967/3612 1934/1953/3612
f 1934/1953/3613 1937/1967/3613 1935/1966/3613
f 1937/1967/3614 1938/1968/3614 1935/1966/3614
f 1935/1966/3615 1938/1968/3615 190/798/3615
f 1938/1968/3616 189/800/3616 190/798/3616
f 166/1456/3617 1939/1955/3617 1936/1954/3617
f 1939/1955/3618 1940/1969/3618 1936/1954/3618
f 1936/1954/3619 1940/1969/3619 1937/1967/3619
f 1940/1969/3620 1941/1970/3620 1937/1967/3620
f 1937/1967/3621 1941/1970/3621 1938/1968/3621
f 1941/1970/3622 1942/1971/3622 1938/1968/3622
f 1938/1968/3623 1942/1971/3623 189/800/3623
f 1942/1971/3624 188/802/3624 189/800/3624
f 167/1455/3625 1943/1956/3625 1939/1955/3625
f 1943/1956/3626 1944/1972/3626 1939/1955/3626
f 1939/1955/3627 1944/1972/3627 1940/1969/3627
f 1944/1972/3628 1945/1973/3628 1940/1969/3628
f 1940/1969/3629 1945/1973/3629 1941/1970/3629
f 1945/1973/3630 1946/1974/3630 1941/1970/3630
f 1941/1970/3631 1946/1974/3631 1942/1971/3631
f 1946/1974/3632 1947/1975/3632 1942/1971/3632
f 1942/1971/3633 1947/1975/3633 188/802/3633
f 1947/1975/3634 187/804/3634 188/802/3634
f 168/1454/3635 1948/1957/3635 1943/1956/3635
f 1948/1957/3636 1949/1976/3636 1943/1956/3636
f 1943/1956/3637 1949/1976/3637 1944/1972/3637
f 1949/1976/3638 1950/1977/3638 1944/1972/3638
f 1944/1972/3639 1950/1977/3639 1945/1973/3639
f 1950/1977/3640 1951/1978/3640 1945/1973/3640
f 1945/1973/3641 1951/1978/3641 1946/1974/3641
f 1951/1978/3642 1952/1979/3642 1946/1974/3642
f 1946/1974/3643 1952/1979/3643 1947/1975/3643
f 1952/1979/3644 1953/1980/3644 1947/1975/3644
f 1947/1975/3645 1953/1980/3645 187/804/3645
f 1953/1980/3646 186/806/3646 187/804/3646
f 169/1453/3647 1954/1958/3647 1948/1957/3647
f 1954/1958/3648 1955/1981/3648 1948/1957/3648
f 1948/1957/3649 1955/1981/3649 1949/1976/3649
f 1955/1981/3650 1956/1982/3650 1949/1976/3650
f 1949/1976/3651 1956/1982/3651 1950/1977/3651
f 1956/1982/3652 1957/1983/3652 1950/1977/3652
f 1950/1977/3653 1957/1983/3653 1951/1978/3653
f 1957/1983/3654 1958/1984/3654 1951/1978/3654
f 1951/1978/3655 1958/1984/3655 1952/1979/3655
f 1958/1984/3656 1959/1985/3656 1952/1979/3656
f 1952/1979/3657 1959/1985/3657 1953/1980/3657
f 1959/1985/3658 1960/1986/3658 1953/1980/3658
f 1953/1980/3659 1960/1986/3659 186/806/3659
f 1960/1986/3660 185/808/3660 186/806/3660
f 170/1452/3661 1961/1959/3661 1954/1958/3661
f 1961/1959/3662 1962/1987/3662 1954/1958/3662
f 1954/1958/3663 1962/1987/3663 1955/1981/3663
f 1962/1987/3664 1963/1988/3664 1955/1981/3664
f 1955/1981/3665 1963/1988/3665 1956/1982/3665
f 1963/1988/3666 1964/1989/3666 1956/1982/3666
f 1956/1982/3667 1964/1989/3667 1957/1983/3667
f 1964/1989/3668 1965/1990/3668 1957/1983/3668
f 1957/1983/3669 1965/1990/3669 1958/1984/3669
f 1965/1990/3670 1966/1991/3670 1958/1984/3670
f 1958/1984/3671 1966/1991/3671 1959/1985/3671
f 1966/1991/3672 1967/1992/3672 1959/1985/3672
f 1959/1985/3673 1967/1992/3673 1960/1986/3673
f 1967/1992/3674 1968/1993/3674 1960/1986/3674
f 1960/1986/3675 1968/1993/3675 185/808/3675
f 1968/1993/3676 184/810/3676 185/808/3676
f 171/1451/3677 1969/1960/3677 1961/1959/3677
f 1969/1960/3678 1970/1994/3678 1961/1959/3678
f 1961/1959/3679 1970/1994/3679 1962/1987/3679
f 1970/1994/3680 1971/1995/3680 1962/1987/3680
f 1962/1987/3681 1971/1995/3681 1963/1988/3681
f 1971/1995/3682 1972/1996/3682 1963/1988/3682
f 1963/1988/3683 1972/1996/3683 1964/1989/3683
f 1972/1996/3684 1973/1997/3684 1964/1989/3684
f 1964/1989/3685 1973/1997/3685 1965/1990/3685
f 1973/1997/3686 1974/1998/3686 1965/1990/3686
f 1965/1990/3687 1974/1998/3687 1966/1991/3687
f 1974/1998/3688 1975/1999/3688 1966/1991/3688
f 1966/1991/3689 1975/1999/3689 1967/1992/3689
f 1975/1999/3690 1976/2000/3690 1967/1992/3690
f 1967/1992/3691 1976/2000/3691 1968/1993/3691
f 1976/2000/3692 1977/2001/3692 1968/1993/3692
f 1968/1993/3693 1977/2001/3693 184/810/3693
f 1977/2001/3694 183/812/3694 184/810/3694
f 172/1450/3695 1978/1961/3695 1969/1960/3695
f 1978/1961/3696 1979/2002/3696 1969/1960/3696
f 1969/1960/3697 1979/2002/3697 1970/1994/3697
f 1979/2002/3698 1980/2003/3698 1970/1994/3698
f 1970/1994/3699 1980/2003/3699 1971/1995/3699
f 1980/2003/3700 1981/2004/3700 1971/1995/3700
f 1971/1995/3701 1981/2004/3701 1972/1996/3701
f 1981/2004/3702 1982/2005/3702 1972/1996/3702
f 1972/1996/3703 1982/2005/3703 1973/1997/3703
f 1982/2005/3704 1983/2006/3704 1973/1997/3704
f 1973/1997/3705 1983/2006/3705 1974/1998/3705
f 1983/2006/3706 1984/2007/3706 1974/1998/3706
f 1974/1998/3707 1984/2007/3707 1975/1999/3707
f 1984/2007/3708 1985/2008/3708 1975/1999/3708
f 1975/1999/3709 1985/2008/3709 1976/2000/3709
f 1985/2008/3710 1986/2009/3710 1976/2000/3710
f 1976/2000/3711 1986/2009/3711 1977/2001/3711
f 1986/2009/3712 1987/2010/3712 1977/2001/3712
f 1977/2001/3713 1987/2010/3713 183/812/3713
f 1987/2010/3714 182/814/3714 183/812/3714
f 173/1449/3715 1988/1962/3715 1978/1961/3715
f 1988/1962/3716 1989/2011/3716 1978/1961/3716
f 1978/1961/3717 1989/2011/3717 1979/2002/3717
f 1989/2011/3718 1990/2012/3718 1979/2002/3718
f 1979/2002/3719 1990/2012/3719 1980/2003/3719
f 1990/2012/3720 1991/2013/3720 1980/2003/3720
f 1980/2003/3721 1991/2013/3721 1981/2004/3721
f 1991/2013/3722 1992/2014/3722 1981/2004/3722
f 1981/2004/3723 1992/2014/3723 1982/2005/3723
f 1992/2014/3724 1993/2015/3724 1982/2005/3724
f 1982/2005/3725 1993/2015/3725 1983/2006/3725
f 1993/2015/3726 1994/2016/3726 1983/2006/3726
f 1983/2006/3727 1994/2016/3727 1984/2007/3727
f 1994/2016/3728 1995/2017/3728 1984/2007/3728
f 1984/2007/3729 1995/2017/3729 1985/2008/3729
f 1995/2017/3730 1996/2018/3730 1985/2008/3730
f 1985/2008/3731 1996/2018/3731 1986/2009/3731
f 1996/2018/3732 1997/2019/3732 1986/2009/3732
f 1986/2009/3733 1997/2019/3733 1987/2010/3733
f 1997/2019/3734 1998/2020/3734 1987/2010/3734
f 1987/2010/3735 1998/2020/3735 182/814/3735
f 1998/2020/3736 181/816/3736 182/814/3736
f 174/1448/3737 1999/1963/3737 1988/1962/3737
f 1999/1963/3738 2000/2021/3738 1988/1962/3738
f 1988/1962/3739 2000/2021/3739 1989/2011/3739
f 2000/2021/3740 2001/2022/3740 1989/2011/3740
f 1989/2011/3741 2001/2022/3741 1990/2012/3741
f 2001/2022/3742 2002/2023/3742 1990/2012/3742
f 1990/2012/3743 2002/2023/3743 1991/2013/3743
f 2002/2023/3744 2003/2024/3744 1991/2013/3744
f 1991/2013/3745 2003/2024/3745 1992/2014/3745
f 2003/2024/3746 2004/2025/3746 1992/2014/3746
f 1992/2014/3747 2004/2025/3747 1993/2015/3747
f 2004/2025/3748 2005/2026/3748 1993/2015/3748
f 1993/2015/3749 2005/2026/3749 1994/2016/3749
f 2005/2026/3750 2006/2027/3750 1994/2016/3750
f 1994/2016/3751 2006/2027/3751 1995/2017/3751
f 2006/2027/3752 2007/2028/3752 1995/2017/3752
f 1995/2017/3753 2007/2028/3753 1996/2018/3753
f 2007/2028/3754 2008/2029/3754 1996/2018/3754
f 1996/2018/3755 2008/2029/3755 1997/2019/3755
f 2008/2029/3756 2009/2030/3756 1997/2019/3756
f 1997/2019/3757 2009/2030/3757 1998/2020/3757
f 2009/2030/3758 2010/2031/3758 1998/2020/3758
f 1998/2020/3759 2010/2031/3759 181/816/3759
f 2010/2031/3760 180/818/3760 181/816/3760
f 175/1447/3761 2011/1964/3761 1999/1963/3761
f 2011/1964/3762 2012/2032/3762 1999/1963/3762
f 1999/1963/3763 2012/2032/3763 2000/2021/3763
f 2012/2032/3764 2013/2033/3764 2000/2021/3764
f 2000/2021/3765 2013/2033/3765 2001/2022/3765
f 2013/2033/3766 2014/2034/3766 2001/2022/3766
f 2001/2022/3767 2014/2034/3767 2002/2023/3767
f 2014/2034/3768 2015/2035/3768 2002/2023/3768
f 2002/2023/3769 2015/2035/3769 2003/2024/3769
f 2015/2035/3770 2016/2036/3770 2003/2024/3770
f 2003/2024/3771 2016/2036/3771 2004/2025/3771
f 2016/2036/3772 2017/2037/3772 2004/2025/3772
f 2004/2025/3773 2017/2037/3773 2005/2026/3773
f 2017/2037/3774 2018/2038/3774 2005/2026/3774
f 2005/2026/3775 2018/2038/3775 2006/2027/3775
f 2018/2038/3776 2019/2039/3776 2006/2027/3776
f 2006/2027/3777 2019/2039/3777 2007/2028/3777
f 2019/2039/3778 2020/2040/3778 2007/2028/3778
f 2007/2028/3779 2020/2040/3779 2008/2029/3779
f 2020/2040/3780 2021/2041/3780 2008/2029/3780
f 2008/2029/3781 2021/2041/3781 2009/2030/3781
f 2021/2041/3782 2022/2042/3782 2009/2030/3782
f 2009/2030/3783 2022/2042/3783 2010/2031/3783
f 2022/2042/3784 2023/2043/3784 2010/2031/3784
f 2010/2031/3785 2023/2043/3785 180/818/3785
f 2023/2043/3786 179/820/3786 180/818/3786
f 176/1446/3787 2024/1965/3787 2011/1964/3787
f 2024/1965/3788 2025/2044/3788 2011/1964/3788
f 2011/1964/3789 2025/2044/3789 2012/2032/3789
f 2025/2044/3790 2026/2045/3790 2012/2032/3790
f 2012/2032/3791 2026/2045/3791 2013/2033/3791
f 2026/2045/3792 2027/2046/3792 2013/2033/3792
f 2013/2033/3793 2027/2046/3793 2014/2034/3793
f 2027/2046/3794 2028/2047/3794 2014/2034/3794
f 2014/2034/3795 2028/2047/3795 2015/2035/3795
f 2028/2047/3796 2029/2048/3796 2015/2035/3796
f 2015/2035/3797 2029/2048/3797 2016/2036/3797
f 2029/2048/3798 2030/2049/3798 2016/2036/3798
f 2016/2036/3799 2030/2049/3799 2017/2037/3799
f 2030/2049/3800 2031/2050/3800 2017/2037/3800
f 2017/2037/3801 2031/2050/3801 2018/2038/3801
f 2031/2050/3802 2032/2051/3802 2018/2038/3802
f 2018/2038/3803 2032/2051/3803 2019/2039/3803
f 2032/2051/3804 2033/2052/3804 2019/2039/3804
f 2019/2039/3805 2033/2052/3805 2020/2040/3805
f 2033/2052/3806 2034/2053/3806 2020/2040/3806
f 2020/2040/3807 2034/2053/3807 2021/2041/3807
f 2034/2053/3808 2035/2054/3808 2021/2041/3808
f 2021/2041/3809 2035/2054/3809 2022/2042/3809
f 2035/2054/3810 2036/2055/3810 2022/2042/3810
f 2022/2042/3811 2036/2055/3811 2023/2043/3811
f 2036/2055/3812 2037/2056/3812 2023/2043/3812
f 2023/2043/3813 2037/2056/3813 179/820/3813
f 2037/2056/3814 178/33/3814 179/820/3814
f 177/16/3815 72/6/3815 2024/1965/3815
f 72/6/3816 71/2057/3816 2024/1965/3816
f 2024/1965/3817 71/2057/3817 2025/2044/3817
f 71/2057/3818 70/2058/3818 2025/2044/3818
f 2025/2044/3819 70/2058/3819 2026/2045/3819
f 70/2058/3820 69/2059/3820 2026/2045/3820
f 2026/2045/3821 69/2059/3821 2027/2046/3821
f 69/2059/3822 68/2060/3822 2027/2046/3822
f 2027/2046/3823 68/2060/3823 2028/2047/3823
f 68/2060/3824 67/2061/3824 2028/2047/3824
f 2028/2047/3825 67/2061/3825 2029/2048/3825
f 67/2061/3826 66/2062/3826 2029/2048/3826
f 2029/2048/3827 66/2062/3827 2030/2049/3827
f 66/2062/3828 65/2063/3828 2030/2049/3828
f 2030/2049/3829 65/2063/3829 2031/2050/3829
f 65/2063/3830 64/2064/3830 2031/2050/3830
f 2031/2050/3831 64/2064/3831 2032/2051/3831
f 64/2064/3832 63/2065/3832 2032/2051/3832
f 2032/2051/3833 63/2065/3833 2033/2052/3833
f 63/2065/3834 62/2066/3834 2033/2052/3834
f 2033/2052/3835 62/2066/3835 2034/2053/3835
f 62/2066/3836 61/2067/3836 2034/2053/3836
f 2034/2053/3837 61/2067/3837 2035/2054/3837
f 61/2067/3838 60/2068/3838 2035/2054/3838
f 2035/2054/3839 60/2068/3839 2036/2055/3839
f 60/2068/3840 59/2069/3840 2036/2055/3840
f 2036/2055/3841 59/2069/3841 2037/2056/3841
f 59/2069/3842 58/2070/3842 2037/2056/3842
f 2037/2056/3843 58/2070/3843 178/33/3843
f 58/2070/3844 6/26/3844 178/33/3844
f 87/2071/3845 162/27/3845 6/26/3845
f 86/2072/3846 2038/2073/3846 87/2071/3846
f 85/2074/3847 2039/2075/3847 86/2072/3847
f 84/2076/3848 2041/2077/3848 85/2074/3848
f 83/2078/3849 2044/2079/3849 84/2076/3849
f 82/2080/3850 2048/2081/3850 83/2078/3850
f 81/2082/3851 2053/2083/3851 82/2080/3851
f 80/2084/3852 2059/2085/3852 81/2082/3852
f 79/2086/3853 2066/2087/3853 80/2084/3853
f 78/2088/3854 2074/2089/3854 79/2086/3854
f 77/2090/3855 2083/2091/3855 78/2088/3855
f 76/2092/3856 2093/2093/3856 77/2090/3856
f 75/2094/3857 2104/2095/3857 76/2092/3857
f 74/2096/3858 2116/2097/3858 75/2094/3858
f 73/15/3859 2129/2098/3859 74/2096/3859
f 87/2071/3860 2038/2073/3860 162/27/3860
f 2038/2073/3861 161/1565/3861 162/27/3861
f 86/2072/3862 2039/2075/3862 2038/2073/3862
f 2039/2075/3863 2040/2099/3863 2038/2073/3863
f 2038/2073/3864 2040/2099/3864 161/1565/3864
f 2040/2099/3865 160/1566/3865 161/1565/3865
f 85/2074/3866 2041/2077/3866 2039/2075/3866
f 2041/2077/3867 2042/2100/3867 2039/2075/3867
f 2039/2075/3868 2042/2100/3868 2040/2099/3868
f 2042/2100/3869 2043/2101/3869 2040/2099/3869
f 2040/2099/3870 2043/2101/3870 160/1566/3870
f 2043/2101/3871 159/1567/3871 160/1566/3871
f 84/2076/3872 2044/2079/3872 2041/2077/3872
f 2044/2079/3873 2045/2102/3873 2041/2077/3873
f 2041/2077/3874 2045/2102/3874 2042/2100/3874
f 2045/2102/3875 2046/2103/3875 2042/2100/3875
f 2042/2100/3876 2046/2103/3876 2043/2101/3876
f 2046/2103/3877 2047/2104/3877 2043/2101/3877
f 2043/2101/3878 2047/2104/3878 159/1567/3878
f 2047/2104/3879 158/1568/3879 159/1567/3879
f 83/2078/3880 2048/2081/3880 2044/2079/3880
f 2048/2081/3881 2049/2105/3881 2044/2079/3881
f 2044/2079/3882 2049/2105/3882 2045/2102/3882
f 2049/2105/3883 2050/2106/3883 2045/2102/3883
f 2045/2102/3884 2050/2106/3884 2046/2103/3884
f 2050/2106/3885 2051/2107/3885 2046/2103/3885
f 2046/2103/3886 2051/2107/3886 2047/2104/3886
f 2051/2107/3887 2052/2108/3887 2047/2104/3887
f 2047/2104/3888 2052/2108/3888 158/1568/3888
f 2052/2108/3889 157/1569/3889 158/1568/3889
f 82/2080/3890 2053/2083/3890 2048/2081/3890
f 2053/2083/3891 2054/2109/3891 2048/2081/3891
f 2048/2081/3892 2054/2109/3892 2049/2105/3892
f 2054/2109/3893 2055/2110/3893 2049/2105/3893
f 2049/2105/3894 2055/2110/3894 2050/2106/3894
f 2055/2110/3895 2056/2111/3895 2050/2106/3895
f 2050/2106/3896 2056/2111/3896 2051/2107/3896
f 2056/2111/3897 2057/2112/3897 2051/2107/3897
f 2051/2107/3898 2057/2112/3898 2052/2108/3898
f 2057/2112/3899 2058/2113/3899 2052/2108/3899
f 2052/2108/3900 2058/2113/3900 157/1569/3900
f 2058/2113/3901 156/1570/3901 157/1569/3901
f 81/2082/3902 2059/2085/3902 2053/2083/3902
f 2059/2085/3903 2060/2114/3903 2053/2083/3903
f 2053/2083/3904 2060/2114/3904 2054/2109/3904
f 2060/2114/3905 2061/2115/3905 2054/2109/3905
f 2054/2109/3906 2061/2115/3906 2055/2110/3906
f 2061/2115/3907 2062/2116/3907 2055/2110/3907
f 2055/2110/3908 2062/2116/3908 2056/2111/3908
f 2062/2116/3909 2063/2117/3909 2056/2111/3909
f 2056/2111/3910 2063/2117/3910 2057/2112/3910
f 2063/2117/3911 2064/2118/3911 2057/2112/3911
f 2057/2112/3912 2064/2118/3912 2058/2113/3912
f 2064/2118/3913 2065/2119/3913 2058/2113/3913
f 2058/2113/3914 2065/2119/3914 156/1570/3914
f 2065/2119/3915 155/1571/3915 156/1570/3915
f 80/2084/3916 2066/2087/3916 2059/2085/3916
f 2066/2087/3917 2067/2120/3917 2059/2085/3917
f 2059/2085/3918 2067/2120/3918 2060/2114/3918
f 2067/2120/3919 2068/2121/3919 2060/2114/3919
f 2060/2114/3920 2068/2121/3920 2061/2115/3920
f 2068/2121/3921 2069/2122/3921 2061/2115/3921
f 2061/2115/3922 2069/2122/3922 2062/2116/3922
f 2069/2122/3923 2070/2123/3923 2062/2116/3923
f 2062/2116/3924 2070/2123/3924 2063/2117/3924
f 2070/2123/3925 2071/2124/3925 2063/2117/3925
f 2063/2117/3926 2071/2124/3926 2064/2118/3926
f 2071/2124/3927 2072/2125/3927 2064/2118/3927
f 2064/2118/3928 2072/2125/3928 2065/2119/3928
f 2072/2125/3929 2073/2126/3929 2065/2119/3929
f 2065/2119/3930 2073/2126/3930 155/1571/3930
f 2073/2126/3931 154/1572/3931 155/1571/3931
f 79/2086/3932 2074/2089/3932 2066/2087/3932
f 2074/2089/3933 2075/2127/3933 2066/2087/3933
f 2066/2087/3934 2075/2127/3934 2067/2120/3934
f 2075/2127/3935 2076/2128/3935 2067/2120/3935
f 2067/2120/3936 2076/2128/3936 2068/2121/3936
f 2076/2128/3937 2077/2129/3937 2068/2121/3937
f 2068/2121/3938 2077/2129/3938 2069/2122/3938
f 2077/2129/3939 2078/2130/3939 2069/2122/3939
f 2069/2122/3940 2078/2130/3940 2070/2123/3940
f 2078/2130/3941 2079/2131/3941 2070/2123/3941
f 2070/2123/3942 2079/2131/3942 2071/2124/3942
f 2079/2131/3943 2080/2132/3943 2071/2124/3943
f 2071/2124/3944 2080/2132/3944 2072/2125/3944
f 2080/2132/3945 2081/2133/3945 2072/2125/3945
f 2072/2125/3946 2081/2133/3946 2073/2126/3946
f 2081/2133/3947 2082/2134/3947 2073/2126/3947
f 2073/2126/3948 2082/2134/3948 154/1572/3948
f 2082/2134/3949 153/1573/3949 154/1572/3949
f 78/2088/3950 2083/2091/3950 2074/2089/3950
f 2083/2091/3951 2084/2135/3951 2074/2089/3951
f 2074/2089/3952 2084/2135/3952 2075/2127/3952
f 2084/2135/3953 2085/2136/3953 2075/2127/3953
f 2075/2127/3954 2085/2136/3954 2076/2128/3954
f 2085/2136/3955 2086/2137/3955 2076/2128/3955
f 2076/2128/3956 2086/2137/3956 2077/2129/3956
f 2086/2137/3957 2087/2138/3957 2077/2129/3957
f 2077/2129/3958 2087/2138/3958 2078/2130/3958
f 2087/2138/3959 2088/2139/3959 2078/2130/3959
f 2078/2130/3960 2088/2139/3960 2079/2131/3960
f 2088/2139/3961 2089/2140/3961 2079/2131/3961
f 2079/2131/3962 2089/2140/3962 2080/2132/3962
f 2089/2140/3963 2090/2141/3963 2080/2132/3963
f 2080/2132/3964 2090/2141/3964 2081/2133/3964
f 2090/2141/3965 2091/2142/3965 2081/2133/3965
f 2081/2133/3966 2091/2142/3966 2082/2134/3966
f 2091/2142/3967 2092/2143/3967 2082/2134/3967
f 2082/2134/3968 2092/2143/3968 153/1573/3968
f 2092/2143/3969 152/1574/3969 153/1573/3969
f 77/2090/3970 2093/2093/3970 2083/2091/3970
f 2093/2093/3971 2094/2144/3971 2083/2091/3971
f 2083/2091/3972 2094/2144/3972 2084/2135/3972
f 2094/2144/3973 2095/2145/3973 2084/2135/3973
f 2084/2135/3974 2095/2145/3974 2085/2136/3974
f 2095/2145/3975 2096/2146/3975 2085/2136/3975
f 2085/2136/3976 2096/2146/3976 2086/2137/3976
f 2096/2146/3977 2097/2147/3977 2086/2137/3977
f 2086/2137/3978 2097/2147/3978 2087/2138/3978
f 2097/2147/3979 2098/2148/3979 2087/2138/3979
f 2087/2138/3980 2098/2148/3980 2088/2139/3980
f 2098/2148/3981 2099/2149/3981 2088/2139/3981
f 2088/2139/3982 2099/2149/3982 2089/2140/3982
f 2099/2149/3983 2100/2150/3983 2089/2140/3983
f 2089/2140/3984 2100/2150/3984 2090/2141/3984
f 2100/2150/3985 2101/2151/3985 2090/2141/3985
f 2090/2141/3986 2101/2151/3986 2091/2142/3986
f 2101/2151/3987 2102/2152/3987 2091/2142/3987
f 2091/2142/3988 2102/2152/3988 2092/2143/3988
f 2102/2152/3989 2103/2153/3989 2092/2143/3989
f 2092/2143/3990 2103/2153/3990 152/1574/3990
f 2103/2153/3991 151/1575/3991 152/1574/3991
f 76/2092/3992 2104/2095/3992 2093/2093/3992
f 2104/2095/3993 2105/2154/3993 2093/2093/3993
f 2093/2093/3994 2105/2154/3994 2094/2144/3994
f 2105/2154/3995 2106/2155/3995 2094/2144/3995
f 2094/2144/3996 2106/2155/3996 2095/2145/3996
f 2106/2155/3997 2107/2156/3997 2095/2145/3997
f 2095/2145/3998 2107/2156/3998 2096/2146/3998
f 2107/2156/3999 2108/2157/3999 2096/2146/3999
f 2096/2146/4000 2108/2157/4000 2097/2147/4000
f 2108/2157/4001 2109/2158/4001 2097/2147/4001
f 2097/2147/4002 2109/2158/4002 2098/2148/4002
f 2109/2158/4003 2110/2159/4003 2098/2148/4003
f 2098/2148/4004 2110/2159/4004 2099/2149/4004
f 2110/2159/4005 2111/2160/4005 2099/2149/4005
f 2099/2149/4006 2111/2160/4006 2100/2150/4006
f 2111/2160/4007 2112/2161/4007 2100/2150/4007
f 2100/2150/4008 2112/2161/4008 2101/2151/4008
f 2112/2161/4009 2113/2162/4009 2101/2151/4009
f 2101/2151/4010 2113/2162/4010 2102/2152/4010
f 2113/2162/4011 2114/2163/4011 2102/2152/4011
f 2102/2152/4012 2114/2163/4012 2103/2153/4012
f 2114/2163/4013 2115/2164/4013 2103/2153/4013
f 2103/2153/4014 2115/2164/4014 151/1575/4014
f 2115/2164/4015 150/1576/4015 151/1575/4015
f 75/2094/4016 2116/2097/4016 2104/2095/4016
f 2116/2097/4017 2117/2165/4017 2104/2095/4017
f 2104/2095/4018 2117/2165/4018 2105/2154/4018
f 2117/2165/4019 2118/2166/4019 2105/2154/4019
f 2105/2154/4020 2118/2166/4020 2106/2155/4020
f 2118/2166/4021 2119/2167/4021 2106/2155/4021
f 2106/2155/4022 2119/2167/4022 2107/2156/4022
f 2119/2167/4023 2120/2168/4023 2107/2156/4023
f 2107/2156/4024 2120/2168/4024 2108/2157/4024
f 2120/2168/4025 2121/2169/4025 2108/2157/4025
f 2108/2157/4026 2121/2169/4026 2109/2158/4026
f 2121/2169/4027 2122/2170/4027 2109/2158/4027
f 2109/2158/4028 2122/2170/4028 2110/2159/4028
f 2122/2170/4029 2123/2171/4029 2110/2159/4029
f 2110/2159/4030 2123/2171/4030 2111/2160/4030
f 2123/2171/4031 2124/2172/4031 2111/2160/4031
f 2111/2160/4032 2124/2172/4032 2112/2161/4032
f 2124/2172/4033 2125/2173/4033 2112/2161/4033
f 2112/2161/4034 2125/2173/4034 2113/2162/4034
f 2125/2173/4035 2126/2174/4035 2113/2162/4035
f 2113/2162/4036 2126/2174/4036 2114/2163/4036
f 2126/2174/4037 2127/2175/4037 2114/2163/4037
f 2114/2163/4038 2127/2175/4038 2115/2164/4038
f 2127/2175/4039 2128/2176/4039 2115/2164/4039
f 2115/2164/4040 2128/2176/4040 150/1576/4040
f 2128/2176/4041 149/1577/4041 150/1576/4041
f 74/2096/4042 2129/2098/4042 2116/2097/4042
f 2129/2098/4043 2130/2177/4043 2116/2097/4043
f 2116/2097/4044 2130/2177/4044 2117/2165/4044
f 2130/2177/4045 2131/2178/4045 2117/2165/4045
f 2117/2165/4046 2131/2178/4046 2118/2166/4046
f 2131/2178/4047 2132/2179/4047 2118/2166/4047
f 2118/2166/4048 2132/2179/4048 2119/2167/4048
f 2132/2179/4049 2133/2180/4049 2119/2167/4049
f 2119/2167/4050 2133/2180/4050 2120/2168/4050
f 2133/2180/4051 2134/2181/4051 2120/2168/4051
f 2120/2168/4052 2134/2181/4052 2121/2169/4052
f 2134/2181/4053 2135/2182/4053 2121/2169/4053
f 2121/2169/4054 2135/2182/4054 2122/2170/4054
f 2135/2182/4055 2136/2183/4055 2122/2170/4055
f 2122/2170/4056 2136/2183/4056 2123/2171/4056
f 2136/2183/4057 2137/2184/4057 2123/2171/4057
f 2123/2171/4058 2137/2184/4058 2124/2172/4058
f 2137/2184/4059 2138/2185/4059 2124/2172/4059
f 2124/2172/4060 2138/2185/4060 2125/2173/4060
f 2138/2185/4061 2139/2186/4061 2125/2173/4061
f 2125/2173/4062 2139/2186/4062 2126/2174/4062
f 2139/2186/4063 2140/2187/4063 2126/2174/4063
f 2126/2174/4064 2140/2187/4064 2127/2175/4064
f 2140/2187/4065 2141/2188/4065 2127/2175/4065
f 2127/2175/4066 2141/2188/4066 2128/2176/4066
f 2141/2188/4067 2142/2189/4067 2128/2176/4067
f 2128/2176/4068 2142/2189/4068 149/1577/4068
f 2142/2189/4069 148/1578/4069 149/1577/4069
f 73/15/4070 132/14/4070 2129/2098/4070
f 132/14/4071 131/2190/4071 2129/2098/4071
f 2129/2098/4072 131/2190/4072 2130/2177/4072
f 131/2190/4073 130/2191/4073 2130/2177/4073
f 2130/2177/4074 130/2191/4074 2131/2178/4074
f 130/2191/4075 129/2192/4075 2131/2178/4075
f 2131/2178/4076 129/2192/4076 2132/2179/4076
f 129/2192/4077 128/2193/4077 2132/2179/4077
f 2132/2179/4078 128/2193/4078 2133/2180/4078
f 128/2193/4079 127/2194/4079 2133/2180/4079
f 2133/2180/4080 127/2194/4080 2134/2181/4080
f 127/2194/4081 126/2195/4081 2134/2181/4081
f 2134/2181/4082 126/2195/4082 2135/2182/4082
f 126/2195/4083 125/2196/4083 2135/2182/4083
f 2135/2182/4084 125/2196/4084 2136/2183/4084
f 125/2196/4085 124/2197/4085 2136/2183/4085
f 2136/2183/4086 124/2197/4086 2137/2184/4086
f 124/2197/4087 123/2198/4087 2137/2184/4087
f 2137/2184/4088 123/2198/4088 2138/2185/4088
f 123/2198/4089 122/2199/4089 2138/2185/4089
f 2138/2185/4090 122/2199/4090 2139/2186/4090
f 122/2199/4091 121/2200/4091 2139/2186/4091
f 2139/2186/4092 121/2200/4092 2140/2187/4092
f 121/2200/4093 120/2201/4093 2140/2187/4093
f 2140/2187/4094 120/2201/4094 2141/2188/4094
f 120/2201/4095 119/2202/4095 2141/2188/4095
f 2141/2188/4096 119/2202/4096 2142/2189/4096
f 119/2202/4097 118/2203/4097 2142/2189/4097
f 2142/2189/4098 118/2203/4098 148/1578/4098
f 118/2203/4099 5/23/4099 148/1578/4099
f 118/2204/4100 147/24/4100 5/23/4100
f 119/2205/4101 2143/2206/4101 118/2204/4101
f 120/2207/4102 2144/2208/4102 119/2205/4102
f 121/2209/4103 2146/2210/4103 120/2207/4103
f 122/2211/4104 2149/2212/4104 121/2209/4104
f 123/2213/4105 2153/2214/4105 122/2211/4105
f 124/2215/4106 2158/2216/4106 123/2213/4106
f 125/2217/4107 2164/2218/4107 124/2215/4107
f 126/2219/4108 2171/2220/4108 125/2217/4108
f 127/2221/4109 2179/2222/4109 126/2219/4109
f 128/2223/4110 2188/2224/4110 127/2221/4110
f 129/2225/4111 2198/2226/4111 128/2223/4111
f 130/2227/4112 2209/2228/4112 129/2225/4112
f 131/2229/4113 2221/2230/4113 130/2227/4113
f 132/12/4114 2234/2231/4114 131/2229/4114
f 118/2204/4115 2143/2206/4115 147/24/4115
f 2143/2206/4116 146/1684/4116 147/24/4116
f 119/2205/4117 2144/2208/4117 2143/2206/4117
f 2144/2208/4118 2145/2232/4118 2143/2206/4118
f 2143/2206/4119 2145/2232/4119 146/1684/4119
f 2145/2232/4120 145/1685/4120 146/1684/4120
f 120/2207/4121 2146/2210/4121 2144/2208/4121
f 2146/2210/4122 2147/2233/4122 2144/2208/4122
f 2144/2208/4123 2147/2233/4123 2145/2232/4123
f 2147/2233/4124 2148/2234/4124 2145/2232/4124
f 2145/2232/4125 2148/2234/4125 145/1685/4125
f 2148/2234/4126 144/1686/4126 145/1685/4126
f 121/2209/4127 2149/2212/4127 2146/2210/4127
f 2149/2212/4128 2150/2235/4128 2146/2210/4128
f 2146/2210/4129 2150/2235/4129 2147/2233/4129
f 2150/2235/4130 2151/2236/4130 2147/2233/4130
f 2147/2233/4131 2151/2236/4131 2148/2234/4131
f 2151/2236/4132 2152/2237/4132 2148/2234/4132
f 2148/2234/4133 2152/2237/4133 144/1686/4133
f 2152/2237/4134 143/1687/4134 144/1686/4134
f 122/2211/4135 2153/2214/4135 2149/2212/4135
f 2153/2214/4136 2154/2238/4136 2149/2212/4136
f 2149/2212/4137 2154/2238/4137 2150/2235/4137
f 2154/2238/4138 2155/2239/4138 2150/2235/4138
f 2150/2235/4139 2155/2239/4139 2151/2236/4139
f 2155/2239/4140 2156/2240/4140 2151/2236/4140
f 2151/2236/4141 2156/2240/4141 2152/2237/4141
f 2156/2240/4142 2157/2241/4142 2152/2237/4142
f 2152/2237/4143 2157/2241/4143 143/1687/4143
f 2157/2241/4144 142/1688/4144 143/1687/4144
f 123/2213/4145 2158/2216/4145 2153/2214/4145
f 2158/2216/4146 2159/2242/4146 2153/2214/4146
f 2153/2214/4147 2159/2242/4147 2154/2238/4147
f 2159/2242/4148 2160/2243/4148 2154/2238/4148
f 2154/2238/4149 2160/2243/4149 2155/2239/4149
f 2160/2243/4150 2161/2244/4150 2155/2239/4150
f 2155/2239/4151 2161/2244/4151 2156/2240/4151
f 2161/2244/4152 2162/2245/4152 2156/2240/4152
f 2156/2240/4153 2162/2245/4153 2157/2241/4153
f 2162/2245/4154 2163/2246/4154 2157/2241/4154
f 2157/2241/4155 2163/2246/4155 142/1688/4155
f 2163/2246/4156 141/1689/4156 142/1688/4156
f 124/2215/4157 2164/2218/4157 2158/2216/4157
f 2164/2218/4158 2165/2247/4158 2158/2216/4158
f 2158/2216/4159 2165/2247/4159 2159/2242/4159
f 2165/2247/4160 2166/2248/4160 2159/2242/4160
f 2159/2242/4161 2166/2248/4161 2160/2243/4161
f 2166/2248/4162 2167/2249/4162 2160/2243/4162
f 2160/2243/4163 2167/2249/4163 2161/2244/4163
f 2167/2249/4164 2168/2250/4164 2161/2244/4164
f 2161/2244/4165 2168/2250/4165 2162/2245/4165
f 2168/2250/4166 2169/2251/4166 2162/2245/4166
f 2162/2245/4167 2169/2251/4167 2163/2246/4167
f 2169/2251/4168 2170/2252/4168 2163/2246/4168
f 2163/2246/4169 2170/2252/4169 141/1689/4169
f 2170/2252/4170 140/1690/4170 141/1689/4170
f 125/2217/4171 2171/2220/4171 2164/2218/4171
f 2171/2220/4172 2172/2253/4172 2164/2218/4172
f 2164/2218/4173 2172/2253/4173 2165/2247/4173
f 2172/2253/4174 2173/2254/4174 2165/2247/4174
f 2165/2247/4175 2173/2254/4175 2166/2248/4175
f 2173/2254/4176 2174/2255/4176 2166/2248/4176
f 2166/2248/4177 2174/2255/4177 2167/2249/4177
f 2174/2255/4178 2175/2256/4178 2167/2249/4178
f 2167/2249/4179 2175/2256/4179 2168/2250/4179
f 2175/2256/4180 2176/2257/4180 2168/2250/4180
f 2168/2250/4181 2176/2257/4181 2169/2251/4181
f 2176/2257/4182 2177/2258/4182 2169/2251/4182
f 2169/2251/4183 2177/2258/4183 2170/2252/4183
f 2177/2258/4184 2178/2259/4184 2170/2252/4184
f 2170/2252/4185 2178/2259/4185 140/1690/4185
f 2178/2259/4186 139/1691/4186 140/1690/4186
f 126/2219/4187 2179/2222/4187 2171/2220/4187
f 2179/2222/4188 2180/2260/4188 2171/2220/4188
f 2171/2220/4189 2180/2260/4189 2172/2253/4189
f 2180/2260/4190 2181/2261/4190 2172/2253/4190
f 2172/2253/4191 2181/2261/4191 2173/2254/4191
f 2181/2261/4192 2182/2262/4192 2173/2254/4192
f 2173/2254/4193 2182/2262/4193 2174/2255/4193
f 2182/2262/4194 2183/2263/4194 2174/2255/4194
f 2174/2255/4195 2183/2263/4195 2175/2256/4195
f 2183/2263/4196 2184/2264/4196 2175/2256/4196
f 2175/2256/4197 2184/2264/4197 2176/2257/4197
f 2184/2264/4198 2185/2265/4198 2176/2257/4198
f 2176/2257/4199 2185/2265/4199 2177/2258/4199
f 2185/2265/4200 2186/2266/4200 2177/2258/4200
f 2177/2258/4201 2186/2266/4201 2178/2259/4201
f 2186/2266/4202 2187/2267/4202 2178/2259/4202
f 2178/2259/4203 2187/2267/4203 139/1691/4203
f 2187/2267/4204 138/1692/4204 139/1691/4204
f 127/2221/4205 2188/2224/4205 2179/2222/4205
f 2188/2224/4206 2189/2268/4206 2179/2222/4206
f 2179/2222/4207 2189/2268/4207 2180/2260/4207
f 2189/2268/4208 2190/2269/4208 2180/2260/4208
f 2180/2260/4209 2190/2269/4209 2181/2261/4209
f 2190/2269/4210 2191/2270/4210 2181/2261/4210
f 2181/2261/4211 2191/2270/4211 2182/2262/4211
f 2191/2270/4212 2192/2271/4212 2182/2262/4212
f 2182/2262/4213 2192/2271/4213 2183/2263/4213
f 2192/2271/4214 2193/2272/4214 2183/2263/4214
f 2183/2263/4215 2193/2272/4215 2184/2264/4215
f 2193/2272/4216 2194/2273/4216 2184/2264/4216
f 2184/2264/4217 2194/2273/4217 2185/2265/4217
f 2194/2273/4218 2195/2274/4218 2185/2265/4218
f 2185/2265/4219 2195/2274/4219 2186/2266/4219
f 2195/2274/4220 2196/2275/4220 2186/2266/4220
f 2186/2266/4221 2196/2275/4221 2187/2267/4221
f 2196/2275/4222 2197/2276/4222 2187/2267/4222
f 2187/2267/4223 2197/2276/4223 138/1692/4223
f 2197/2276/4224 137/1693/4224 138/1692/4224
f 128/2223/4225 2198/2226/4225 2188/2224/4225
f 2198/2226/4226 2199/2277/4226 2188/2224/4226
f 2188/2224/4227 2199/2277/4227 2189/2268/4227
f 2199/2277/4228 2200/2278/4228 2189/2268/4228
f 2189/2268/4229 2200/2278/4229 2190/2269/4229
f 2200/2278/4230 2201/2279/4230 2190/2269/4230
f 2190/2269/4231 2201/2279/4231 2191/2270/4231
f 2201/2279/4232 2202/2280/4232 2191/2270/4232
f 2191/2270/4233 2202/2280/4233 2192/2271/4233
f 2202/2280/4234 2203/2281/4234 2192/2271/4234
f 2192/2271/4235 2203/2281/4235 2193/2272/4235
f 2203/2281/4236 2204/2282/4236 2193/2272/4236
f 2193/2272/4237 2204/2282/4237 2194/2273/4237
f 2204/2282/4238 2205/2283/4238 2194/2273/4238
f 2194/2273/4239 2205/2283/4239 2195/2274/4239
f 2205/2283/4240 2206/2284/4240 2195/2274/4240
f 2195/2274/4241 2206/2284/4241 2196/2275/4241
f 2206/2284/4242 2207/2285/4242 2196/2275/4242
f 2196/2275/4243 2207/2285/4243 2197/2276/4243
f 2207/2285/4244 2208/2286/4244 2197/2276/4244
f 2197/2276/4245 2208/2286/4245 137/1693/4245
f 2208/2286/4246 136/1694/4246 137/1693/4246
f 129/2225/4247 2209/2228/4247 2198/2226/4247
f 2209/2228/4248 2210/2287/4248 2198/2226/4248
f 2198/2226/4249 2210/2287/4249 2199/2277/4249
f 2210/2287/4250 2211/2288/4250 2199/2277/4250
f 2199/2277/4251 2211/2288/4251 2200/2278/4251
f 2211/2288/4252 2212/2289/4252 2200/2278/4252
f 2200/2278/4253 2212/2289/4253 2201/2279/4253
f 2212/2289/4254 2213/2290/4254 2201/2279/4254
f 2201/2279/4255 2213/2290/4255 2202/2280/4255
f 2213/2290/4256 2214/2291/4256 2202/2280/4256
f 2202/2280/4257 2214/2291/4257 2203/2281/4257
f 2214/2291/4258 2215/2292/4258 2203/2281/4258
f 2203/2281/4259 2215/2292/4259 2204/2282/4259
f 2215/2292/4260 2216/2293/4260 2204/2282/4260
f 2204/2282/4261 2216/2293/4261 2205/2283/4261
f 2216/2293/4262 2217/2294/4262 2205/2283/4262
f 2205/2283/4263 2217/2294/4263 2206/2284/4263
f 2217/2294/4264 2218/2295/4264 2206/2284/4264
f 2206/2284/4265 2218/2295/4265 2207/2285/4265
f 2218/2295/4266 2219/2296/4266 2207/2285/4266
f 2207/2285/4267 2219/2296/4267 2208/2286/4267
f 2219/2296/4268 2220/2297/4268 2208/2286/4268
f 2208/2286/4269 2220/2297/4269 136/1694/4269
f 2220/2297/4270 135/1695/4270 136/1694/4270
f 130/2227/4271 2221/2230/4271 2209/2228/4271
f 2221/2230/4272 2222/2298/4272 2209/2228/4272
f 2209/2228/4273 2222/2298/4273 2210/2287/4273
f 2222/2298/4274 2223/2299/4274 2210/2287/4274
f 2210/2287/4275 2223/2299/4275 2211/2288/4275
f 2223/2299/4276 2224/2300/4276 2211/2288/4276
f 2211/2288/4277 2224/2300/4277 2212/2289/4277
f 2224/2300/4278 2225/2301/4278 2212/2289/4278
f 2212/2289/4279 2225/2301/4279 2213/2290/4279
f 2225/2301/4280 2226/2302/4280 2213/2290/4280
f 2213/2290/4281 2226/2302/4281 2214/2291/4281
f 2226/2302/4282 2227/2303/4282 2214/2291/4282
f 2214/2291/4283 2227/2303/4283 2215/2292/4283
f 2227/2303/4284 2228/2304/4284 2215/2292/4284
f 2215/2292/4285 2228/2304/4285 2216/2293/4285
f 2228/2304/4286 2229/2305/4286 2216/2293/4286
f 2216/2293/4287 2229/2305/4287 2217/2294/4287
f 2229/2305/4288 2230/2306/4288 2217/2294/4288
f 2217/2294/4289 2230/2306/4289 2218/2295/4289
f 2230/2306/4290 2231/2307/4290 2218/2295/4290
f 2218/2295/4291 2231/2307/4291 2219/2296/4291
f 2231/2307/4292 2232/2308/4292 2219/2296/4292
f 2219/2296/4293 2232/2308/4293 2220/2297/4293
f 2232/2308/4294 2233/2309/4294 2220/2297/4294
f 2220/2297/4295 2233/2309/4295 135/1695/4295
f 2233/2309/4296 134/1696/4296 135/1695/4296
f 131/2229/4297 2234/2231/4297 2221/2230/4297
f 2234/2231/4298 2235/2310/4298 2221/2230/4298
f 2221/2230/4299 2235/2310/4299 2222/2298/4299
f 2235/2310/4300 2236/2311/4300 2222/2298/4300
f 2222/2298/4301 2236/2311/4301 2223/2299/4301
f 2236/2311/4302 2237/2312/4302 2223/2299/4302
f 2223/2299/4303 2237/2312/4303 2224/2300/4303
f 2237/2312/4304 2238/2313/4304 2224/2300/4304
f 2224/2300/4305 2238/2313/4305 2225/2301/4305
f 2238/2313/4306 2239/2314/4306 2225/2301/4306
f 2225/2301/4307 2239/2314/4307 2226/2302/4307
f 2239/2314/4308 2240/2315/4308 2226/2302/4308
f 2226/2302/4309 2240/2315/4309 2227/2303/4309
f 2240/2315/4310 2241/2316/4310 2227/2303/4310
f 2227/2303/4311 2241/2316/4311 2228/2304/4311
f 2241/2316/4312 2242/2317/4312 2228/2304/4312
f 2228/2304/4313 2242/2317/4313 2229/2305/4313
f 2242/2317/4314 2243/2318/4314 2229/2305/4314
f 2229/2305/4315 2243/2318/4315 2230/2306/4315
f 2243/2318/4316 2244/2319/4316 2230/2306/4316
f 2230/2306/4317 2244/2319/4317 2231/2307/4317
f 2244/2319/4318 2245/2320/4318 2231/2307/4318
f 2231/2307/4319 2245/2320/4319 2232/2308/4319
f 2245/2320/4320 2246/2321/4320 2232/2308/4320
f 2232/2308/4321 2246/2321/4321 2233/2309/4321
f 2246/2321/4322 2247/2322/4322 2233/2309/4322
f 2233/2309/4323 2247/2322/4323 134/1696/4323
f 2247/2322/4324 133/1697/4324 134/1696/4324
f 132/12/4325 102/11/4325 2234/2231/4325
f 102/11/4326 101/2323/4326 2234/2231/4326
f 2234/2231/4327 101/2323/4327 2235/2310/4327
f 101/2323/4328 100/2324/4328 2235/2310/4328
f 2235/2310/4329 100/2324/4329 2236/2311/4329
f 100/2324/4330 99/2325/4330 2236/2311/4330
f 2236/2311/4331 99/2325/4331 2237/2312/4331
f 99/2325/4332 98/2326/4332 2237/2312/4332
f 2237/2312/4333 98/2326/4333 2238/2313/4333
f 98/2326/4334 97/2327/4334 2238/2313/4334
f 2238/2313/4335 97/2327/4335 2239/2314/4335
f 97/2327/4336 96/2328/4336 2239/2314/4336
f 2239/2314/4337 96/2328/4337 2240/2315/4337
f 96/2328/4338 95/2329/4338 2240/2315/4338
f 2240/2315/4339 95/2329/4339 2241/2316/4339
f 95/2329/4340 94/2330/4340 2241/2316/4340
f 2241/2316/4341 94/2330/4341 2242/2317/4341
f 94/2330/4342 93/2331/4342 2242/2317/4342
f 2242/2317/4343 93/2331/4343 2243/2318/4343
f 93/2331/4344 92/2332/4344 2243/2318/4344
f 2243/2318/4345 92/2332/4345 2244/2319/4345
f 92/2332/4346 91/2333/4346 2244/2319/4346
f 2244/2319/4347 91/2333/4347 2245/2320/4347
f 91/2333/4348 90/2334/4348 2245/2320/4348
f 2245/2320/4349 90/2334/4349 2246/2321/4349
f 90/2334/4350 89/2335/4350 2246/2321/4350
f 2246/2321/4351 89/2335/4351 2247/2322/4351
f 89/2335/4352 88/2336/4352 2247/2322/4352
f 2247/2322/4353 88/2336/4353 133/1697/4353
f 88/2336/4354 4/20/4354 133/1697/4354
f 88/2337/4355 117/21/4355 4/20/4355
f 89/2338/4356 2248/2339/4356 88/2337/4356
f 90/2340/4357 2249/2341/4357 89/2338/4357
f 91/2342/4358 2251/2343/4358 90/2340/4358
f 92/2344/4359 2254/2345/4359 91/2342/4359
f 93/2346/4360 2258/2347/4360 92/2344/4360
f 94/2348/4361 2263/2349/4361 93/2346/4361
f 95/2350/4362 2269/2351/4362 94/2348/4362
f 96/2352/4363 2276/2353/4363 95/2350/4363
f 97/2354/4364 2284/2355/4364 96/2352/4364
f 98/2356/4365 2293/2357/4365 97/2354/4365
f 99/2358/4366 2303/2359/4366 98/2356/4366
f 100/2360/4367 2314/2361/4367 99/2358/4367
f 101/2362/4368 2326/2363/4368 100/2360/4368
f 102/9/4369 2339/2364/4369 101/2362/4369
f 88/2337/4370 2248/2339/4370 117/21/4370
f 2248/2339/4371 116/1818/4371 117/21/4371
f 89/2338/4372 2249/2341/4372 2248/2339/4372
f 2249/2341/4373 2250/2365/4373 2248/2339/4373
f 2248/2339/4374 2250/2365/4374 116/1818/4374
f 2250/2365/4375 115/1819/4375 116/1818/4375
f 90/2340/4376 2251/2343/4376 2249/2341/4376
f 2251/2343/4377 2252/2366/4377 2249/2341/4377
f 2249/2341/4378 2252/2366/4378 2250/2365/4378
f 2252/2366/4379 2253/2367/4379 2250/2365/4379
f 2250/2365/4380 2253/2367/4380 115/1819/4380
f 2253/2367/4381 114/1820/4381 115/1819/4381
f 91/2342/4382 2254/2345/4382 2251/2343/4382
f 2254/2345/4383 2255/2368/4383 2251/2343/4383
f 2251/2343/4384 2255/2368/4384 2252/2366/4384
f 2255/2368/4385 2256/2369/4385 2252/2366/4385
f 2252/2366/4386 2256/2369/4386 2253/2367/4386
f 2256/2369/4387 2257/2370/4387 2253/2367/4387
f 2253/2367/4388 2257/2370/4388 114/1820/4388
f 2257/2370/4389 113/1821/4389 114/1820/4389
f 92/2344/4390 2258/2347/4390 2254/2345/4390
f 2258/2347/4391 2259/2371/4391 2254/2345/4391
f 2254/2345/4392 2259/2371/4392 2255/2368/4392
f 2259/2371/4393 2260/2372/4393 2255/2368/4393
f 2255/2368/4394 2260/2372/4394 2256/2369/4394
f 2260/2372/4395 2261/2373/4395 2256/2369/4395
f 2256/2369/4396 2261/2373/4396 2257/2370/4396
f 2261/2373/4397 2262/2374/4397 2257/2370/4397
f 2257/2370/4398 2262/2374/4398 113/1821/4398
f 2262/2374/4399 112/1822/4399 113/1821/4399
f 93/2346/4400 2263/2349/4400 2258/2347/4400
f 2263/2349/4401 2264/2375/4401 2258/2347/4401
f 2258/2347/4402 2264/2375/4402 2259/2371/4402
f 2264/2375/4403 2265/2376/4403 2259/2371/4403
f 2259/2371/4404 2265/2376/4404 2260/2372/4404
f 2265/2376/4405 2266/2377/4405 2260/2372/4405
f 2260/2372/4406 2266/2377/4406 2261/2373/4406
f 2266/2377/4407 2267/2378/4407 2261/2373/4407
f 2261/2373/4408 2267/2378/4408 2262/2374/4408
f 2267/2378/4409 2268/2379/4409 2262/2374/4409
f 2262/2374/4410 2268/2379/4410 112/1822/4410
f 2268/2379/4411 111/1823/4411 112/1822/4411
f 94/2348/4412 2269/2351/4412 2263/2349/4412
f 2269/2351/4413 2270/2380/4413 2263/2349/4413
f 2263/2349/4414 2270/2380/4414 2264/2375/4414
f 2270/2380/4415 2271/2381/4415 2264/2375/4415
f 2264/2375/4416 2271/2381/4416 2265/2376/4416
f 2271/2381/4417 2272/2382/4417 2265/2376/4417
f 2265/2376/4418 2272/2382/4418 2266/2377/4418
f 2272/2382/4419 2273/2383/4419 2266/2377/4419
f 2266/2377/4420 2273/2383/4420 2267/2378/4420
f 2273/2383/4421 2274/2384/4421 2267/2378/4421
f 2267/2378/4422 2274/2384/4422 2268/2379/4422
f 2274/2384/4423 2275/2385/4423 2268/2379/4423
f 2268/2379/4424 2275/2385/4424 111/1823/4424
f 2275/2385/4425 110/1824/4425 111/1823/4425
f 95/2350/4426 2276/2353/4426 2269/2351/4426
f 2276/2353/4427 2277/2386/4427 2269/2351/4427
f 2269/2351/4428 2277/2386/4428 2270/2380/4428
f 2277/2386/4429 2278/2387/4429 2270/2380/4429
f 2270/2380/4430 2278/2387/4430 2271/2381/4430
f 2278/2387/4431 2279/2388/4431 2271/2381/4431
f 2271/2381/4432 2279/2388/4432 2272/2382/4432
f 2279/2388/4433 2280/2389/4433 2272/2382/4433
f 2272/2382/4434 2280/2389/4434 2273/2383/4434
f 2280/2389/4435 2281/2390/4435 2273/2383/4435
f 2273/2383/4436 2281/2390/4436 2274/2384/4436
f 2281/2390/4437 2282/2391/4437 2274/2384/4437
f 2274/2384/4438 2282/2391/4438 2275/2385/4438
f 2282/2391/4439 2283/2392/4439 2275/2385/4439
f 2275/2385/4440 2283/2392/4440 110/1824/4440
f 2283/2392/4441 109/1825/4441 110/1824/4441
f 96/2352/4442 2284/2355/4442 2276/2353/4442
f 2284/2355/4443 2285/2393/4443 2276/2353/4443
f 2276/2353/4444 2285/2393/4444 2277/2386/4444
f 2285/2393/4445 2286/2394/4445 2277/2386/4445
f 2277/2386/4446 2286/2394/4446 2278/2387/4446
f 2286/2394/4447 2287/2395/4447 2278/2387/4447
f 2278/2387/4448 2287/2395/4448 2279/2388/4448
f 2287/2395/4449 2288/2396/4449 2279/2388/4449
f 2279/2388/4450 2288/2396/4450 2280/2389/4450
f 2288/2396/4451 2289/2397/4451 2280/2389/4451
f 2280/2389/4452 2289/2397/4452 2281/2390/4452
f 2289/2397/4453 2290/2398/4453 2281/2390/4453
f 2281/2390/4454 2290/2398/4454 2282/2391/4454
f 2290/2398/4455 2291/2399/4455 2282/2391/4455
f 2282/2391/4456 2291/2399/4456 2283/2392/4456
f 2291/2399/4457 2292/2400/4457 2283/2392/4457
f 2283/2392/4458 2292/2400/4458 109/1825/4458
f 2292/2400/4459 108/1826/4459 109/1825/4459
f 97/2354/4460 2293/2357/4460 2284/2355/4460
f 2293/2357/4461 2294/2401/4461 2284/2355/4461
f 2284/2355/4462 2294/2401/4462 2285/2393/4462
f 2294/2401/4463 2295/2402/4463 2285/2393/4463
f 2285/2393/4464 2295/2402/4464 2286/2394/4464
f 2295/2402/4465 2296/2403/4465 2286/2394/4465
f 2286/2394/4466 2296/2403/4466 2287/2395/4466
f 2296/2403/4467 2297/2404/4467 2287/2395/4467
f 2287/2395/4468 2297/2404/4468 2288/2396/4468
f 2297/2404/4469 2298/2405/4469 2288/2396/4469
f 2288/2396/4470 2298/2405/4470 2289/2397/4470
f 2298/2405/4471 2299/2406/4471 2289/2397/4471
f 2289/2397/4472 2299/2406/4472 2290/2398/4472
f 2299/2406/4473 2300/2407/4473 2290/2398/4473
f 2290/2398/4474 2300/2407/4474 2291/2399/4474
f 2300/2407/4475 2301/2408/4475 2291/2399/4475
f 2291/2399/4476 2301/2408/4476 2292/2400/4476
f 2301/2408/4477 2302/2409/4477 2292/2400/4477
f 2292/2400/4478 2302/2409/4478 108/1826/4478
f 2302/2409/4479 107/1827/4479 108/1826/4479
f 98/2356/4480 2303/2359/4480 2293/2357/4480
f 2303/2359/4481 2304/2410/4481 2293/2357/4481
f 2293/2357/4482 2304/2410/4482 2294/2401/4482
f 2304/2410/4483 2305/2411/4483 2294/2401/4483
f 2294/2401/4484 2305/2411/4484 2295/2402/4484
f 2305/2411/4485 2306/2412/4485 2295/2402/4485
f 2295/2402/4486 2306/2412/4486 2296/2403/4486
f 2306/2412/4487 2307/2413/4487 2296/2403/4487
f 2296/2403/4488 2307/2413/4488 2297/2404/4488
f 2307/2413/4489 2308/2414/4489 2297/2404/4489
f 2297/2404/4490 2308/2414/4490 2298/2405/4490
f 2308/2414/4491 2309/2415/4491 2298/2405/4491
f 2298/2405/4492 2309/2415/4492 2299/2406/4492
f 2309/2415/4493 2310/2416/4493 2299/2406/4493
f 2299/2406/4494 2310/2416/4494 2300/2407/4494
f 2310/2416/4495 2311/2417/4495 2300/2407/4495
f 2300/2407/4496 2311/2417/4496 2301/2408/4496
f 2311/2417/4497 2312/2418/4497 2301/2408/4497
f 2301/2408/4498 2312/2418/4498 2302/2409/4498
f 2312/2418/4499 2313/2419/4499 2302/2409/4499
f 2302/2409/4500 2313/2419/4500 107/1827/4500
f 2313/2419/4501 106/1828/4501 107/1827/4501
f 99/2358/4502 2314/2361/4502 2303/2359/4502
f 2314/2361/4503 2315/2420/4503 2303/2359/4503
f 2303/2359/4504 2315/2420/4504 2304/2410/4504
f 2315/2420/4505 2316/2421/4505 2304/2410/4505
f 2304/2410/4506 2316/2421/4506 2305/2411/4506
f 2316/2421/4507 2317/2422/4507 2305/2411/4507
f 2305/2411/4508 2317/2422/4508 2306/2412/4508
f 2317/2422/4509 2318/2423/4509 2306/2412/4509
f 2306/2412/4510 2318/2423/4510 2307/2413/4510
f 2318/2423/4511 2319/2424/4511 2307/2413/4511
f 2307/2413/4512 2319/2424/4512 2308/2414/4512
f 2319/2424/4513 2320/2425/4513 2308/2414/4513
f 2308/2414/4514 2320/2425/4514 2309/2415/4514
f 2320/2425/4515 2321/2426/4515 2309/2415/4515
f 2309/2415/4516 2321/2426/4516 2310/2416/4516
f 2321/2426/4517 2322/2427/4517 2310/2416/4517
f 2310/2416/4518 2322/2427/4518 2311/2417/4518
f 2322/2427/4519 2323/2428/4519 2311/2417/4519
f 2311/2417/4520 2323/2428/4520 2312/2418/4520
f 2323/2428/4521 2324/2429/4521 2312/2418/4521
f 2312/2418/4522 2324/2429/4522 2313/2419/4522
f 2324/2429/4523 2325/2430/4523 2313/2419/4523
f 2313/2419/4524 2325/2430/4524 106/1828/4524
f 2325/2430/4525 105/1829/4525 106/1828/4525
f 100/2360/4526 2326/2363/4526 2314/2361/4526
f 2326/2363/4527 2327/2431/4527 2314/2361/4527
f 2314/2361/4528 2327/2431/4528 2315/2420/4528
f 2327/2431/4529 2328/2432/4529 2315/2420/4529
f 2315/2420/4530 2328/2432/4530 2316/2421/4530
f 2328/2432/4531 2329/2433/4531 2316/2421/4531
f 2316/2421/4532 2329/2433/4532 2317/2422/4532
f 2329/2433/4533 2330/2434/4533 2317/2422/4533
f 2317/2422/4534 2330/2434/4534 2318/2423/4534
f 2330/2434/4535 2331/2435/4535 2318/2423/4535
f 2318/2423/4536 2331/2435/4536 2319/2424/4536
f 2331/2435/4537 2332/2436/4537 2319/2424/4537
f 2319/2424/4538 2332/2436/4538 2320/2425/4538
f 2332/2436/4539 2333/2437/4539 2320/2425/4539
f 2320/2425/4540 2333/2437/4540 2321/2426/4540
f 2333/2437/4541 2334/2438/4541 2321/2426/4541
f 2321/2426/4542 2334/2438/4542 2322/2427/4542
f 2334/2438/4543 2335/2439/4543 2322/2427/4543
f 2322/2427/4544 2335/2439/4544 2323/2428/4544
f 2335/2439/4545 2336/2440/4545 2323/2428/4545
f 2323/2428/4546 2336/2440/4546 2324/2429/4546
f 2336/2440/4547 2337/2441/4547 2324/2429/4547
f 2324/2429/4548 2337/2441/4548 2325/2430/4548
f 2337/2441/4549 2338/2442/4549 2325/2430/4549
f 2325/2430/4550 2338/2442/4550 105/1829/4550
f 2338/2442/4551 104/1830/4551 105/1829/4551
f 101/2362/4552 2339/2364/4552 2326/2363/4552
f 2339/2364/4553 2340/2443/4553 2326/2363/4553
f 2326/2363/4554 2340/2443/4554 2327/2431/4554
f 2340/2443/4555 2341/2444/4555 2327/2431/4555
f 2327/2431/4556 2341/2444/4556 2328/2432/4556
f 2341/2444/4557 2342/2445/4557 2328/2432/4557
f 2328/2432/4558 2342/2445/4558 2329/2433/4558
f 2342/2445/4559 2343/2446/4559 2329/2433/4559
f 2329/2433/4560 2343/2446/4560 2330/2434/4560
f 2343/2446/4561 2344/2447/4561 2330/2434/4561
f 2330/2434/4562 2344/2447/4562 2331/2435/4562
f 2344/2447/4563 2345/2448/4563 2331/2435/4563
f 2331/2435/4564 2345/2448/4564 2332/2436/4564
f 2345/2448/4565 2346/2449/4565 2332/2436/4565
f 2332/2436/4566 2346/2449/4566 2333/2437/4566
f 2346/2449/4567 2347/2450/4567 2333/2437/4567
f 2333/2437/4568 2347/2450/4568 2334/2438/4568
f 2347/2450/4569 2348/2451/4569 2334/2438/4569
f 2334/2438/4570 2348/2451/4570 2335/2439/4570
f 2348/2451/4571 2349/2452/4571 2335/2439/4571
f 2335/2439/4572 2349/2452/4572 2336/2440/4572
f 2349/2452/4573 2350/2453/4573 2336/2440/4573
f 2336/2440/4574 2350/2453/4574 2337/2441/4574
f 2350/2453/4575 2351/2454/4575 2337/2441/4575
f 2337/2441/4576 2351/2454/4576 2338/2442/4576
f 2351/2454/4577 2352/2455/4577 2338/2442/4577
f 2338/2442/4578 2352/2455/4578 104/1830/4578
f 2352/2455/4579 103/1831/4579 104/1830/4579
f 102/9/4580 27/8/4580 2339/2364/4580
f 27/8/4581 26/2456/4581 2339/2364/4581
f 2339/2364/4582 26/2456/4582 2340/2443/4582
f 26/2456/4583 25/2457/4583 2340/2443/4583
f 2340/2443/4584 25/2457/4584 2341/2444/4584
f 25/2457/4585 24/2458/4585 2341/2444/4585
f 2341/2444/4586 24/2458/4586 2342/2445/4586
f 24/2458/4587 23/2459/4587 2342/2445/4587
f 2342/2445/4588 23/2459/4588 2343/2446/4588
f 23/2459/4589 22/2460/4589 2343/2446/4589
f 2343/2446/4590 22/2460/4590 2344/2447/4590
f 22/2460/4591 21/2461/4591 2344/2447/4591
f 2344/2447/4592 21/2461/4592 2345/2448/4592
f 21/2461/4593 20/2462/4593 2345/2448/4593
f 2345/2448/4594 20/2462/4594 2346/2449/4594
f 20/2462/4595 19/2463/4595 2346/2449/4595
f 2346/2449/4596 19/2463/4596 2347/2450/4596
f 19/2463/4597 18/2464/4597 2347/2450/4597
f 2347/2450/4598 18/2464/4598 2348/2451/4598
f 18/2464/4599 17/2465/4599 2348/2451/4599
f 2348/2451/4600 17/2465/4600 2349/2452/4600
f 17/2465/4601 16/2466/4601 2349/2452/4601
f 2349/2452/4602 16/2466/4602 2350/2453/4602
f 16/2466/4603 15/2467/4603 2350/2453/4603
f 2350/2453/4604 15/2467/4604 2351/2454/4604
f 15/2467/4605 14/2468/4605 2351/2454/4605
f 2351/2454/4606 14/2468/4606 2352/2455/4606
f 14/2468/4607 13/2469/4607 2352/2455/4607
f 2352/2455/4608 13/2469/4608 103/1831/4608
f 13/2469/4609 3/1832/4609 103/1831/4609
f 58/2070/4610 87/2470/4610 6/26/4610
f 59/2069/4611 2353/2471/4611 58/2070/4611
f 60/2068/4612 2354/2472/4612 59/2069/4612
f 61/2067/4613 2356/2473/4613 60/2068/4613
f 62/2066/4614 2359/2474/4614 61/2067/4614
f 63/2065/4615 2363/2475/4615 62/2066/4615
f 64/2064/4616 2368/2476/4616 63/2065/4616
f 65/2063/4617 2374/2477/4617 64/2064/4617
f 66/2062/4618 2381/2478/4618 65/2063/4618
f 67/2061/4619 2389/2479/4619 66/2062/4619
f 68/2060/4620 2398/2480/4620 67/2061/4620
f 69/2059/4621 2408/2481/4621 68/2060/4621
f 70/2058/4622 2419/2482/4622 69/2059/4622
f 71/2057/4623 2431/2483/4623 70/2058/4623
f 72/6/4624 2444/2484/4624 71/2057/4624
f 58/2070/4625 2353/2471/4625 87/2470/4625
f 2353/2471/4626 86/2485/4626 87/2470/4626
f 59/2069/4627 2354/2472/4627 2353/2471/4627
f 2354/2472/4628 2355/2486/4628 2353/2471/4628
f 2353/2471/4629 2355/2486/4629 86/2485/4629
f 2355/2486/4630 85/2487/4630 86/2485/4630
f 60/2068/4631 2356/2473/4631 2354/2472/4631
f 2356/2473/4632 2357/2488/4632 2354/2472/4632
f 2354/2472/4633 2357/2488/4633 2355/2486/4633
f 2357/2488/4634 2358/2489/4634 2355/2486/4634
f 2355/2486/4635 2358/2489/4635 85/2487/4635
f 2358/2489/4636 84/2490/4636 85/2487/4636
f 61/2067/4637 2359/2474/4637 2356/2473/4637
f 2359/2474/4638 2360/2491/4638 2356/2473/4638
f 2356/2473/4639 2360/2491/4639 2357/2488/4639
f 2360/2491/4640 2361/2492/4640 2357/2488/4640
f 2357/2488/4641 2361/2492/4641 2358/2489/4641
f 2361/2492/4642 2362/2493/4642 2358/2489/4642
f 2358/2489/4643 2362/2493/4643 84/2490/4643
f 2362/2493/4644 83/2494/4644 84/2490/4644
f 62/2066/4645 2363/2475/4645 2359/2474/4645
f 2363/2475/4646 2364/2495/4646 2359/2474/4646
f 2359/2474/4647 2364/2495/4647 2360/2491/4647
f 2364/2495/4648 2365/2496/4648 2360/2491/4648
f 2360/2491/4649 2365/2496/4649 2361/2492/4649
f 2365/2496/4650 2366/2497/4650 2361/2492/4650
f 2361/2492/4651 2366/2497/4651 2362/2493/4651
f 2366/2497/4652 2367/2498/4652 2362/2493/4652
f 2362/2493/4653 2367/2498/4653 83/2494/4653
f 2367/2498/4654 82/2499/4654 83/2494/4654
f 63/2065/4655 2368/2476/4655 2363/2475/4655
f 2368/2476/4656 2369/2500/4656 2363/2475/4656
f 2363/2475/4657 2369/2500/4657 2364/2495/4657
f 2369/2500/4658 2370/2501/4658 2364/2495/4658
f 2364/2495/4659 2370/2501/4659 2365/2496/4659
f 2370/2501/4660 2371/2502/4660 2365/2496/4660
f 2365/2496/4661 2371/2502/4661 2366/2497/4661
f 2371/2502/4662 2372/2503/4662 2366/2497/4662
f 2366/2497/4663 2372/2503/4663 2367/2498/4663
f 2372/2503/4664 2373/2504/4664 2367/2498/4664
f 2367/2498/4665 2373/2504/4665 82/2499/4665
f 2373/2504/4666 81/2505/4666 82/2499/4666
f 64/2064/4667 2374/2477/4667 2368/2476/4667
f 2374/2477/4668 2375/2506/4668 2368/2476/4668
f 2368/2476/4669 2375/2506/4669 2369/2500/4669
f 2375/2506/4670 2376/2507/4670 2369/2500/4670
f 2369/2500/4671 2376/2507/4671 2370/2501/4671
f 2376/2507/4672 2377/2508/4672 2370/2501/4672
f 2370/2501/4673 2377/2508/4673 2371/2502/4673
f 2377/2508/4674 2378/2509/4674 2371/2502/4674
f 2371/2502/4675 2378/2509/4675 2372/2503/4675
f 2378/2509/4676 2379/2510/4676 2372/2503/4676
f 2372/2503/4677 2379/2510/4677 2373/2504/4677
f 2379/2510/4678 2380/2511/4678 2373/2504/4678
f 2373/2504/4679 2380/2511/4679 81/2505/4679
f 2380/2511/4680 80/2512/4680 81/2505/4680
f 65/2063/4681 2381/2478/4681 2374/2477/4681
f 2381/2478/4682 2382/2513/4682 2374/2477/4682
f 2374/2477/4683 2382/2513/4683 2375/2506/4683
f 2382/2513/4684 2383/2514/4684 2375/2506/4684
f 2375/2506/4685 2383/2514/4685 2376/2507/4685
f 2383/2514/4686 2384/2515/4686 2376/2507/4686
f 2376/2507/4687 2384/2515/4687 2377/2508/4687
f 2384/2515/4688 2385/2516/4688 2377/2508/4688
f 2377/2508/4689 2385/2516/4689 2378/2509/4689
f 2385/2516/4690 2386/2517/4690 2378/2509/4690
f 2378/2509/4691 2386/2517/4691 2379/2510/4691
f 2386/2517/4692 2387/2518/4692 2379/2510/4692
f 2379/2510/4693 2387/2518/4693 2380/2511/4693
f 2387/2518/4694 2388/2519/4694 2380/2511/4694
f 2380/2511/4695 2388/2519/4695 80/2512/4695
f 2388/2519/4696 79/2520/4696 80/2512/4696
f 66/2062/4697 2389/2479/4697 2381/2478/4697
f 2389/2479/4698 2390/2521/4698 2381/2478/4698
f 2381/2478/4699 2390/2521/4699 2382/2513/4699
f 2390/2521/4700 2391/2522/4700 2382/2513/4700
f 2382/2513/4701 2391/2522/4701 2383/2514/4701
f 2391/2522/4702 2392/2523/4702 2383/2514/4702
f 2383/2514/4703 2392/2523/4703 2384/2515/4703
f 2392/2523/4704 2393/2524/4704 2384/2515/4704
f 2384/2515/4705 2393/2524/4705 2385/2516/4705
f 2393/2524/4706 2394/2525/4706 2385/2516/4706
f 2385/2516/4707 2394/2525/4707 2386/2517/4707
f 2394/2525/4708 2395/2526/4708 2386/2517/4708
f 2386/2517/4709 2395/2526/4709 2387/2518/4709
f 2395/2526/4710 2396/2527/4710 2387/2518/4710
f 2387/2518/4711 2396/2527/4711 2388/2519/4711
f 2396/2527/4712 2397/2528/4712 2388/2519/4712
f 2388/2519/4713 2397/2528/4713 79/2520/4713
f 2397/2528/4714 78/2529/4714 79/2520/4714
f 67/2061/4715 2398/2480/4715 2389/2479/4715
f 2398/2480/4716 2399/2530/4716 2389/2479/4716
f 2389/2479/4717 2399/2530/4717 2390/2521/4717
f 2399/2530/4718 2400/2531/4718 2390/2521/4718
f 2390/2521/4719 2400/2531/4719 2391/2522/4719
f 2400/2531/4720 2401/2532/4720 2391/2522/4720
f 2391/2522/4721 2401/2532/4721 2392/2523/4721
f 2401/2532/4722 2402/2533/4722 2392/2523/4722
f 2392/2523/4723 2402/2533/4723 2393/2524/4723
f 2402/2533/4724 2403/2534/4724 2393/2524/4724
f 2393/2524/4725 2403/2534/4725 2394/2525/4725
f 2403/2534/4726 2404/2535/4726 2394/2525/4726
f 2394/2525/4727 2404/2535/4727 2395/2526/4727
f 2404/2535/4728 2405/2536/4728 2395/2526/4728
f 2395/2526/4729 2405/2536/4729 2396/2527/4729
f 2405/2536/4730 2406/2537/4730 2396/2527/4730
f 2396/2527/4731 2406/2537/4731 2397/2528/4731
f 2406/2537/4732 2407/2538/4732 2397/2528/4732
f 2397/2528/4733 2407/2538/4733 78/2529/4733
f 2407/2538/4734 77/2539/4734 78/2529/4734
f 68/2060/4735 2408/2481/4735 2398/2480/4735
f 2408/2481/4736 2409/2540/4736 2398/2480/4736
f 2398/2480/4737 2409/2540/4737 2399/2530/4737
f 2409/2540/4738 2410/2541/4738 2399/2530/4738
f 2399/2530/4739 2410/2541/4739 2400/2531/4739
f 2410/2541/4740 2411/2542/4740 2400/2531/4740
f 2400/2531/4741 2411/2542/4741 2401/2532/4741
f 2411/2542/4742 2412/2543/4742 2401/2532/4742
f 2401/2532/4743 2412/2543/4743 2402/2533/4743
f 2412/2543/4744 2413/2544/4744 2402/2533/4744
f 2402/2533/4745 2413/2544/4745 2403/2534/4745
f 2413/2544/4746 2414/2545/4746 2403/2534/4746
f 2403/2534/4747 2414/2545/4747 2404/2535/4747
f 2414/2545/4748 2415/2546/4748 2404/2535/4748
f 2404/2535/4749 2415/2546/4749 2405/2536/4749
f 2415/2546/4750 2416/2547/4750 2405/2536/4750
f 2405/2536/4751 2416/2547/4751 2406/2537/4751
f 2416/2547/4752 2417/2548/4752 2406/2537/4752
f 2406/2537/4753 2417/2548/4753 2407/2538/4753
f 2417/2548/4754 2418/2549/4754 2407/2538/4754
f 2407/2538/4755 2418/2549/4755 77/2539/4755
f 2418/2549/4756 76/2550/4756 77/2539/4756
f 69/2059/4757 2419/2482/4757 2408/2481/4757
f 2419/2482/4758 2420/2551/4758 2408/2481/4758
f 2408/2481/4759 2420/2551/4759 2409/2540/4759
f 2420/2551/4760 2421/2552/4760 2409/2540/4760
f 2409/2540/4761 2421/2552/4761 2410/2541/4761
f 2421/2552/4762 2422/2553/4762 2410/2541/4762
f 2410/2541/4763 2422/2553/4763 2411/2542/4763
f 2422/2553/4764 2423/2554/4764 2411/2542/4764
f 2411/2542/4765 2423/2554/4765 2412/2543/4765
f 2423/2554/4766 2424/2555/4766 2412/2543/4766
f 2412/2543/4767 2424/2555/4767 2413/2544/4767
f 2424/2555/4768 2425/2556/4768 2413/2544/4768
f 2413/2544/4769 2425/2556/4769 2414/2545/4769
f 2425/2556/4770 2426/2557/4770 2414/2545/4770
f 2414/2545/4771 2426/2557/4771 2415/2546/4771
f 2426/2557/4772 2427/2558/4772 2415/2546/4772
f 2415/2546/4773 2427/2558/4773 2416/2547/4773
f 2427/2558/4774 2428/2559/4774 2416/2547/4774
f 2416/2547/4775 2428/2559/4775 2417/2548/4775
f 2428/2559/4776 2429/2560/4776 2417/2548/4776
f 2417/2548/4777 2429/2560/4777 2418/2549/4777
f 2429/2560/4778 2430/2561/4778 2418/2549/4778
f 2418/2549/4779 2430/2561/4779 76/2550/4779
f 2430/2561/4780 75/2562/4780 76/2550/4780
f 70/2058/4781 2431/2483/4781 2419/2482/4781
f 2431/2483/4782 2432/2563/4782 2419/2482/4782
f 2419/2482/4783 2432/2563/4783 2420/2551/4783
f 2432/2563/4784 2433/2564/4784 2420/2551/4784
f 2420/2551/4785 2433/2564/4785 2421/2552/4785
f 2433/2564/4786 2434/2565/4786 2421/2552/4786
f 2421/2552/4787 2434/2565/4787 2422/2553/4787
f 2434/2565/4788 2435/2566/4788 2422/2553/4788
f 2422/2553/4789 2435/2566/4789 2423/2554/4789
f 2435/2566/4790 2436/2567/4790 2423/2554/4790
f 2423/2554/4791 2436/2567/4791 2424/2555/4791
f 2436/2567/4792 2437/2568/4792 2424/2555/4792
f 2424/2555/4793 2437/2568/4793 2425/2556/4793
f 2437/2568/4794 2438/2569/4794 2425/2556/4794
f 2425/2556/4795 2438/2569/4795 2426/2557/4795
f 2438/2569/4796 2439/2570/4796 2426/2557/4796
f 2426/2557/4797 2439/2570/4797 2427/2558/4797
f 2439/2570/4798 2440/2571/4798 2427/2558/4798
f 2427/2558/4799 2440/2571/4799 2428/2559/4799
f 2440/2571/4800 2441/2572/4800 2428/2559/4800
f 2428/2559/4801 2441/2572/4801 2429/2560/4801
f 2441/2572/4802 2442/2573/4802 2429/2560/4802
f 2429/2560/4803 2442/2573/4803 2430/2561/4803
f 2442/2573/4804 2443/2574/4804 2430/2561/4804
f 2430/2561/4805 2443/2574/4805 75/2562/4805
f 2443/2574/4806 74/2575/4806 75/2562/4806
f 71/2057/4807 2444/2484/4807 2431/2483/4807
f 2444/2484/4808 2445/2576/4808 2431/2483/4808
f 2431/2483/4809 2445/2576/4809 2432/2563/4809
f 2445/2576/4810 2446/2577/4810 2432/2563/4810
f 2432/2563/4811 2446/2577/4811 2433/2564/4811
f 2446/2577/4812 2447/2578/4812 2433/2564/4812
f 2433/2564/4813 2447/2578/4813 2434/2565/4813
f 2447/2578/4814 2448/2579/4814 2434/2565/4814
f 2434/2565/4815 2448/2579/4815 2435/2566/4815
f 2448/2579/4816 2449/2580/4816 2435/2566/4816
f 2435/2566/4817 2449/2580/4817 2436/2567/4817
f 2449/2580/4818 2450/2581/4818 2436/2567/4818
f 2436/2567/4819 2450/2581/4819 2437/2568/4819
f 2450/2581/4820 2451/2582/4820 2437/2568/4820
f 2437/2568/4821 2451/2582/4821 2438/2569/4821
f 2451/2582/4822 2452/2583/4822 2438/2569/4822
f 2438/2569/4823 2452/2583/4823 2439/2570/4823
f 2452/2583/4824 2453/2584/4824 2439/2570/4824
f 2439/2570/4825 2453/2584/4825 2440/2571/4825
f 2453/2584/4826 2454/2585/4826 2440/2571/4826
f 2440/2571/4827 2454/2585/4827 2441/2572/4827
f 2454/2585/4828 2455/2586/4828 2441/2572/4828
f 2441/2572/4829 2455/2586/4829 2442/2573/4829
f 2455/2586/4830 2456/2587/4830 2442/2573/4830
f 2442/2573/4831 2456/2587/4831 2443/2574/4831
f 2456/2587/4832 2457/2588/4832 2443/2574/4832
f 2443/2574/4833 2457/2588/4833 74/2575/4833
f 2457/2588/4834 73/2589/4834 74/2575/4834
f 72/6/4835 42/5/4835 2444/2484/4835
f 42/5/4836 41/2590/4836 2444/2484/4836
f 2444/2484/4837 41/2590/4837 2445/2576/4837
f 41/2590/4838 40/2591/4838 2445/2576/4838
f 2445/2576/4839 40/2591/4839 2446/2577/4839
f 40/2591/4840 39/2592/4840 2446/2577/4840
f 2446/2577/4841 39/2592/4841 2447/2578/4841
f 39/2592/4842 38/2593/4842 2447/2578/4842
f 2447/2578/4843 38/2593/4843 2448/2579/4843
f 38/2593/4844 37/2594/4844 2448/2579/4844
f 2448/2579/4845 37/2594/4845 2449/2580/4845
f 37/2594/4846 36/2595/4846 2449/2580/4846
f 2449/2580/4847 36/2595/4847 2450/2581/4847
f 36/2595/4848 35/2596/4848 2450/2581/4848
f 2450/2581/4849 35/2596/4849 2451/2582/4849
f 35/2596/4850 34/2597/4850 2451/2582/4850
f 2451/2582/4851 34/2597/4851 2452/2583/4851
f 34/2597/4852 33/2598/4852 2452/2583/4852
f 2452/2583/4853 33/2598/4853 2453/2584/4853
f 33/2598/4854 32/2599/4854 2453/2584/4854
f 2453/2584/4855 32/2599/4855 2454/2585/4855
f 32/2599/4856 31/2600/4856 2454/2585/4856
f 2454/2585/4857 31/2600/4857 2455/2586/4857
f 31/2600/4858 30/2601/4858 2455/2586/4858
f 2455/2586/4859 30/2601/4859 2456/2587/4859
f 30/2601/4860 29/2602/4860 2456/2587/4860
f 2456/2587/4861 29/2602/4861 2457/2588/4861
f 29/2602/4862 28/2603/4862 2457/2588/4862
f 2457/2588/4863 28/2603/4863 73/2589/4863
f 28/2603/4864 1/2604/4864 73/2589/4864
f 13/2605/4865 57/18/4865 3/17/4865
f 14/2606/4866 2458/2607/4866 13/2605/4866
f 15/2608/4867 2459/2609/4867 14/2606/4867
f 16/2610/4868 2461/2611/4868 15/2608/4868
f 17/2612/4869 2464/2613/4869 16/2610/4869
f 18/2614/4870 2468/2615/4870 17/2612/4870
f 19/2616/4871 2473/2617/4871 18/2614/4871
f 20/2618/4872 2479/2619/4872 19/2616/4872
f 21/2620/4873 2486/2621/4873 20/2618/4873
f 22/2622/4874 2494/2623/4874 21/2620/4874
f 23/2624/4875 2503/2625/4875 22/2622/4875
f 24/2626/4876 2513/2627/4876 23/2624/4876
f 25/2628/4877 2524/2629/4877 24/2626/4877
f 26/2630/4878 2536/2631/4878 25/2628/4878
f 27/3/4879 2549/2632/4879 26/2630/4879
f 13/2605/4880 2458/2607/4880 57/18/4880
f 2458/2607/4881 56/1938/4881 57/18/4881
f 14/2606/4882 2459/2609/4882 2458/2607/4882
f 2459/2609/4883 2460/2633/4883 2458/2607/4883
f 2458/2607/4884 2460/2633/4884 56/1938/4884
f 2460/2633/4885 55/1939/4885 56/1938/4885
f 15/2608/4886 2461/2611/4886 2459/2609/4886
f 2461/2611/4887 2462/2634/4887 2459/2609/4887
f 2459/2609/4888 2462/2634/4888 2460/2633/4888
f 2462/2634/4889 2463/2635/4889 2460/2633/4889
f 2460/2633/4890 2463/2635/4890 55/1939/4890
f 2463/2635/4891 54/1940/4891 55/1939/4891
f 16/2610/4892 2464/2613/4892 2461/2611/4892
f 2464/2613/4893 2465/2636/4893 2461/2611/4893
f 2461/2611/4894 2465/2636/4894 2462/2634/4894
f 2465/2636/4895 2466/2637/4895 2462/2634/4895
f 2462/2634/4896 2466/2637/4896 2463/2635/4896
f 2466/2637/4897 2467/2638/4897 2463/2635/4897
f 2463/2635/4898 2467/2638/4898 54/1940/4898
f 2467/2638/4899 53/1941/4899 54/1940/4899
f 17/2612/4900 2468/2615/4900 2464/2613/4900
f 2468/2615/4901 2469/2639/4901 2464/2613/4901
f 2464/2613/4902 2469/2639/4902 2465/2636/4902
f 2469/2639/4903 2470/2640/4903 2465/2636/4903
f 2465/2636/4904 2470/2640/4904 2466/2637/4904
f 2470/2640/4905 2471/2641/4905 2466/2637/4905
f 2466/2637/4906 2471/2641/4906 2467/2638/4906
f 2471/2641/4907 2472/2642/4907 2467/2638/4907
f 2467/2638/4908 2472/2642/4908 53/1941/4908
f 2472/2642/4909 52/1942/4909 53/1941/4909
f 18/2614/4910 2473/2617/4910 2468/2615/4910
f 2473/2617/4911 2474/2643/4911 2468/2615/4911
f 2468/2615/4912 2474/2643/4912 2469/2639/4912
f 2474/2643/4913 2475/2644/4913 2469/2639/4913
f 2469/2639/4914 2475/2644/4914 2470/2640/4914
f 2475/2644/4915 2476/2645/4915 2470/2640/4915
f 2470/2640/4916 2476/2645/4916 2471/2641/4916
f 2476/2645/4917 2477/2646/4917 2471/2641/4917
f 2471/2641/4918 2477/2646/4918 2472/2642/4918
f 2477/2646/4919 2478/2647/4919 2472/2642/4919
f 2472/2642/4920 2478/2647/4920 52/1942/4920
f 2478/2647/4921 51/1943/4921 52/1942/4921
f 19/2616/4922 2479/2619/4922 2473/2617/4922
f 2479/2619/4923 2480/2648/4923 2473/2617/4923
f 2473/2617/4924 2480/2648/4924 2474/2643/4924
f 2480/2648/4925 2481/2649/4925 2474/2643/4925
f 2474/2643/4926 2481/2649/4926 2475/2644/4926
f 2481/2649/4927 2482/2650/4927 2475/2644/4927
f 2475/2644/4928 2482/2650/4928 2476/2645/4928
f 2482/2650/4929 2483/2651/4929 2476/2645/4929
f 2476/2645/4930 2483/2651/4930 2477/2646/4930
f 2483/2651/4931 2484/2652/4931 2477/2646/4931
f 2477/2646/4932 2484/2652/4932 2478/2647/4932
f 2484/2652/4933 2485/2653/4933 2478/2647/4933
f 2478/2647/4934 2485/2653/4934 51/1943/4934
f 2485/2653/4935 50/1944/4935 51/1943/4935
f 20/2618/4936 2486/2621/4936 2479/2619/4936
f 2486/2621/4937 2487/2654/4937 2479/2619/4937
f 2479/2619/4938 2487/2654/4938 2480/2648/4938
f 2487/2654/4939 2488/2655/4939 2480/2648/4939
f 2480/2648/4940 2488/2655/4940 2481/2649/4940
f 2488/2655/4941 2489/2656/4941 2481/2649/4941
f 2481/2649/4942 2489/2656/4942 2482/2650/4942
f 2489/2656/4943 2490/2657/4943 2482/2650/4943
f 2482/2650/4944 2490/2657/4944 2483/2651/4944
f 2490/2657/4945 2491/2658/4945 2483/2651/4945
f 2483/2651/4946 2491/2658/4946 2484/2652/4946
f 2491/2658/4947 2492/2659/4947 2484/2652/4947
f 2484/2652/4948 2492/2659/4948 2485/2653/4948
f 2492/2659/4949 2493/2660/4949 2485/2653/4949
f 2485/2653/4950 2493/2660/4950 50/1944/4950
f 2493/2660/4951 49/1945/4951 50/1944/4951
f 21/2620/4952 2494/2623/4952 2486/2621/4952
f 2494/2623/4953 2495/2661/4953 2486/2621/4953
f 2486/2621/4954 2495/2661/4954 2487/2654/4954
f 2495/2661/4955 2496/2662/4955 2487/2654/4955
f 2487/2654/4956 2496/2662/4956 2488/2655/4956
f 2496/2662/4957 2497/2663/4957 2488/2655/4957
f 2488/2655/4958 2497/2663/4958 2489/2656/4958
f 2497/2663/4959 2498/2664/4959 2489/2656/4959
f 2489/2656/4960 2498/2664/4960 2490/2657/4960
f 2498/2664/4961 2499/2665/4961 2490/2657/4961
f 2490/2657/4962 2499/2665/4962 2491/2658/4962
f 2499/2665/4963 2500/2666/4963 2491/2658/4963
f 2491/2658/4964 2500/2666/4964 2492/2659/4964
f 2500/2666/4965 2501/2667/4965 2492/2659/4965
f 2492/2659/4966 2501/2667/4966 2493/2660/4966
f 2501/2667/4967 2502/2668/4967 2493/2660/4967
f 2493/2660/4968 2502/2668/4968 49/1945/4968
f 2502/2668/4969 48/1946/4969 49/1945/4969
f 22/2622/4970 2503/2625/4970 2494/2623/4970
f 2503/2625/4971 2504/2669/4971 2494/2623/4971
f 2494/2623/4972 2504/2669/4972 2495/2661/4972
f 2504/2669/4973 2505/2670/4973 2495/2661/4973
f 2495/2661/4974 2505/2670/4974 2496/2662/4974
f 2505/2670/4975 2506/2671/4975 2496/2662/4975
f 2496/2662/4976 2506/2671/4976 2497/2663/4976
f 2506/2671/4977 2507/2672/4977 2497/2663/4977
f 2497/2663/4978 2507/2672/4978 2498/2664/4978
f 2507/2672/4979 2508/2673/4979 2498/2664/4979
f 2498/2664/4980 2508/2673/4980 2499/2665/4980
f 2508/2673/4981 2509/2674/4981 2499/2665/4981
f 2499/2665/4982 2509/2674/4982 2500/2666/4982
f 2509/2674/4983 2510/2675/4983 2500/2666/4983
f 2500/2666/4984 2510/2675/4984 2501/2667/4984
f 2510/2675/4985 2511/2676/4985 2501/2667/4985
f 2501/2667/4986 2511/2676/4986 2502/2668/4986
f 2511/2676/4987 2512/2677/4987 2502/2668/4987
f 2502/2668/4988 2512/2677/4988 48/1946/4988
f 2512/2677/4989 47/1947/4989 48/1946/4989
f 23/2624/4990 2513/2627/4990 2503/2625/4990
f 2513/2627/4991 2514/2678/4991 2503/2625/4991
f 2503/2625/4992 2514/2678/4992 2504/2669/4992
f 2514/2678/4993 2515/2679/4993 2504/2669/4993
f 2504/2669/4994 2515/2679/4994 2505/2670/4994
f 2515/2679/4995 2516/2680/4995 2505/2670/4995
f 2505/2670/4996 2516/2680/4996 2506/2671/4996
f 2516/2680/4997 2517/2681/4997 2506/2671/4997
f 2506/2671/4998 2517/2681/4998 2507/2672/4998
f 2517/2681/4999 2518/2682/4999 2507/2672/4999
f 2507/2672/5000 2518/2682/5000 2508/2673/5000
f 2518/2682/5001 2519/2683/5001 2508/2673/5001
f 2508/2673/5002 2519/2683/5002 2509/2674/5002
f 2519/2683/5003 2520/2684/5003 2509/2674/5003
f 2509/2674/5004 2520/2684/5004 2510/2675/5004
f 2520/2684/5005 2521/2685/5005 2510/2675/5005
f 2510/2675/5006 2521/2685/5006 2511/2676/5006
f 2521/2685/5007 2522/2686/5007 2511/2676/5007
f 2511/2676/5008 2522/2686/5008 2512/2677/5008
f 2522/2686/5009 2523/2687/5009 2512/2677/5009
f 2512/2677/5010 2523/2687/5010 47/1947/5010
f 2523/2687/5011 46/1948/5011 47/1947/5011
f 24/2626/5012 2524/2629/5012 2513/2627/5012
f 2524/2629/5013 2525/2688/5013 2513/2627/5013
f 2513/2627/5014 2525/2688/5014 2514/2678/5014
f 2525/2688/5015 2526/2689/5015 2514/2678/5015
f 2514/2678/5016 2526/2689/5016 2515/2679/5016
f 2526/2689/5017 2527/2690/5017 2515/2679/5017
f 2515/2679/5018 2527/2690/5018 2516/2680/5018
f 2527/2690/5019 2528/2691/5019 2516/2680/5019
f 2516/2680/5020 2528/2691/5020 2517/2681/5020
f 2528/2691/5021 2529/2692/5021 2517/2681/5021
f 2517/2681/5022 2529/2692/5022 2518/2682/5022
f 2529/2692/5023 2530/2693/5023 2518/2682/5023
f 2518/2682/5024 2530/2693/5024 2519/2683/5024
f 2530/2693/5025 2531/2694/5025 2519/2683/5025
f 2519/2683/5026 2531/2694/5026 2520/2684/5026
f 2531/2694/5027 2532/2695/5027 2520/2684/5027
f 2520/2684/5028 2532/2695/5028 2521/2685/5028
f 2532/2695/5029 2533/2696/5029 2521/2685/5029
f 2521/2685/5030 2533/2696/5030 2522/2686/5030
f 2533/2696/5031 2534/2697/5031 2522/2686/5031
f 2522/2686/5032 2534/2697/5032 2523/2687/5032
f 2534/2697/5033 2535/2698/5033 2523/2687/5033
f 2523/2687/5034 2535/2698/5034 46/1948/5034
f 2535/2698/5035 45/1949/5035 46/1948/5035
f 25/2628/5036 2536/2631/5036 2524/2629/5036
f 2536/2631/5037 2537/2699/5037 2524/2629/5037
f 2524/2629/5038 2537/2699/5038 2525/2688/5038
f 2537/2699/5039 2538/2700/5039 2525/2688/5039
f 2525/2688/5040 2538/2700/5040 2526/2689/5040
f 2538/2700/5041 2539/2701/5041 2526/2689/5041
f 2526/2689/5042 2539/2701/5042 2527/2690/5042
f 2539/2701/5043 2540/2702/5043 2527/2690/5043
f 2527/2690/5044 2540/2702/5044 2528/2691/5044
f 2540/2702/5045 2541/2703/5045 2528/2691/5045
f 2528/2691/5046 2541/2703/5046 2529/2692/5046
f 2541/2703/5047 2542/2704/5047 2529/2692/5047
f 2529/2692/5048 2542/2704/5048 2530/2693/5048
f 2542/2704/5049 2543/2705/5049 2530/2693/5049
f 2530/2693/5050 2543/2705/5050 2531/2694/5050
f 2543/2705/5051 2544/2706/5051 2531/2694/5051
f 2531/2694/5052 2544/2706/5052 2532/2695/5052
f 2544/2706/5053 2545/2707/5053 2532/2695/5053
f 2532/2695/5054 2545/2707/5054 2533/2696/5054
f 2545/2707/5055 2546/2708/5055 2533/2696/5055
f 2533/2696/5056 2546/2708/5056 2534/2697/5056
f 2546/2708/5057 2547/2709/5057 2534/2697/5057
f 2534/2697/5058 2547/2709/5058 2535/2698/5058
f 2547/2709/5059 2548/2710/5059 2535/2698/5059
f 2535/2698/5060 2548/2710/5060 45/1949/5060
f 2548/2710/5061 44/1950/5061 45/1949/5061
f 26/2630/5062 2549/2632/5062 2536/2631/5062
f 2549/2632/5063 2550/2711/5063 2536/2631/5063
f 2536/2631/5064 2550/2711/5064 2537/2699/5064
f 2550/2711/5065 2551/2712/5065 2537/2699/5065
f 2537/2699/5066 2551/2712/5066 2538/2700/5066
f 2551/2712/5067 2552/2713/5067 2538/2700/5067
f 2538/2700/5068 2552/2713/5068 2539/2701/5068
f 2552/2713/5069 2553/2714/5069 2539/2701/5069
f 2539/2701/5070 2553/2714/5070 2540/2702/5070
f 2553/2714/5071 2554/2715/5071 2540/2702/5071
f 2540/2702/5072 2554/2715/5072 2541/2703/5072
f 2554/2715/5073 2555/2716/5073 2541/2703/5073
f 2541/2703/5074 2555/2716/5074 2542/2704/5074
f 2555/2716/5075 2556/2717/5075 2542/2704/5075
f 2542/2704/5076 2556/2717/5076 2543/2705/5076
f 2556/2717/5077 2557/2718/5077 2543/2705/5077
f 2543/2705/5078 2557/2718/5078 2544/2706/5078
f 2557/2718/5079 2558/2719/5079 2544/2706/5079
f 2544/2706/5080 2558/2719/5080 2545/2707/5080
f 2558/2719/5081 2559/2720/5081 2545/2707/5081
f 2545/2707/5082 2559/2720/5082 2546/2708/5082
f 2559/2720/5083 2560/2721/5083 2546/2708/5083
f 2546/2708/5084 2560/2721/5084 2547/2709/5084
f 2560/2721/5085 2561/2722/5085 2547/2709/5085
f 2547/2709/5086 2561/2722/5086 2548/2710/5086
f 2561/2722/5087 2562/2723/5087 2548/2710/5087
f 2548/2710/5088 2562/2723/5088 44/1950/5088
f 2562/2723/5089 43/1951/5089 44/1950/5089
f 27/3/5090 28/2/5090 2549/2632/5090
f 28/2/5091 29/2724/5091 2549/2632/5091
f 2549/2632/5092 29/2724/5092 2550/2711/5092
f 29/2724/5093 30/2725/5093 2550/2711/5093
f 2550/2711/5094 30/2725/5094 2551/2712/5094
f 30/2725/5095 31/2726/5095 2551/2712/5095
f 2551/2712/5096 31/2726/5096 2552/2713/5096
f 31/2726/5097 32/2727/5097 2552/2713/5097
f 2552/2713/5098 32/2727/5098 2553/2714/5098
f 32/2727/5099 33/2728/5099 2553/2714/5099
f 2553/2714/5100 33/2728/5100 2554/2715/5100
f 33/2728/5101 34/2729/5101 2554/2715/5101
f 2554/2715/5102 34/2729/5102 2555/2716/5102
f 34/2729/5103 35/2730/5103 2555/2716/5103
f 2555/2716/5104 35/2730/5104 2556/2717/5104
f 35/2730/5105 36/2731/5105 2556/2717/5105
f 2556/2717/5106 36/2731/5106 2557/2718/5106
f 36/2731/5107 37/2732/5107 2557/2718/5107
f 2557/2718/5108 37/2732/5108 2558/2719/5108
f 37/2732/5109 38/2733/5109 2558/2719/5109
f 2558/2719/5110 38/2733/5110 2559/2720/5110
f 38/2733/5111 39/2734/5111 2559/2720/5111
f 2559/2720/5112 39/2734/5112 2560/2721/5112
f 39/2734/5113 40/2735/5113 2560/2721/5113
f 2560/2721/5114 40/2735/5114 2561/2722/5114
f 40/2735/5115 41/2736/5115 2561/2722/5115
f 2561/2722/5116 41/2736/5116 2562/2723/5116
f 41/2736/5117 42/2737/5117 2562/2723/5117
f 2562/2723/5118 42/2737/5118 43/1951/5118
f 42/2737/5119 2/4/5119 43/1951/5119
